doc-id,token
avclub.com/article/han-shoot-last-harrison-ford-sits-out-episode-vii--205881,"And while Ford 's role is reportedly >>>"" gigantic ""<<< in the sequel , the production is nevertheless working around him until he 's better , presumably by having the other actors do their scenes opposite a stick holding a tennis ball with a frowny-face painted on it ."
avclub.com/article/judy-greer-is-also-starring-in-brad-birds-emtomorr-101404,"Judy Greer is set to star in Disney 's upcoming , >>>highly secretive<<< science-fiction movie Tomorrowland ."
"avclub.com/chicago/articles/letter-purloined-playwright-david-isaacson,38413/","I had seen a couple plays that the Neo-Futurists have done , and of course they 're >>>famous for mixing up order<<< ."
avclub.com/it-director-wants-jessica-chastain-to-play-bev-in-the-s-1805642990,"The young primary cast of Andy Muschietti 's >>>record-breakingly successful<<< Stephen King adaptation It acquitted themselves pretty well , projecting plucky warmth and authentic terror at the hands of Bill Skarsgård 's Pennywise The Clown ."
avclub.com/tvclub/checking-and-out-american-horror-story-hotel-226434,"But the series has proved so disappointing , even >>>downright confounding<<< , to viewers and critics alike that it 's reasonable to have ( I am so , so , so sorry ) reservations about this newest installation ."
