doc-id,token
avclub.com/article/somehow-that-embeverly-hills-ninjaem-sequel-starri-70623,">>>Nearly four years ago<<< , the unlikely sequel Beverly Hills Ninja 2 was greenlit as the first mainstream Hollywood film to shoot in South Korea , symbolizing just how much America values that special relationship ."
avclub.com/article/the-avqa-questions-we-wont-answer-including-that-s-37927,"Recently , a reader complained that we have n't been answering enough reader questions >>>over at AVQ&A<<< , that we 've been defaulting to staff questions too often ."
avclub.com/article/unstoppable-monster-ridley-scott-ready-film-next-a-255140,">>>Back in March<<< , we reported that Scott said he 'll be "" ready to go again next year "" in terms of making another Alien movie , and in a recent interview with Yahoo! Movies UK ( via Screen Rant ) , he reiterated that point and actually offered a specific timeline for the future of the series ."
"avclub.com/articles/once-upon-a-blog,84565/","When we left the show >>>two weeks ago<<< , Jenna had been faced with this decision , but anyone paying attention would know that the decision itself would likely be saved for next week 's finale ."
"avclub.com/chicago/articles/crosstalk-is-keha-the-nadir-of-contemporary-pop,44555/",But you seem to >>>almost take Ke $ ha 's popularity personally<<< .
