doc-id,token
avclub.com/article/20-years-ago-oz-locked-down-prestige-drama-formula-257963,"It helped cement characterization as one of the gold standards of TV ( not just prestige or cable ) : Oz 's difficult men , in the form of philosopher street kings and working stiffs with 20 years on the job , begat the difficult men of New Jersey , Madison Avenue , >>>and<<< Albuquerque ."
avclub.com/article/let-the-fist-pumping-begin-ijersey-shoreii-xxxi-is-36943,"For the past year or so , the adult-film industry has been churning out XXX parody porns faster than a virgin on prom night , plowing its way through current hits like Scrubs >>>and<<< The Office right on through to spunked-up versions of Hell 's Kitchen and WKRP In Cincinnati ."
avclub.com/article/pixar-working-3-d-rereleases-incredibles-and-ratat-202275,"As part of the company 's continuing commitment to giving audiences more of what they 've seen >>>and<<< liked , Pixar is currently hard at work prepping two Brad Bird movies , The Incredibles and Ratatouille , for 3-D rerelease ."
avclub.com/marvel-announces-wolverine-the-long-night-its-first-s-1821022627,"It 's also worth pointing out that Marvel seems to staking a claim here by centering its first scripted podcast on Wolverine , a character it does not control the movie rights to ( >>>yet<<< ) ."
"avclub.com/milwaukee/articles/mpd-reminds-uwm-students-that-arresting-will-conti,83261/","In a letter from the Division of Student Affairs and the Student Association ( a student government group that knows a thing >>>or<<< three about getting arrested ) , UWM students are warned that the beatings — er , arresting — will continue until morale improves :"
