doc-id,token
avclub.com/article/billy-joel-still-a-istrangeri-8772,( I 've written >>>one<<< or two few myself . )
avclub.com/article/our-most-hated-movies-of-the-90s-86560,"We spent this week talking about the >>>50<<< best films of the '90s , plus films that did n't make it to our consensus list , but that individual writers love ."
avclub.com/article/scott-hutchison-of-frightened-rabbit-39019,", also released in 2008 , helped sustain the buzz , along with constant touring ( including a triumphant performance at the >>>2009<<< Pitchfork Music Festival ) ."
avclub.com/article/the-many-exciting-conclusions-of-breaking-bad-2013-200671,"To save the family by manufacturing and distributing methamphetamine , turn to page >>>two<<< . """
"avclub.com/articles/weekend-box-office-sparta-seizes-american-wallets,15356/","Movies released in early spring usually have limited box-office potential , especially if they 're R-rated , but >>>300<<< , the bloody effects-driven adaptation of Frank Miller 's graphic novel , enjoyed a phenomenal $ 70 million opening weekend , exceeding even the loftiest of expectations ."
