doc-id,token
avclub.com/article/john-carpenter-54316,"But apart from his Masters Of Horror episodes , Carpenter has been largely out of circulation since the failure of 2001 's Ghosts Of Mars ( not counting >>>the<<< brisk business in remakes of his films lately ) ."
avclub.com/article/nate-silver-makes-his-oscar-predictions-using-the--92922,"Nate Silver did make a graph , and his graph says that Argo is a lock for Best Picture , based on all >>>the<<< awards ceremonies before this where Argo has been a lock for Best Picture ."
"avclub.com/articles/here-comes-honey-boo-booit-is-what-it-is,85442/","Those who found >>>the<<< show odious felt that an oblivious , unattractive family and unfortunate little girl were being exploited for the point-and-laugh masses ."
"avclub.com/articles/taste-test-nestle-crunch-limited-edition-girl-scou,81668/","You see , we 've become a bit jaded when it comes to new and interesting foodstuffs : When you 've consumed canned meats of all sorts , >>>every<<< flavor of vodka under the sun , and pretty much an entire pig from brain to lips , it 's hard to know where to go next ."
avclub.com/weekend-box-office-black-panther-and-a-wrinkle-in-time-1823706142,"As for everyone else , A Wrinkle In Time 's No. 2 , $ 33.3 million debut is about right given its mixed reception from critics , as is >>>The<<< Strangers : Prey At Night 's No. 3 , $ 10.5 million bow ."
