doc-id,token
avclub.com/article/dvds-in-brief-april-7-2010-39878,"Also hard to watch , but in a different way , is the accomplished indie debut feature >>>Easier With Practice<<< ( Breaking Glass ) , which chronicles a relationship that starts with a random phone-sex encounter and grows improbably more intimate from there ."
avclub.com/article/em24em-movie-really-is-happening-really-67348,"Of course , he 's been pushing that 2012 start date for >>>a while now<<< , even amid reports that Fox had rejected the initial script , and regardless of the fact that there still is n't a director attached ."
"avclub.com/chicago/articles/portlandia,67781/","The cast of Portlandia recently embarked on a national tour in celebration of the première of the show 's second season , and will be stopping by the >>>The Hideout tonight , Jan. 18<<< ."
avclub.com/tvclub/only-child-107066,"And yet I find myself waiting for those one or two stand-out episodes that feel like nothing else on TV , a "" Return "" or >>>"" One Man 's Trash . ""<<<"
avclub.com/tvclub/the-trip-to-pirates-cove-106878,"Andy 's challenged Bobby at certain points in the series — his nonstop party after Jules rejected him a second time in "" All The Wrong Reasons , "" his embrace of the Ron Mexico persona in >>>"" Between Two Worlds ""<<< — but at those times it was to get Bobby 's head back on straight ."
