doc-id,token
avclub.com/article/bounce-house-ridiculous-christian-rap-song-you-nee-204035,"Today in "" videos that are pretty funny but will probably blow the fuck up and get annoying "" ( >>>ahem<<< ) , Christian rap collaborative Junior Barsity has teamed up with Bounce Veranda to create the most bizarrely beautiful rap and accompanying video about bounce houses the Internet has ever seen ."
avclub.com/article/the-best-tv-series-of-2012-the-ballots-90187,">>>Eureka<<< ( 1 ) To end with another baseball analogy , this is my version of that one random sportswriter who puts Brett Boone on his Hall of Fame ballot just because he deserves that modicum of recognition , dammit ."
"avclub.com/austin/articles/the-av-clubs-free-sxsw-show-is-a-go-and-speaking-o,38567/",INSIDEJason Collett ( With Zeus ) ( 5:15 pm ) Tobacco ( 4:15 pm ) BRAHMS ( 3:15 pm ) Sally Seltmann ( 2:15 pm ) >>>Malachai<<< ( 1:15 pm ) Tigersapien .
"avclub.com/chicago/articles/the-deepbargain-bin-free-tracks-from-snowsera-the,34227/",">>>Snowsera<<< "" Chase The Rabbit "" / "" Stop , Listen """
"avclub.com/twincities/articles/prof-kaiser-von-powderhorn-2,39776/","This is the id of Slug or >>>Trama<<< given full vent , and not yet famous enough to become Eminem-cheeky ."
