doc-id,token
avclub.com/article/edgar-allan-poe-crime-procedural-sexy-60s-stewarde-50619,"( >>>Like<<< Playboy , it 's one of the networks ' attempts to reap the spoils of Mad Men 's production design without blatantly ripping off that show . )"
avclub.com/article/janeane-garofalo-booked-a-co-starring-role-on-one--104584,"This is Bravo 's umpteenth foray >>>into<<< scripted television — an endeavor that , it should be noted , has so far resulted in none of those shows actually making it to air ."
"avclub.com/articles/auditions-3,68080/",Thanks to Todd >>>for<<< jinxing me !
"avclub.com/articles/pilotthe-apology,75770/","As Noel Murray has chronicled on this site >>>in<<< various contexts , SportsCenter was appointment viewing in our house for most of the nineties ."
avclub.com/nick-offerman-wants-to-help-men-be-supportive-feminists-1822558257,"If they have n't stayed silent ( or been accused of assault themselves ) , they 've often provided the world >>>with<<< the worst takes ."
