doc-id,token
avclub.com/article/the-worst-tv-of-2012-90236,>>>Oh Sit<<< !
"avclub.com/articles/oh-no-oh-my-people-problems,49857/","Five years after its twee-riffic debut , >>>Oh No Oh My<<< tries to shake the "" cute "" tag as cutely as possible on the cutely titled People Problems ."
avclub.com/dan-levy-and-john-mulaney-on-the-crowded-comedy-scene-a-1798254740,"I report to the theater at about 6:15 with our wonderful makeup artist for >>>Oh , Hello<<< and the wonderful Annamarie Tendler Mulaney transforms us , and then we have a show at 8 tonight ."
"avclub.com/milwaukee/articles/yeah-yeah-yeahs-at-the-raveeagles-ballroom,28623/",Much has been made about >>>Yeah Yeah Yeahs<<< making a musical overhaul on its latest album .
"avclub.com/twincities/articles/sleigh-bells-jay-farrar-no-age-more,44828/",11/23 : >>>No Age<<< : 7th Street Entry
