doc-id,token
avclub.com/article/eli-roths-cannibal-movie-having-distributor-proble-208533,"So far no one 's stepped up to take over for Open Road ; online rumors suggested Troma might take the film , but let 's get real , even a >>>subpar<<< Eli Roth movie is above Troma 's pay grade ."
avclub.com/article/its-last-call-for-ilast-resorti-91519,"Last Resort ( ABC , 8 p.m. ) : At the end of a week when the cancellation hammer started falling across the dial , one of the >>>first<<< casualties of the television season comes to its premature close ."
"avclub.com/austin/articles/points-of-contention-wine-bars,32492/","Why you 're wrong : To cite just one example , visiting >>>Uncorked<<< — part of the fabled gentrification of E. Seventh Street — is a fairly unpretentious , not overly expensive experience ."
"avclub.com/chicago/articles/curb-your-enthusiasms-jeff-garlin-to-bring-improvi,34584/","The affable , >>>pudding-loving<<< Jeff Garlin is bringing a piece of L.A. to iO on Nov. 5 with a one-night performance of his Upright Citizen 's Brigade theater staple The Combo Platter , a stand-up show where comedians improvise monologues based on audience suggestions ."
avclub.com/content/newswire/weekend_box_office_guru,"Those who have grown tired of Mike Myers ' mugging over the years may be tempted to wallow in some schadenfreude today : Myers ' much >>>maligned<<< new comedy , , which rode in on a sea of bad press , crashed in at No. 4 at the box office this weekend , well behind this week 's other new release , Steve Carell 's redux of '60s spy series ."
