doc-id,token
avclub.com/article/october-10-2011-63022,"Encyclopedia Fuckme And The Case Of The Vanishing EntreeCreator : Anna AnthropyPlatform : BrowserPrice : FreeIn addition to being a talented game designer ( past works include >>>Redder<<< and Lesbian Spider-Queens Of Mars ) , Anna Anthropy writes good smut ."
avclub.com/article/peter-jackson-might-direct-episode-doctor-who-207372,"Jackson was involved with a number of >>>smaller<<< , subtler , quirkier projects in his early days , so it could be a good fit ."
avclub.com/article/this-is-the-end-95994,"Expanding on >>>earlier<<< previews that suggested This Is The End is just an excuse for Judd Apatow 's minions to hang with each other , here 's the red-band trailer for Seth Rogen and Evan Goldberg 's summer comedy , which confirms it 's also an excuse for them to hang out with Rihanna and Emma Watson ."
"avclub.com/articles/cheer,84533/",We 've all spent time and energy watching >>>worse<<< .
avclub.com/skip-your-trip-to-bb-b-tonight-because-broad-city-is-b-1803170169,">>>Younger<<< ( TV Land , 10 p.m. ) : It 's the season four finale , so why not come say goodbye to the delightful Sutton Foster ?"
