doc-id,token
avclub.com/article/in-the-end-of-another-obsolete-industry-the-olsen-105365,"In this week 's >>>latest<<< news of the decline of a once-powerful industry , the Olsen Twins have announced that they will cease the distribution of all acting editions of their brand , switching entirely to an all-fashion designer format ."
avclub.com/article/our-most-hated-movies-of-the-90s-86560,"We spent this week talking about the 50 >>>best<<< films of the '90s , plus films that did n't make it to our consensus list , but that individual writers love ."
avclub.com/article/the-10-best-films-of-the-1890s-87648,"Last week , The A.V. Club took a look at the >>>best<<< films of the 1990s ( a look that proved unexpectedly controversial ) ."
avclub.com/as-donald-trump-returns-to-the-campaign-trail-trevor-n-1798258138,"Well , not in the traditional sense , unless watching a mega-famous metal group argue , record their worst album ( okay , maybe not their >>>worst<<< ) , and hire a band therapist to work out their issues is your idea of a rocking good time ."
avclub.com/nick-offerman-wants-to-help-men-be-supportive-feminists-1822558257,"If they have n't stayed silent ( or been accused of assault themselves ) , they 've often provided the world with the >>>worst<<< takes ."
