doc-id,token
avclub.com/article/and-now-emsleepaway-camp-emwill-also-get-a-reboot-105018,"Continuing the Halloween tradition of remembering our favorite scary movies , then looking to see if the rights are available so we >>>can<<< remake them , former New Line executive Jeff Katz has begun developing a franchise reboot of Sleepaway Camp , the cult 1983 slasher that has yet to be updated , so therefore it must ."
avclub.com/article/friday-buzzkills-may-you-never-23259,"Exploitation , racism , child endangerment … So much madness and we still have n't even gotten to the worst part : All this negative attention at such a crucial time could end up giving Best Picture to , a relatively safe film whose only crime is exploiting the part of people 's brains that >>>ca<<< n't remember Forrest Gump from the first time around"
avclub.com/article/strike-up-istanbul-not-constantinople-ibunheads-ih-100586,"We took extra time to try and find ways to bring the series back for another season , but in the end it simply was n't possible , "" said an ABC Family spokesperson quoted by The Hollywood Reporter , acknowledging that even in an era when you can >>>will<<< a beloved television property back to life with your Kickstarter dollars , eventually everything you love or have loved will die ."
"avclub.com/articles/pick-a-con-any-consomeone-single-someone-blue,68280/","Andy Andy also served as a point of contention , but everyone >>>can<<< agree that "" Do you ever dream you have claws ? """
avclub.com/tvclub/babylon-5-there-all-the-honor-liesand-now-for-a-wo-96869,"Second , formal experiments are often a sign of truly great episodes , as a few of Babylon 5 's contemporaries >>>can<<< attest ."
