doc-id,token
avclub.com/article/best-tv-shows-2014-part-1-212459,"Rixty Minutes , "" >>>"" Close Rick-Counters Of The Rick Kind ""<<<"
avclub.com/article/martin-atkins-13507,"Touring in support of the group 's first album in three years , A New High In Low , >>>Martin Atkins<<< — who has drummed with Ministry , Killing Joke , Nine Inch Nails , and John Lydon 's Public Image Ltd. — leads Pigface 's new incarnation along with former members of Test Dept. , My Life With The Thrill Kill Kult , Dead Can Dance , and Chemlab ."
avclub.com/article/tournament-episodes-needs-you-pick-readers-choice--204993,"Adventure Time , "" Lemonhope "" Black Mirror , "" White Bear "" Brooklyn Nine-Nine , "" The Bet "" Community , >>>"" Cooperative Polygraphy "" Doctor<<< Who , "" The Day Of The Doctor "" Enlisted , "" Vets "" Fargo , "" Buridan 's Ass "" Game Of Thrones , "" The Lion And The Rose "" The Killing , "" Six Minutes "" The Legend Of Korra , "" Beginnings "" Mad Men , "" The Strategy "" Masters Of Sex , "" Catherine "" Orphan Black , "" Governed As It Were By Chance "" Person Of Interest , "" Deus Ex Machina "" Veep , "" Alicia """
avclub.com/practical-magic-director-griffin-dunne-got-an-exorcism-1819879740,"Dunne is in the midst of a comeback as of late , in well-received turns on shows like I Love Dick and >>>House Of Lies<<< , and as the director of an upcoming documentary about writer Joan Didion ."
avclub.com/tvclub/toni-and-candace-return-portlandia-declare-war-pro-233243,"Last season 's >>>"" The Story Of Toni And Candace ""<<< was a prime example of that , going back to the past to see how they fared in a past life as high-powered publishing executives ."
