doc-id,token
avclub.com/article/oj-simpson-trial-witness-weighs-in-on-last-nights--98534,"As the >>>dissection<<< continues of last night 's episode of Game Of Thrones ( a dissection that , if you have n't yet seen the episode , but for some reason are clicking on an article whose headline clearly indicates that the episode will be discussed therein , may cause you to cry "" spoiler , "" likely before you , say , eat silica gel , try using an air mattress to go whitewater rafting , or maybe just walk directly into traffic ) , TMZ has the expert opinion you 've been waiting for : an analysis from a former witness at the O.J. Simpson trial , who can tell us whether all that throat-cutting was realistic ."
avclub.com/article/parks-and-recreation-celebrates-halloween-in-novem-105522,"IN CASE YOU MISSED >>>ITArrow<<< : Hey , this show is getting kind of good !"
"avclub.com/articles/space-geeks-and-johnny-unitas,57219/",""" Space , Geeks , and Johnny Unitas "" ( pilot season , episode 2 ; originally aired June 2 , 1991 ) Close call alert : Last week 's >>>assertion<<< that there are no bad episodes of Pete And Pete nearly burned me this week with "" Space , Geeks , and Johnny Unitas , "" the second stand-alone episode that Nickelodeon aired ."
avclub.com/hbos-westworld-sxsw-event-might-be-one-of-the-best-publ-1823674733,"If you 've been following along with my SXSW >>>coverage<<< this weekend , you know it 's often hard not to bite your tongue at some of the stupider "" activations "" companies put on to try and drum up a few extra tweets for their new brand of facial cleanser or whatever ."
"avclub.com/madison/articles/forward-fest-day-one-the-madness-of-crowds,33057/","A year after we caught them playing the Frequency , opening act >>>Gold<<< seems to have smoothed out the edges of its clamorous post-rock a bit ."
