doc-id,token
avclub.com/article/my-socalled-life-set-the-path-all-teen-shows-would-107274,"There have been plenty of standout shows about teenagers since the saga of Angela Chase died a much-mourned death after one season , but they 've couched their stories in soapy excess ( The O.C. ) or genre trappings ( >>>Buffy<<< and Veronica Mars ) ."
avclub.com/article/nelly-detained-in-texas-for-possession-of-heroin-a-86573,">>>Nelly<<< has joined Fiona Apple and Snoop Dogg on the Texas border stop 's wall of fame after he was pinched there last night for possession of heroin , weed , and a loaded gun ."
avclub.com/article/the-latest-issue-of-ipropheti-illustrates-the-valu-81930,"Jonathan Hickman and Nick Pitarra 's The Manhattan Projects # 4 is densely plotted , high-concept historical sci-fi with a hell of a curveball in the final scene , and Ed Brubaker and Sean Phillips ' >>>Fatale<<< # 6 is the first issue that matches the greatness of the creative team 's Criminal ."
"avclub.com/chicago/articles/listen-to-french-electro-artist-sebastians-endofsu,61242/","French electro artist >>>Sebastian<<< rarely makes appearances stateside , so it 's kind of a treat when he does ."
avclub.com/tvclub/the-simpsons-treehouse-of-horror-xxiv-103758,"Honestly , it 's a joy to watch ( and re-watch , as it only reveals all its pleasures with the help of your DVR and the pause button ) , and while I 'll leave the obsessive cataloguing to the comments , apart from the appearances from the director 's own films like Mimic , >>>Cronos<<< , both Hellboys , Blade II , and Pan 's Labyrinth ( Mr. Burns makes for a perfect Pale Man ) , I found myself grinning most goofily at del Toro 's references to Brian DePalma 's Phantom Of The Paradise ( leading a chorus of the various opera Phantoms ) , and 1977 's The Car ( running Milhouse 's bike off a bridge ) ."
