doc-id,token
avclub.com/article/1993-is-the-first-and-last-time-the-palme-went-to-107695,"Last year , for example , Claire Denis ' >>>Bastards<<< — flawed , troubling , but undeniably a major work — was relegated to Un Certain Regard , the fest 's second-tier competition slate ."
avclub.com/article/graphic-novels-art-comicslate-february-and-early-m-68809,Perhaps the long-overdue collection Lost And Found : Comics 1969-2003 ( >>>Fantagraphics<<< ) will change that .
avclub.com/article/the-directors-guild-has-fallen-back-in-love-with-s-90613,"We 've reached the final piece of the pre-Oscars puzzle that someone who enjoys unusually boring puzzles is assembling , now that the Directors Guild has followed the Screen Actors , >>>Writers<<< , and Producers Guilds in arranging increasingly familiar shapes into a picture of the year in movies ."
"avclub.com/articles/master-plan,83492/","What else is there to look forward to , with the >>>Olympics<<< over , both presidential tickets full up , and now Teen Wolf done for another year ?"
"avclub.com/madison/articles/islands-at-the-memorial-union-terrace,42980/",">>>Islands<<< frontman Nick Thorburn probably gets a lot of questions about when his old band , The Unicorns , is getting back together ."
