doc-id,token
avclub.com/article/pogos-empulp-fictionem-remix-is-a-summer-jam-with--82068,We 're quite familiar with Australian producer/sound-collage artist Pogo and his many great >>>works<<< of awesome beats created out of existing clips .
avclub.com/article/transcending-tribeca-magnus-martens-of-ijackpoti-73237,">>>Headhunters<<< sort of paved the way , and Troll Hunter has paved the way for us , so there is some focus on Norwegian films right now ."
avclub.com/here-are-the-winners-of-the-90th-annual-academy-awards-1823504459,"The 90th annual Academy Awards — a race that went from feeling like anything could happen before the ceremony to a relatively safe ceremony that , despite some memorable >>>presenters<<< , did n't quite live up to the promise of a diverse and exciting slate of nominees — took place earlier tonight at the Dolby Theatre in Los Angeles , California ."
"avclub.com/milwaukee/articles/deerhunter-no-age-and-dan-deacon-at-turner-hall,31465/","( Well , except for No Age 's Randy Randall , whose end-of-show spill made >>>headlines<<< the next day over at Pitchfork ."
avclub.com/mother-is-even-more-harrowing-when-you-watch-it-with-y-1818524016,"As >>>audiences<<< have discovered to their revulsion nationwide , Rosemary 's Baby this ai n't , even if it nods directly and explicitly at Polanski 's domestic horror films ."
