doc-id,token
avclub.com/article/beyond-star-trek-beyond-79-our-most-anticipated-en-229996,"With a run of acclaimed low-key dramas under her belt ( including The Father Of My Children , one of >>>The A.V. Club 's favorite movies of the decade<<< ) , Mia Hansen-Løve now takes on the essential rite of passage of the European arthouse filmmaker : making a movie with Isabelle Huppert ."
"avclub.com/articles/being-flynn,70158/","On paper , Being Flynn sounds dreadful , like David Duchovny 's House Of D , plus a few heavy-handed plot contrivances : >>>Paul Dano<<< stars as an aimless , addiction-prone young man who reunites with his long-estranged father ( Robert De Niro ) when the latter winds up homeless and starts turning up at the New York City shelter where Dano works ."
"avclub.com/articles/sell-out,66190/","( Young himself gave his take on the "" given challenge "" / "" real challenge "" dichotomy in a >>>comment here last month<<< . )"
"avclub.com/chicago/articles/the-hood-internet,75/","In nine months since the site 's debut , the duo has engineered over 100 nuggets of musical irreverence ( like a mash-up of R. Kelly and >>>Broken Social Scene<<< ) , released two best-of mix-tapes , gone "" Internet platinum "" by recording more than a million downloads , remixed new music with Northern California 's hip-hop outfit The Pack and played Metromix 's New York CMJ Showcase with Flosstradamus ."
avclub.com/move-your-clocks-and-plots-forward-9-stories-where-day-1823594076,">>>Seinfeld 's<<< season eight episode "" The Susie "" focuses on a coworker who mistakes Elaine for someone named Susie ( not Suze ) , but its requisite Kramer subplot is driven by Kramer getting impatient about daylight saving time . """
