doc-id,token
avclub.com/article/michael-pena-joins-foxs-broadchurch-remake-106654,"According to TV Line , Michael Peña is set to join the cast of Fox 's upcoming >>>Broadchurch remake<<< , Gracepoint ."
avclub.com/article/robert-smigel-41667,"On Saturday at Park West , co-writers Robert Smigel and >>>Bob Odenkirk<<< will breathe life into one such screenplay : a never-produced but completed Superfans script ."
avclub.com/article/thax-douglas-says-good-byeand-shove-it-38179,"Back in the early '90s , when Smashing Pumpkins and >>>Material Issue<<< and Liz Phair , who was good at the time … To me , that is what Chicago is all about ."
"avclub.com/articles/broken-social-scene-forgiveness-rock-record,40733/","As usual , frontmen Brendan Canning and >>>Kevin Drew<<< take their spirit of inclusiveness too far at times , padding out the hour-long Forgiveness with demo-quality muddles like "" Highway Slipper Jam "" and silly songs about jerking off ."
"avclub.com/milwaukee/articles/win-tickets-and-a-free-trip-to-chicago-via-amtrak,64040/","It certainly does n't help the frequent comparisons , but on last year 's >>>The Orchard<<< , Miles ' sailing vocals and racing numbers , like "" Shadowcasting , "" do well to separate themselves from the baroque-rock pack ."
