doc-id,token
avclub.com/article/nine-inch-nails-really-is-going-to-be-a-band-again-92985,"After nearly four years of distracting himself with soundtrack work , side projects , unsettlingly omniscient streaming services , and some bicep curls , Trent Reznor has confirmed what he 's been saying >>>since late last year<<< : Nine Inch Nails is back , with live dates planned for this summer and on into 2014 , including a "" full-on arena tour of the US this fall . """
avclub.com/article/sean-spicer-still-terrible-twitter-251365,"At least Spicer was n't >>>in cahoots with the Russians<<< before the election — that we know of , anyway ."
avclub.com/article/there-sure-will-be-a-lot-of-characters-and-subplot-88109,"As that would make for a rather dull superhero film , there will be other characters in it — most obviously Sebastian Stan 's Bucky Barnes , confirmed by Variety to reprise the role of the sidekick-turned-titular-Winter Soldier alongside ( >>>as recently rumored<<< ) Scarlett Johansson 's Black Widow , plus Cobie Smulders ' S.H.I.E.L.D. Agent Maria Hill and , of course , Samuel L. Jackson 's Nick Fury , whose participation is required for this to be a Marvel movie , or even just a movie ."
avclub.com/tvclub/comedy-bang-bang-alison-brie-wears-black-mesh-top--206473,"It 's especially deft at spoofing light lifestyle programming , from the >>>first-episode wine-tasting aside with Guy Benoit<<< to last week 's Fieri-noir ."
avclub.com/tvclub/doctor-who-dalek-208717,"Yes , it 's a question that flows directly from his questionable , possibly murderous actions in >>>"" Deep Breath , ""<<< and the episode does a solid job presenting the evidence necessary for Clara 's eventual answer to make sense ."
