doc-id,token
avclub.com/article/big-lake-couldve-gone-100-episodes-only-made-it-10-205408,"Heder 's departure set the show a few steps back before it even began , but the nerves on display in the pilot , >>>"" Josh Comes Home<<< , "" are noticeably calmer in episodes filmed deeper into the show 's production schedule ."
"avclub.com/articles/franks-back-in-business,89071/","When you 're watching a show that 's asked you to accept that this season is built around the idea of remixing and recycling , and that episodes like >>>"" Charlie 's Mom Has Cancer ""<<< are basically reworkings of past stories , it 's a bit weird to get completely new-to-the-show stories like "" Frank 's Back In Business "" or "" Maureen Ponderosa 's Wedding Massacre "" — if we 're buying into this "" recycling "" theme , the least the writers can do is be consistent with it ."
avclub.com/charles-dickens-gets-his-own-superfluous-origin-story-i-1820596408,"It begs for stylized , scenery-moving outrageousness — something along the lines of the late Ken Russell , or at least >>>Darkest Hour 's<<< Joe Wright ."
avclub.com/turns-out-it-s-the-perfect-time-to-watch-wild-west-wome-1820662083,"Late-night talk shows , sure , >>>maybe the occasional animated satire<<< ."
"avclub.com/twincities/articles/mark-mallman-suicide-commandos-jeremy-messersmith,35100/","Nicholas "" The Feelin "" Mrozinski : "" Across the Universe "" Jeremy Messersmith & Zach Coulter ( Solid Gold ) : "" Norwegian Wood "" Heatbox : "" Octopus 's Garden "" Roma Di Luna : "" I >>>Will "" Tim Mahoney<<< : "" We Can Work It Out "" Mark Mallman : "" Fool On The Hill "" The Pachyderm All-Stars : "" Eleanor Rigby "" Dave Simonett ( Trampled By Turtles ) & Friends : "" Two Of Us "" The Pistol Whippin ' Party Penguins : "" I 've Just Seen A Face "" Romantica : "" Something "" Lucy Michelle & The Velvet Lapelles : "" Sexy Sadie "" The Ronny Loew Band : "" Come Together "" Casablanca Orchestra : "" Drive My Car/The Word/What You 're Doing "" Ice Palace : "" Strawberry Fields "" The Suicide Commandos : "" Slow Down "" Anthony Middle School Concert Band : "" Sgt. Pepper 's Medley """
