doc-id,token
avclub.com/article/emlegionem-43077,"She gave the movie a D-minus in >>>her<<< A.V. Club review ( a.k.a. "" the gentleman 's F "" ) , calling it "" boring , "" which is of course the last thing a movie about apocalyptic angels and a murderous deity should be ."
avclub.com/article/man-or-muppet-201317,"It certainly resonated with me in that theater , being a twentysomething married man who 's made appreciating the Muppets on a much deeper level into a major part of >>>his<<< professional career ."
avclub.com/article/scarlett-johanssons-voice-wont-win-a-golden-globe-106056,"Much to the dismay of disembodied voices everywhere , the Hollywood Foreign Press has decided Scarlett Johansson 's vocal performance in Spike Jonze 's new movie , >>>Her<<< , will not be eligible for a supporting actress nomination ."
"avclub.com/chicago/articles/weekend-agenda-aug-2830,32240/",We 've got >>>your<<< fix .
avclub.com/hbos-westworld-sxsw-event-might-be-one-of-the-best-publ-1823674733,"If you 've been following along with >>>my<<< SXSW coverage this weekend , you know it 's often hard not to bite your tongue at some of the stupider "" activations "" companies put on to try and drum up a few extra tweets for their new brand of facial cleanser or whatever ."
