doc-id,token
avclub.com/article/and-now-emsleepaway-camp-emwill-also-get-a-reboot-105018,"Continuing the Halloween tradition of remembering our favorite scary movies , then looking to see if the rights are available so >>>we<<< can remake them , former New Line executive Jeff Katz has begun developing a franchise reboot of Sleepaway Camp , the cult 1983 slasher that has yet to be updated , so therefore it must ."
avclub.com/article/fox-to-end-idollhouseis-first-season-one-episode-s-26433,"After lots of semi-public wrangling between the network and creator Joss Whedon , the show premiered to fairly anemic ratings on Friday nights , but it has enjoyed some renewed critical attention from many ( including >>>myself<<< ) since the sixth episode , "" Man On The Street , "" which found the show moving past standalone stories and into the overarching plot ."
avclub.com/article/mariah-carey-just-launched-her-own-melodic-beverag-205607,"Mariah Carey 's new record , >>>Me<<< ."
"avclub.com/articles/ill-be-your-meyer-lansky,90808/","Some critics ( >>>myself<<< included ) have characterized Bunheads as a show at odds with itself ; given its creator 's tendency to toss her laughter and tears into the same hopper , that really ought to be expected ."
avclub.com/lets-watch-the-years-best-tv-news-bloopers-because-wev-1821510351,"Of course , often times in 2017 just as bad as the news itself has been the dipshits delivering >>>it<<< ."
