doc-id,token
avclub.com/article/beak-lieve-it-or-not-last-nights-iduck-dynasty-ipr-101700,"And that 's not to mention the >>>6.5 million<<< it required for the season-two finale to nest atop the list of highest-rated telecasts in the history of A&E — a network that has increasingly little use for history , art , or entertainment now that it 's aware of colorful Southerners and forced duck puns ."
avclub.com/article/how-outrageous-was-johnny-depps-30000-month-wine-h-252131,"Now , there were some fun details , like the fact that Depp spent >>>more than $ 3 million<<< to blast the ashes of the late writer Hunter S. Thompson out of a specially made cannon ."
avclub.com/article/val-kilmer-was-the-best-batman-says-guy-who-had-va-63305,"Ask any fan about their favorite person to don the cowl and play Batman , and "" Val Kilmer "" is likely to rank somewhere between >>>"" that guy who got body-slammed on the Las Vegas strip ""<<< and "" George Clooney . """
"avclub.com/articles/neighbors,86161/","( Even if the asking price for that experience just shot up from "" not being paid at all "" to more than >>>$ 3.5 million<<< … )"
"avclub.com/chicago/articles/what-this-mustache-taught-me-about-being-a-woman,23752/","As for the prosthetic competition , the same pattern has unfolded thus far , though I do n't think the judges are doing it on purpose ( too much … ) — sure , different people seem to be winning each week , notably >>>not me week one<<< , but that 's because my fellow prosthetic-ers are stepping up to the plate at different times ."
