doc-id,token
avclub.com/article/cookie-dough-and-marshmallow-crispy-oreos-are-a-th-200923,"The A.V. Club is >>>always<<< ready to buy into the promise of differently flavored Oreos , so we raced to the local Bargain Sergeant and purchased both sweet treats ."
avclub.com/article/dvdbd-release-list-072710-43500,"The former comes from Criterion ; the latter from IFC ( and not Criterion , >>>oddly<<< ) ."
avclub.com/article/listen-to-emamokem-the-new-album-from-atoms-for-pe-92676,">>>AMOK<<< , the new album from Thom Yorke 's Atoms For Peace is n't out until next week , but it 's streaming now on the band 's website or below ."
avclub.com/article/new-photos-from-emmad-menem-wish-you-a-merry-chris-95968,"Yes , it 's Christmas — a concept invented by men like Don Draper to sell stockings — and the entire firm is getting into the party spirit we 've seen so many times before >>>now<<< : growing festive sideburns , smiling wanly at nothing , plastering chintzy decorations around the office that illustrate how much cheap artifice goes into creating the illusion of happiness and fulfillment ."
"avclub.com/milwaukee/articles/bruno-johnson-of-palm-tavern-and-the-sugar-maple,1142/",And >>>Furthermore<<< .
