doc-id,token
avclub.com/1821312080,"Genius producer Wendy Riss Gatsiounis >>>also said that Hoffman harassed her<<< when she was younger , actress Kathryn Rossetter said that Hoffman groped her on multiple occasions when they were working on Death Of A Salesman in 1985 , and now three new allegations have come out , with two women saying he sexually assaulted them and a third saying he exposed himself to her when she was in high school ."
avclub.com/article/bon-ivers-justin-vernon-and-james-blake-release-ne-60908,Last week >>>we reported<<< that Bon Iver 's Justin Vernon and British bleep-bloop soul singer James Blake had collaborated on a song .
avclub.com/article/what-pop-culture-that-you-once-loved-became-a-chor-201060,This was n't a new experience for me ; I spent most of high school obsessing with my friends over >>>Magic : The Gathering<<< and various knock-offs .
avclub.com/in-here-and-nows-second-episode-theres-still-no-there-1823111358,"As >>>Gwen Ihnat points out<<< , Kristen and Ashley 's visit to Planned Parenthood is an echo of a similar segment from Six Feet Under ."
avclub.com/minnesota-s-hardcore-punk-pioneers-get-their-du-with-po-1820540565,( She has since publicly responded and >>>fired the manager she used to share with CK<<< . )
