doc-id,token
avclub.com/article/ask-nick-offerman-and-megan-mullally-your-relation-90566,"And Nick , of course , is a modern-day sage who — in addition to demonstrating weekly >>>how to be a man<<< via Parks And Recreation — recently toured the country with Megan to share his "" 10 Tips For Prosperity , "" the first of which is "" Engage in romantic relationships . """
avclub.com/article/fred-willard-will-have-a-hand-in-christopher-guest-85485,">>>As previously reported<<< , the show stars Bridesmaids ' Chris O'Dowd as a man who inherits a box filled with mysterious heirlooms that lead him to connect with the various eccentric , given-to-anecdotal-confession people in his family , including McKean as his father and Begley as his uncle ."
avclub.com/article/game-thrones-writer-hired-pen-magic-gathering-movi-205791,"Fox 's "" potential franchise "" Magic : The Gathering movie , >>>which we reported on back in January<<< , is a delicate proposition ."
avclub.com/article/james-franco-debuts-his-first-music-video-sort-of-58286,">>>As reported earlier this month<<< , Franco has an EP looming on the horizon as one-half of Kalup And Franco , a duo formed with New York-based performance artist Kalup Linzy that found favor with DJ / rupture 's Dutty Artz label , which releases the group 's debut , Turn It Up , in two weeks ."
avclub.com/article/we-bid-farewell-to-ithe-officei-and-met-emhimymems-97919,"Watch : After years of stringing you along , >>>How I Met Your Mother<<< ended this cruel game and finally let you meet the mother ."
