doc-id,token
avclub.com/article/marc-maron-grapples-with-a-brutal-breakup-and-bob--104470,Stuff You Should Know : >>>How The Maori Work<<<
avclub.com/article/mel-brooks-awes-marc-maron-and-how-was-your-week-t-92191,Stuff You Should Know : >>>How Gold Works<<<
avclub.com/article/tracing-ithe-officeis-rise-from-midseason-also-ran-97415,"And if you like those , here are 10 more : "" Basketball "" ( season one , episode five ) ; "" The Dundies "" ( season two , episode one ) "" Office Olympics "" ( season two , episode three ) ; "" Christmas Party "" ( season two , episode 10 ) ; "" Traveling Salesmen "" ( season three , episode 12 ) >>>"" Did I Stutter ? ""<<<"
"avclub.com/articles/elis-comingordnance-tactics,83296/","Casey chooses to pile them up like kindling and blow on the flames until he has an excuse for the big explosion he wants to have with Dana over her dumping the show to Sally in >>>"" How Are Things In Glocca Morra ? ""<<<"
"avclub.com/articles/the-flaming-spittoon-acquisition,65306/",As Todd put it in today 's >>>What 's On Tonight<<< ?
