doc-id,token
avclub.com/article/20-fan-favorite-mst3k-episodes-will-hit-netflix-to-252076,"( >>>Probably due to the fact that Full House is not , was not , and should not be "" beloved . ""<<< )"
"avclub.com/articles/the-whale,88626/","In "" The Whale , "" as in >>>"" Here Comes Treble , ""<<< the new job pulls all of the character 's focus , placing John Krasinski in situations where he must play straight man to seemingly the entire world ."
"avclub.com/chicago/articles/put-that-tshirt-on-4-sortof-weird-things-that-make,35346/","In advance of Kelly 's performances >>>Tuesday and Wednesday at Auditorium Theatre<<< , The A.V. Club takes a look at some of the more unusual aphrodisiacs that get the legendary R&B loverman revved up ."
"avclub.com/milwaukee/articles/ahabs-ghost-after-the-fall,69001/","( Ahab 's Ghost celebrates the release of After The Fall >>>Saturday , March 31 at Quarters<<< . )"
avclub.com/tvclub/someone-builds-better-soldier-unsettling-black-mir-244748,"In the presumably near future , soldiers get an implant , maybe similar to the one we say in >>>"" Playtest , ""<<< although the only physical impact we see is a certain grayness about the eyes ."
