doc-id,token
avclub.com/30-rock-showrunner-robert-carlock-walks-us-through-some-1798231921,""" >>>Hey Baby , What 's Wrong ? ""<<<"
avclub.com/article/ice-cube-and-the-roots-drop-straight-outta-compton-41975,"The video is presumably from Cube 's May 28 appearance on the show to promote , um , the television adaptation of >>>Are We There Yet<<< ?"
avclub.com/article/weekend-box-office-emelysiumem-comes-out-on-top-de-101480,"Bringing up the rear , to absolutely no one 's surprise , was >>>Percy Jackson : Sea Of Monsters<<< , a sequel no one asked for to a film no one loved ."
"avclub.com/articles/the-story-of-the-50,67770/","( Though , to be fair , it seems like a lot of time has passed since the events of >>>"" The 23rd . ""<<< )"
"avclub.com/denver/articles/aeg-pulls-plug-on-mile-high-music-festival,52547/","That does n't go over so well , >>>does it Monolith Festival<<< ?"
