doc-id,token
avclub.com/article/matt-and-kim-cancel-tour-dates-after-injury-253363,"Back in late March , dance pop indie rockers >>>Matt And Kim<<< were forced to cut a set short in Mexico , after drummer Kim Schifino was injured during an enthusiastic entrance to the stage ."
"avclub.com/articles/the-ultimate-thrill,91848/","Michael Manley was a comic book artist before transitioning to the world of animation , and he worked with James Tucker storyboarding "" Holiday Knights "" and >>>"" Cold Comfort , ""<<< two gorgeous episodes ."
avclub.com/its-all-about-her-but-lucifer-still-tries-to-make-it-1822329157,"This was even more glaring when Lucifer would continue to go on about it in "" The Sinnerman "" and >>>"" The Sin Bin , ""<<< only for the Sinnerman to very obviously not be the one responsible ."
"avclub.com/madison/articles/christian-finnegan-at-majestic-theatre,28100/","He does n't always make you feel invested in what he 's saying ( like >>>Louis CK , for example<<< ) , but he 's got a personality and riffing style that could tackle just about any weird , mundane , or vaguely uncomfortable subject matter , and in a very pointed way ."
"avclub.com/milwaukee/articles/the-av-clubs-year-in-mostly-ridiculous-milwaukee-n,66326/","SeptemberThe big story : >>>So long , Cool TV , and thanks for all the StyxLet 's<<< take a moment to remember The Cool TV , the dearly departed music video station that bucked the system by actually playing music videos ."
