doc-id,token
avclub.com/alicia-florrick-t-t-t-tells-us-what-s-her-fantasy-1798277311,">>>Hitch<<< ( ABC Family , 9 p.m )"
avclub.com/article/christmas-comes-early-with-new-holiday-releases-fr-88634,"This record comes out at a tough time for the band , which had to recently >>>cancel<<< a whole slew of tour dates due to frontman Billie Joe Armstrong 's ongoing stint in rehab ."
avclub.com/article/update-stone-temple-pilots-officially-terminate-sc-93057,"The band had to >>>cancel<<< dates in 2010 because of the frontman 's drunkenness and vocal troubles , and more recently , there 's been reported tumult within the group , stemming from Weiland 's insistence that he would play STP material on an upcoming solo tour ."
"avclub.com/articles/fall-schedule-announcements-the-cw-lets-sarah-mich,56310/","In keeping with A.V. Club tradition , Carrie Raisler will be forced to >>>review<<< every single one of these shows at some point ."
"avclub.com/articles/swiss-diplomacy,82698/",This we know is true ( unless he 's the kind of guy who would >>>fire<<< his entire writing staff except for his ex-girlfriend ) .
