doc-id,token
avclub.com/article/amc-at-the-tcas-imad-meni-return-date-is-official--67678,"AMC 's Television Critics Association press tour session got a bit of a drag when Jon Hamm >>>leaked<<< a few days ago that Mad Men 's fifth season would launch Sunday , March 25 ."
avclub.com/article/hear-peter-bucks-first-solo-track-10-million-bc-81440,"As we >>>mentioned<<< earlier this year , Buck has been chipping away at what will likely be his solo debut though there 's still no release date ."
avclub.com/article/listen-to-a-new-single-from-deltron-3030-and-get-r-91199,"Late last summer , the group >>>promised<<< a new record , tentatively titled Deltron 3030 : Event II ."
avclub.com/article/readers-remember-crappy-atari-games-werent-et-204110,"Kyle O'Reilly >>>argued<<< that being completely original is really hard , and there 's nothing wrong with putting a new spin on old ideas :"
avclub.com/halt-and-catch-fire-season-finale-commits-mutiny-maybe-1798282516,"We here at What 's On Tonight : Sunday Edition once >>>called<<< Grantchester the most British "" option on television this night or maybe any night , ever . """
