doc-id,token
avclub.com/article/ben-stiller-will-direct-and-star-serious-films-abo-202954,"When not >>>hobnobbing<<< with history 's greatest waxwork figures or publicly staring down Robert De Niro , Ben Stiller is a serious artist with serious ambitions to do serious work ."
avclub.com/article/here-are-some-photos-taken-astronauts-look-shots-g-201774,"After >>>sweeping<<< through the technical awards at this year 's Oscars , Gravity has established itself as the prettiest movie of 2013 ."
avclub.com/article/patton-oswalt-61121,AVC : Last year was kind of weird for you in that people kept >>>stealing<<< your material .
avclub.com/article/solange-broadcast-and-dropkick-murphys-kick-off-20-90568,"Pick Of The Week : NewSolange , >>>TrueBeing<<< the little sister of perfect pop diva Beyoncé , Solange Knowles has a lot to live up to ."
avclub.com/article/worlds-greatest-uber-driver-has-nes-back-seat-253876,"Uber 's been thirsty for some good press lately , what with the ride-sharing juggernaut 's unsavory business practices — from the >>>spying<<< to the sexism to its own CEO 's general douchiness — coming to light ."
