doc-id,token
avclub.com/article/aziz-ansari-up-in-this-piece-with-a-jay-z-exclusiv-32454,"As >>>noted<<< over at our city site A.V. Club New York , savvy super-meta-comic ( or should that be meta-super-comic ? )"
avclub.com/article/doctor-whos-12th-doctor-will-definitely-wear-cloth-107301,Then there 's his first onscreen appearance ( which kind of already >>>happened<<< twice ) .
avclub.com/article/showtimes-president-wont-rule-out-a-emdexter-emspi-96795,"Though Showtime has >>>confirmed<<< the upcoming eighth season of Dexter will indeed be the last one that you hear about , before joking that you thought it ended in season four , network president David Nevins is , as always , not yet ready to say goodbye ."
avclub.com/article/syfy-air-epic-miniseries-about-space-murder-202219,"As part of its recently announced strategy to focus more on sweeping , thoughtful science fiction that taps into what it means to be human being in a rapidly changing world — and to focus less on , say , a bunch of sharks >>>caught<<< in a violent weather pattern — Syfy has ordered a six-hour miniseries called Ascension ."
avclub.com/tvclub/arrested-development-the-complete-fourth-season-98292,"EA : As I 've >>>written<<< elsewhere , this is one of my biggest fears concerning the new episodes , but "" Flight Of The Phoenix "" and "" Borderline Personalities "" use callbacks much in the same way any episode in the first three seasons would : organically , and with minimal fanfare ."
