doc-id,token
avclub.com/article/avengers-infinity-war-will-only-feature-67-charact-230557,"Basically , the crossovers between Marvel 's films and television shows ( there >>>are<<< so many now ) are becoming increasingly complicated ."
avclub.com/article/star-wars-casting-still-expected-add-requisite-one-204020,"Yesterday saw the >>>reveal<<< of the Star Wars : Episode VII – Everyone Made Babies cast , with the Internet at long last making the jump from the vacuum of empty speculation to the hyperspace of writing angry thinkpieces ."
avclub.com/article/this-imean-girlsi-meets-imad-men-itumblr-is-so-fet-94172,"Yes , yes , we know , Tumblrs mashing up quotes from different movies and TV shows >>>are<<< nothing new , and most of them are heh-worthy at best ."
avclub.com/tvclub/emhow-to-live-with-your-parents-for-the-rest-of-yo-96018,"Garrett and Perkins >>>know<<< from comedies where intergenerational strife could be played for caustic laughs , so it 's a change of pace to see them as reforming hippie-dippy types who 'd never intentionally hurt Polly 's feelings ."
avclub.com/tvclub/new-girl-sister-iii-201808,( Especially when the Millers >>>get<<< involved . )
