doc-id,token
avclub.com/article/three-of-our-top-five-films-of-2012-including-emth-93035,"According to The A.V. Club 's Nathan Rabin , the sequel >>>exacerbates<<< the problem : "" [ It 's ] burdened with having to laboriously unpack so much conflicting information about the haunted town and child-demon at the center of its faltering , humorless narrative that a more honest title would be Silent Hill : Exposition . """
"avclub.com/articles/coachs-daughterany-friend-of-dianes,65700/","Guest >>>compares<<< Diane with TV 's Zooey Deschanel : "" So Diane is easily my favorite character at this point , no question ."
"avclub.com/articles/ill-be-seeing-you,72458/",Walrus >>>notes<<< a shift we 'll see as we dig deeper into the series :
"avclub.com/articles/old-flamesmanager-coach,70336/",Larrybaby >>>thinks<<< Cheers ' academic world has a bias :
avclub.com/spoiler-space-tig-notaro-boyish-girl-interrupted-1798184792,"Notaro herself >>>says<<< , "" Make no mistake ."
