doc-id,token
avclub.com/article/how-persona-5-lets-down-its-gay-players-254102,Seth Carlson >>>weighed in<<<
avclub.com/article/what-fictional-older-sibling-did-you-most-admire-207456,"We do n't see a lot of Barry — he 's only in one episode , >>>"" Noshing and Moshing ""<<< — but he comes across as a nerd who 's learned to be comfortable with himself ."
"avclub.com/chicago/articles/mustache-endgame,24056/","In the process , I 've interviewed Mike Ditka , angered some white supremacists , and >>>mastered some one-hand puppetry<<< ."
"avclub.com/milwaukee/articles/celebrate-saturdays-record-store-day-all-week-long,54379/",Finishing things off will be none other than post-punk legend Mike Watt — he of The Minutemen — who will also play a show >>>later in the evening at Shank Hall<<< .
avclub.com/tvclub/futurama-saturday-morning-fun-pit-99823,"With this last season being >>>generally so strong<<< , let 's just call it an aberration and move on ."
