doc-id,token
avclub.com/article/dane-cook-is-a-loud-jerk-who-makes-terrible-projec-81822,"Cook joins co-stars Richard Kind , Jesse Tyler Ferguson , and Rebecca Romijn by stomping into the role of Franz Liebkind , the Nazi scribe behind the musical Springtime For Hitler , and a man given to screaming stuff that reads as comedy for some people , based mostly on how >>>inappropriate and loud<<< it is ."
avclub.com/article/ibest-showis-pledge-drive-kicks-off-strong-and-ipr-93428,Stuff You Should Know : >>>How The Papacy Works<<<
avclub.com/article/icomedy-bang-bangi-doubles-down-on-el-chupacabra-a-96104,Stuff You Should Know : >>>How The Panama Canal Works<<<
avclub.com/article/slash-geeks-out-about-dinosaurs-horatio-sanz-opens-104140,Stuff You Should Know : >>>How Handwriting Analysis Works<<<
"avclub.com/milwaukee/articles/is-my-milwaukee-really-our-milwaukee,81299/","( >>>How 'd that whole thing pan out<<< , anyway ? )"
