doc-id,token
avclub.com/article/dissenting-opinions-jackie-and-krisha-247150,"Coincidentally , earlier in the week I watched Stony Island , the debut feature by Andrew Davis , the director who would go on to launch the career of Steven Seagal ( whose >>>latest garbage movie<<< I reviewed this week ) , on which Shults ' aunt and star , Krisha Fairchild , is credited as a production assistant ."
avclub.com/article/matt-walsh-chills-with-iwho-charted-iand-ifreakono-96395,Freakonomics : >>>How Much Does Your Name Matter<<< ?
avclub.com/article/the-best-of-2012-so-far-83009,"And hip-hop had some great releases , but for me , the best are the trio of Action Bronson , whose >>>Blue Chips<<< mix-tape gets regular play several times a week ; Big K.R.I.T. , who keeps getting bigger and bigger ; and the more political-minded Killer Mike , who has the best hip-hop take-down of Ronald Reagan ever ."
avclub.com/article/toronto-film-festival-07-a-teaser-and-some-pre-fes-10769,"Also , Nicky Katt is third-billed , and you know >>>how much<<< I love Nicky Katt ."
"avclub.com/articles/constructing-the-popculture-bubble-the-2011-av-clu,65722/","VHS : Absurd , Odd , And Ridiculous Relics From The Videotape Era ( $ 14 ) Joe Pickett and Nick Prueher — whose >>>Found Footage Festival<<< videos you 've seen here at The A.V. Club before — make the leap to the printed page with VHS , a glossy , full-color collection of some incredibly ridiculous VHS covers they 've collected over the years ."
