doc-id,token
avclub.com/article/beyond-the-big-box-the-past-and-possible-future-of-52871,"If I decided on a whim that I needed a CD copy of an old >>>Who<<< album that I only had on vinyl , more often than not , my local stores would n't have it ."
avclub.com/article/pixar-working-3-d-rereleases-incredibles-and-ratat-202275,"As part of the company 's continuing commitment to giving audiences more of >>>what<<< they 've seen and liked , Pixar is currently hard at work prepping two Brad Bird movies , The Incredibles and Ratatouille , for 3-D rerelease ."
avclub.com/article/starz-orders-ed-helmsalejandro-gonzalez-inarritu-p-208118,"One Percent has been ordered for 10 episodes without having to endure the indignity of a pilot , but that 's not terribly surprising considering that 's kind of >>>what<<< Starz does ."
"avclub.com/articles/here-comes-honey-boo-booit-is-what-it-is,85442/","Those >>>who<<< found the show odious felt that an oblivious , unattractive family and unfortunate little girl were being exploited for the point-and-laugh masses ."
