doc-id,token
avclub.com/article/patton-oswalt-61121,"When we asked to interview Patton Oswalt , he told us he was worried about wearing out his welcome at The A.V. Club , what with >>>how<<< many times we 've written about him ( and he 's occasionally written for us ) over the years ."
avclub.com/article/youll-never-take-us-alive-icopperi-84002,>>>Where<<< has Scott Tobias seen an episode like that before ?
"avclub.com/articles/they-called-me-maydayhow-do-i-love-thee-let-me-cal,70572/",">>>Where<<< was he all that time ? """
avclub.com/tvclub/saturday-night-live-charlize-theron-black-keys-204513,"( Google "" Michael Palin "" + "" cats in pants "" for an example of >>>why<<< . )"
