{
    "requestable": [
        "food",
        "address",
        "area",
        "phone",
        "postcode",
        "pricerange",
        "name"
    ],
    "informable": {
        "pricerange": [
            "moderate",
            "expensive",
            "cheap"
        ],
        "area": [
            "north",
            "south",
            "west",
            "centre",
            "east"
        ],
        "food": [
            "mediterranean",
            "modern european",
            "french",
            "vietnamese",
            "asian oriental",
            "seafood",
            "indian",
            "african",
            "portuguese",
            "lebanese",
            "thai",
            "chinese",
            "british",
            "italian",
            "turkish",
            "korean",
            "north american",
            "gastropub",
            "international",
            "european",
            "mexican",
            "japanese",
            "spanish"
        ],
        "name": [
            "pizza express Fen Ditton",
            "the river bar steakhouse and grill",
            "kohinoor",
            "mahal of cambridge",
            "la tasca",
            "hotel du vin and bistro",
            "frankie and bennys",
            "saffron brasserie",
            "rice house",
            "restaurant one seven",
            "fitzbillies restaurant",
            "the hotpot",
            "golden wok",
            "panahar",
            "shiraz restaurant",
            "charlie chan",
            "de luca cucina and bar",
            "da vinci pizzeria",
            "cote",
            "thanh binh",
            "ugly duckling",
            "galleria",
            "j restaurant",
            "nandos city centre",
            "rajmahal",
            "la margherita",
            "jinling noodle bar",
            "tang chinese",
            "anatolia",
            "don pasquale pizzeria",
            "the nirala",
            "the varsity restaurant",
            "saigon city",
            "zizzi cambridge",
            "clowns cafe",
            "the good luck chinese food takeaway",
            "peking restaurant",
            "gourmet burger kitchen",
            "darrys cookhouse and wine shop",
            "wagamama",
            "riverside brasserie",
            "cotto",
            "little seoul",
            "the gardenia",
            "sesame restaurant and bar",
            "meghna",
            "eraina",
            "prezzo",
            "ali baba",
            "the oak bistro",
            "the copper kettle",
            "curry king",
            "cambridge lodge restaurant",
            "pizza express",
            "kymmoy",
            "loch fyne",
            "taj tandoori",
            "chiquito restaurant bar",
            "curry queen",
            "the gandhi",
            "pizza hut city centre",
            "rice boat",
            "pizza hut fen ditton",
            "curry prince",
            "the golden curry",
            "bedouin",
            "bloomsbury restaurant",
            "nandos",
            "royal spice",
            "hakka",
            "restaurant alimentum",
            "yippee noodle bar",
            "pizza hut cherry hinton",
            "tandoori palace",
            "meze bar restaurant",
            "la mimosa",
            "the cow pizza kitchen and bar",
            "royal standard",
            "hk fusion",
            "cocum",
            "ask",
            "sala thong",
            "grafton hotel restaurant",
            "shanghai family restaurant",
            "the lucky star",
            "sitar tandoori",
            "the slug and lettuce",
            "dojo noodle bar",
            "midsummer house restaurant",
            "michaelhouse cafe",
            "saint johns chop house",
            "india house",
            "lan hong house",
            "pipasha restaurant",
            "travellers rest",
            "curry garden",
            "backstreet bistro",
            "restaurant two two",
            "the cambridge chop house",
            "golden house",
            "city stop restaurant",
            "la raza",
            "maharajah tandoori restaurant",
            "bangkok city",
            "yu garden",
            "caffe uno",
            "graffiti",
            "efes restaurant",
            "stazione restaurant and coffee bar",
            "the missing sock"
        ],
        "address": [
            "169 High Street Chesterton Chesterton",
            "12 Market Hill City Centre",
            "15 Magdalene Street City Centre",
            "Market Hill City Centre",
            "43 High Street Cherry Hinton Cherry Hinton",
            "40270 King Street City Centre",
            "Corn Exchange Street",
            "Napier Street City Centre",
            "37 Newnham Road Newnham",
            "40428 King Street City Centre",
            "84 Regent Street City Centre",
            "Huntingdon Road City Centre",
            "Free School Lane City Centre",
            "64 Cherry Hinton Road Cherry Hinton",
            "32 Bridge Street City Centre",
            "51 Trumpington Street City Centre",
            "Victoria Avenue Chesterton",
            "Midsummer Common",
            "83 Regent Street",
            "34 - 35 Green Street",
            "12 Norfolk Street City Centre",
            "Cambridge Retail Park Newmarket Road Fen Ditton",
            "Cambridge City Football Club Milton Road Chesterton",
            "12 Lensfield Road City Centre",
            "Newmarket Road Fen Ditton",
            "Regent Street City Centre",
            "1 Kings Parade",
            "33-34 Saint Andrews Street",
            "59 Hills Road City Centre",
            "529 Newmarket Road Fen Ditton",
            "54 King Street City Centre",
            "Jesus Lane Fen Ditton",
            "12 St. Johns Street City Centre",
            "12 Bridge Street City Centre",
            "6 Lensfield Road",
            "Cambridge Lodge Hotel 139 Huntingdon Road City Centre",
            "39 Burleigh Street City Centre",
            "21 Burleigh Street City Centre",
            "2 Rose Crescent City Centre",
            "36 Saint Andrews Street",
            "20 Milton Road Chesterton",
            "47-53 Regent Street",
            "Finders Corner Newmarket Road",
            "5 Jordans Yard Bridge Street City Centre",
            "106 Mill Road City Centre",
            "De Vere University Arms Regent Street City Centre",
            "68 Histon Road Chesterton",
            "Quayside Off Bridge Street",
            "Grafton Hotel 619 Newmarket Road Fen Ditton",
            "183 East Road City Centre",
            "86 Regent Street City Centre",
            "30 Bridge Street City Centre",
            "52 Mill Road City Centre",
            "152 - 154 Hills Road",
            "196 Mill Road City Centre",
            "10 Homerton Street City Centre",
            "66 Chesterton Road Chesterton",
            "Hotel Felix Whitehouse Lane Huntingdon Road",
            "7 Barnwell Road Fen Ditton",
            "Hills Road City Centre",
            "35 Saint Andrews Street City Centre",
            "Milton Road Chesterton",
            "72 Regent Street City Centre",
            "82 Cherry Hinton Road Cherry Hinton",
            "Doubletree by Hilton Cambridge Granta Place Mill Lane",
            "71 Castle Street City Centre",
            "40210 Millers Yard City Centre",
            "35 Newnham Road Newnham",
            "Mill Road City Centre",
            "7 Milton Road Chesterton",
            "The Little Rose 37 Trumpington Street",
            "24 Green Street City Centre",
            "3 - 5 Millers Yard Mill Lane",
            "33 Bridge Street",
            "Bridge Street City Centre",
            "108 Regent Street City Centre",
            "191 Histon Road Chesterton",
            "21 - 24 Northampton Street",
            "205 Victoria Road Chesterton",
            "G4 Cambridge Leisure Park Clifton Way Cherry Hinton",
            "100 Mill Road City Centre",
            "41518 Castle Street City Centre",
            "451 Newmarket Road Fen Ditton",
            "4 Kings Parade City Centre",
            "Cambridge Leisure Park Clifton Way Cherry Hinton",
            "17 Magdalene Street City Centre",
            "17 Hills Road City Centre",
            "King Street City Centre",
            "Cambridge Leisure Park Clifton Way",
            "106 Regent Street City Centre",
            "88 Mill Road City Centre",
            "St. Michael's Church Trinity Street City Centre",
            "22 Chesterton Road Chesterton",
            "31 Newnham Road Newnham",
            "21 - 24 Northampton Road",
            "8 Norfolk Street City Centre",
            "2G Cambridge Leisure Park Cherry Hinton Road Cherry Hinton",
            "2 Sturton Street City Centre",
            "74 Mill Road City Centre",
            "14 -16 Bridge Street",
            "Thompsons Lane Fen Ditton",
            "4 - 6 Rose Crescent",
            "15 - 19 Trumpington Street",
            "290 Mill Road City Centre",
            "Crowne Plaza Hotel 20 Downing Street",
            "11 Peas Hill City Centre"
        ],
        "phone": [
            "01223 353942",
            "01733 553355",
            "01223 306306",
            "01223 351027",
            "01223 362433",
            "01223 311053",
            "01223 360966",
            "01223 327908",
            "01223 354755",
            "01223 323639",
            "01223 309147",
            "01223 518111",
            "01223 464630",
            "01223 412430",
            "01223 362372",
            "01223 248882",
            "01223 356666",
            "01462 432565",
            "01223 302330",
            "01223 355909",
            "01223 365068",
            "01223 323361",
            "01223 307581",
            "01223 355711",
            "01223 355166",
            "01223 364917",
            "01223 366552",
            "01223 358899",
            "01223 301761",
            "01223 359506",
            "01223 577786",
            "01223 355012",
            "01223 353110",
            "01223 361763",
            "01223 227330",
            "01223 356060",
            "01223 324351",
            "01223 505015",
            "01223 277977",
            "01223 247877",
            "01799 521260",
            "01223 413000",
            "01223 412299",
            "01223 302010",
            "01223 566388",
            "01223 363270",
            "01223 315232",
            "01223 369299",
            "01223 464550",
            "01223 308871",
            "01223 350420",
            "01223 249955",
            "01223 568988",
            "01223 727410",
            "0871 942 9180",
            "01223 241387",
            "01223 362525",
            "01223 566188",
            "01223 351707",
            "01223 323737",
            "01223 276182",
            "01223 351880",
            "01223 356555",
            "01223 356354",
            "01223 461661",
            "01223 365599",
            "01223 360409",
            "01223 324033",
            "01223 354679",
            "01223 312598",
            "01223 812660",
            "01223 323178",
            "01842 753771",
            "01223 350106",
            "01223 308681",
            "01223 352500",
            "01223 244955",
            "01223 354382",
            "01223 400170",
            "01223 244277",
            "01223 244149",
            "01223 367755",
            "01223 259988",
            "01223 329432",
            "01223 506055",
            "01223 462354",
            "01223 500005",
            "01223 352607",
            "01223 358399",
            "01223 311911",
            "01223 362456",
            "01223 363471",
            "01223 366668",
            "01223 350688",
            "01223 367660",
            "01223 357187",
            "01223 307030",
            "01223 362054",
            "01223 302800",
            "01223 368786",
            "01223 448620",
            "01223 337766"
        ],
        "postcode": [
            "C.B 5, 8 P.A",
            "C.B 5, 8 A.Q",
            "C.B 2, 1 U.W",
            "C.B 1, 1 B.G",
            "C.B 2, 3 L.L",
            "C.B 2, 3 D.T",
            "C.B 4, 1 E.H",
            "C.B 2, 3 N.J",
            "C.B 1, 3 N.L",
            "C.B 1, 2 Q.A",
            "C.B 2, 1 R.G",
            "C.B 5, 8 B.A",
            "C.B 2, 3 R.H",
            "C.B 4, 1 N.L",
            "C.B 2, 8 P.B",
            "C.B 1, 2 A.S",
            "C.B 1, 1 L.N",
            "C.B 3, 0 L.X",
            "C.B 2, 1 N.W",
            "C.B 2, 3 A.R",
            "C.B 1, 1 H.R",
            "C.B 4, 3 L.F",
            "C.B 2, 3 P.P",
            "C.B 2, 1 S.U",
            "C.B 2, 1 E.G",
            "C.B 2, 1 A.B",
            "C.B 2, 1 U.F",
            "C.B 1, 2 A.Z",
            "C.B 5, 8 J.J",
            "C.B 3, 0 A.H",
            "C.B 5, 8 W.R",
            "C.B 2, 1 T.W",
            "C.B 4, 1 E.P",
            "C.B 2, 1 U.J",
            "C.B 2, 1 U.G",
            "C.B 3, 0 A.D",
            "C.B 3, 9 E.Y",
            "C.B 4, 3 L.E",
            "C.B 1, 3 N.F",
            "C.B 2, 3 Q.F",
            "C.B 2, 8 N.X",
            "C.B 5, 8 R.G",
            "C.B 2, 1 L.A",
            "C.B 1, 9 H.X",
            "C.B 3, 0 D.Q",
            "C.B 1, 7 A.A",
            "C.B 1, 1 D.G",
            "C.B 2, 1 Q.A",
            "C.B 2, 1 A.W",
            "C.B 2, 1 R.Q",
            "C.B 3, 0 D.F",
            "C.B 2, 1 N.T",
            "C.B 1, 2 B.D",
            "C.B 4, 1 J.Y",
            "C.B 2, 1 D.P",
            "C.B 4, 1 U.Y",
            "C.B 2, 3 J.U",
            "C.B 2, 3 J.X",
            "C.B 2, 1 D.B",
            "C.B 2, 1 S.J",
            "C.B 4, 3 A.X",
            "C.B 4, 1 H.A",
            "C.B 1, 2 L.F",
            "C.B 1, 7 D.Y",
            "C.B 1, 1 L.H",
            "C.B 2, 1 R.T",
            "C.B 4, 3 H.L",
            "C.B 2, 1 Q.Y",
            "C.B 25, 9 A.Q",
            "C.B 1, 7 A.G",
            "C.B 3, 0 A.F"
        ],
        "none": [
            "none"
        ]
    },
    "all_tuples": [
        [
            "inform",
            "pricerange",
            "moderate"
        ],
        [
            "inform",
            "pricerange",
            "expensive"
        ],
        [
            "inform",
            "pricerange",
            "cheap"
        ],
        [
            "inform",
            "area",
            "north"
        ],
        [
            "inform",
            "area",
            "south"
        ],
        [
            "inform",
            "area",
            "west"
        ],
        [
            "inform",
            "area",
            "centre"
        ],
        [
            "inform",
            "area",
            "east"
        ],
        [
            "inform",
            "food",
            "mediterranean"
        ],
        [
            "inform",
            "food",
            "modern european"
        ],
        [
            "inform",
            "food",
            "french"
        ],
        [
            "inform",
            "food",
            "vietnamese"
        ],
        [
            "inform",
            "food",
            "asian oriental"
        ],
        [
            "inform",
            "food",
            "seafood"
        ],
        [
            "inform",
            "food",
            "indian"
        ],
        [
            "inform",
            "food",
            "african"
        ],
        [
            "inform",
            "food",
            "portuguese"
        ],
        [
            "inform",
            "food",
            "lebanese"
        ],
        [
            "inform",
            "food",
            "thai"
        ],
        [
            "inform",
            "food",
            "chinese"
        ],
        [
            "inform",
            "food",
            "british"
        ],
        [
            "inform",
            "food",
            "italian"
        ],
        [
            "inform",
            "food",
            "turkish"
        ],
        [
            "inform",
            "food",
            "korean"
        ],
        [
            "inform",
            "food",
            "north american"
        ],
        [
            "inform",
            "food",
            "gastropub"
        ],
        [
            "inform",
            "food",
            "international"
        ],
        [
            "inform",
            "food",
            "european"
        ],
        [
            "inform",
            "food",
            "mexican"
        ],
        [
            "inform",
            "food",
            "japanese"
        ],
        [
            "inform",
            "food",
            "spanish"
        ],
        [
            "inform",
            "name"
        ],
        [
            "inform",
            "address"
        ],
        [
            "inform",
            "phone"
        ],
        [
            "inform",
            "postcode"
        ],
        [
            "request",
            "address"
        ],
        [
            "request",
            "phone"
        ],
        [
            "request",
            "postcode"
        ],
        [
            "request",
            "name"
        ],
        [
            "nooffer",
            "none",
            "none"
        ]
    ]
}