{
    "requestable": [
        "food",
        "area",
        "phone",
        "pricerange",
        "address",
        "postcode"
    ],
    "informable": {
        "pricerange": [
            "moderate",
            "expensive",
            "cheap"
        ],
        "area": [
            "north",
            "east",
            "west",
            "centre",
            "south"
        ],
        "name": [
            "la margherita",
            "cambridge lodge restaurant",
            "the gardenia",
            "meze bar restaurant",
            "golden house",
            "j restaurant",
            "backstreet bistro",
            "darrys cookhouse and wine shop",
            "the gandhi",
            "tang chinese",
            "shiraz restaurant",
            "the copper kettle",
            "pizza hut cherry hinton",
            "yu garden",
            "chiquito restaurant bar",
            "galleria",
            "the hotpot",
            "kymmoy",
            "lan hong house",
            "cotto",
            "travellers rest",
            "the slug and lettuce",
            "prezzo",
            "little seoul",
            "pizza express",
            "midsummer house restaurant",
            "restaurant two two",
            "zizzi cambridge",
            "eraina",
            "thanh binh",
            "la tasca",
            "taj tandoori",
            "the varsity restaurant",
            "golden wok",
            "efes restaurant",
            "shanghai family restaurant",
            "peking restaurant",
            "nandos city centre",
            "curry king",
            "pizza express Fen Ditton",
            "panahar",
            "the lucky star",
            "michaelhouse cafe",
            "nandos",
            "maharajah tandoori restaurant",
            "sitar tandoori",
            "the missing sock",
            "clowns cafe",
            "de luca cucina and bar",
            "the nirala",
            "sala thong",
            "the oak bistro",
            "india house",
            "ask",
            "pipasha restaurant",
            "curry garden",
            "jinling noodle bar",
            "ali baba",
            "sesame restaurant and bar",
            "royal standard",
            "cote",
            "loch fyne",
            "cocum",
            "don pasquale pizzeria",
            "saint johns chop house",
            "hakka",
            "the golden curry",
            "saigon city",
            "curry prince",
            "yippee noodle bar",
            "grafton hotel restaurant",
            "dojo noodle bar",
            "anatolia",
            "bangkok city",
            "caffe uno",
            "charlie chan",
            "rajmahal",
            "tandoori palace",
            "stazione restaurant and coffee bar",
            "rice house",
            "the good luck chinese food takeaway",
            "la mimosa",
            "bloomsbury restaurant",
            "frankie and bennys",
            "curry queen",
            "wagamama",
            "the cow pizza kitchen and bar",
            "riverside brasserie",
            "restaurant one seven",
            "kohinoor",
            "the cambridge chop house",
            "la raza",
            "ugly duckling",
            "the river bar steakhouse and grill",
            "restaurant alimentum",
            "royal spice",
            "bedouin",
            "meghna",
            "saffron brasserie",
            "da vinci pizzeria",
            "hk fusion",
            "fitzbillies restaurant",
            "mahal of cambridge",
            "pizza hut fen ditton",
            "gourmet burger kitchen",
            "hotel du vin and bistro",
            "graffiti",
            "rice boat",
            "city stop restaurant",
            "pizza hut city centre"
        ],
        "food": [
            "spanish",
            "turkish",
            "portuguese",
            "mediterranean",
            "modern european",
            "gastropub",
            "indian",
            "vietnamese",
            "international",
            "japanese",
            "thai",
            "italian",
            "british",
            "european",
            "lebanese",
            "asian oriental",
            "chinese",
            "korean",
            "seafood",
            "african",
            "north american",
            "french",
            "mexican"
        ],
        "address": [
            "43 High Street Cherry Hinton Cherry Hinton",
            "Midsummer Common",
            "451 Newmarket Road Fen Ditton",
            "100 Mill Road City Centre",
            "21 - 24 Northampton Road",
            "39 Burleigh Street City Centre",
            "12 Lensfield Road City Centre",
            "Huntingdon Road City Centre",
            "33-34 Saint Andrews Street",
            "7 Milton Road Chesterton",
            "64 Cherry Hinton Road Cherry Hinton",
            "169 High Street Chesterton Chesterton",
            "52 Mill Road City Centre",
            "72 Regent Street City Centre",
            "37 Newnham Road Newnham",
            "15 - 19 Trumpington Street",
            "47-53 Regent Street",
            "Cambridge Leisure Park Clifton Way",
            "Hills Road City Centre",
            "40428 King Street City Centre",
            "66 Chesterton Road Chesterton",
            "30 Bridge Street City Centre",
            "Regent Street City Centre",
            "Quayside Off Bridge Street",
            "12 St. Johns Street City Centre",
            "106 Regent Street City Centre",
            "Thompsons Lane Fen Ditton",
            "G4 Cambridge Leisure Park Clifton Way Cherry Hinton",
            "11 Peas Hill City Centre",
            "Bridge Street City Centre",
            "14 -16 Bridge Street",
            "Free School Lane City Centre",
            "32 Bridge Street City Centre",
            "71 Castle Street City Centre",
            "15 Magdalene Street City Centre",
            "82 Cherry Hinton Road Cherry Hinton",
            "Jesus Lane Fen Ditton",
            "12 Market Hill City Centre",
            "41518 Castle Street City Centre",
            "191 Histon Road Chesterton",
            "36 Saint Andrews Street",
            "Victoria Avenue Chesterton",
            "Grafton Hotel 619 Newmarket Road Fen Ditton",
            "The Little Rose 37 Trumpington Street",
            "17 Hills Road City Centre",
            "33 Bridge Street",
            "7 Barnwell Road Fen Ditton",
            "83 Regent Street",
            "Doubletree by Hilton Cambridge Granta Place Mill Lane",
            "183 East Road City Centre",
            "Milton Road Chesterton",
            "106 Mill Road City Centre",
            "196 Mill Road City Centre",
            "4 - 6 Rose Crescent",
            "Corn Exchange Street",
            "2 Rose Crescent City Centre",
            "31 Newnham Road Newnham",
            "12 Bridge Street City Centre",
            "34 - 35 Green Street",
            "24 Green Street City Centre",
            "2G Cambridge Leisure Park Cherry Hinton Road Cherry Hinton",
            "54 King Street City Centre",
            "King Street City Centre",
            "1 Kings Parade",
            "290 Mill Road City Centre",
            "Cambridge City Football Club Milton Road Chesterton",
            "108 Regent Street City Centre",
            "6 Lensfield Road",
            "Napier Street City Centre",
            "8 Norfolk Street City Centre",
            "Cambridge Leisure Park Clifton Way Cherry Hinton",
            "2 Sturton Street City Centre",
            "88 Mill Road City Centre",
            "Cambridge Retail Park Newmarket Road Fen Ditton",
            "152 - 154 Hills Road",
            "59 Hills Road City Centre",
            "10 Homerton Street City Centre",
            "35 Saint Andrews Street City Centre",
            "68 Histon Road Chesterton",
            "84 Regent Street City Centre",
            "De Vere University Arms Regent Street City Centre",
            "51 Trumpington Street City Centre",
            "35 Newnham Road Newnham",
            "3 - 5 Millers Yard Mill Lane",
            "Hotel Felix Whitehouse Lane Huntingdon Road",
            "21 - 24 Northampton Street",
            "40210 Millers Yard City Centre",
            "529 Newmarket Road Fen Ditton",
            "St. Michael's Church Trinity Street City Centre",
            "Cambridge Lodge Hotel 139 Huntingdon Road City Centre",
            "74 Mill Road City Centre",
            "40270 King Street City Centre",
            "Mill Road City Centre",
            "20 Milton Road Chesterton",
            "12 Norfolk Street City Centre",
            "Finders Corner Newmarket Road",
            "86 Regent Street City Centre",
            "21 Burleigh Street City Centre",
            "Crowne Plaza Hotel 20 Downing Street",
            "205 Victoria Road Chesterton",
            "5 Jordans Yard Bridge Street City Centre",
            "17 Magdalene Street City Centre",
            "Newmarket Road Fen Ditton",
            "Market Hill City Centre",
            "22 Chesterton Road Chesterton",
            "4 Kings Parade City Centre"
        ],
        "phone": [
            "01223 249955",
            "01223 244955",
            "01223 355711",
            "01223 461661",
            "01223 362525",
            "01223 357187",
            "01223 812660",
            "01223 500005",
            "01223 366552",
            "01223 354755",
            "01223 359506",
            "01223 312598",
            "01223 367660",
            "01223 366668",
            "01223 369299",
            "01223 248882",
            "01223 324351",
            "01223 259988",
            "01223 311911",
            "01223 308681",
            "0871 942 9180",
            "01223 350106",
            "01223 355909",
            "01223 577786",
            "01223 324033",
            "01223 353110",
            "01223 350688",
            "01223 329432",
            "01223 464630",
            "01223 355012",
            "01223 367755",
            "01223 352607",
            "01223 351707",
            "01223 323361",
            "01223 505015",
            "01223 400170",
            "01223 412299",
            "01223 727410",
            "01223 362456",
            "01223 358899",
            "01223 566388",
            "01223 462354",
            "01223 361763",
            "01223 365599",
            "01223 350420",
            "01223 307581",
            "01223 276182",
            "01223 518111",
            "01223 566188",
            "01223 302800",
            "01223 358399",
            "01223 323178",
            "01223 323737",
            "01223 363270",
            "01223 327908",
            "01223 360966",
            "01223 360409",
            "01223 241387",
            "01223 247877",
            "01223 412430",
            "01462 432565",
            "01223 309147",
            "01223 363471",
            "01223 227330",
            "01223 354382",
            "01223 413000",
            "01223 302010",
            "01223 356060",
            "01223 355166",
            "01223 352500",
            "01223 362054",
            "01223 351880",
            "01223 365068",
            "01223 506055",
            "01223 311053",
            "01223 362433",
            "01799 521260",
            "01223 244277",
            "01223 351027",
            "01223 356666",
            "01223 307030",
            "01223 244149",
            "01223 301761",
            "01223 362372",
            "01223 448620",
            "01223 337766",
            "01223 353942",
            "01223 315232",
            "01223 364917",
            "01842 753771",
            "01223 308871",
            "01223 302330",
            "01223 368786",
            "01223 277977",
            "01223 354679",
            "01223 306306",
            "01223 568988",
            "01223 356354",
            "01223 356555",
            "01223 464550",
            "01733 553355",
            "01223 323639"
        ],
        "postcode": [
            "C.B 2, 1 T.W",
            "C.B 2, 8 N.X",
            "C.B 2, 3 D.T",
            "C.B 1, 2 B.D",
            "C.B 4, 1 N.L",
            "C.B 4, 1 U.Y",
            "C.B 2, 1 U.F",
            "C.B 4, 1 E.H",
            "C.B 1, 2 Q.A",
            "C.B 2, 1 D.P",
            "C.B 5, 8 P.A",
            "C.B 5, 8 W.R",
            "C.B 2, 3 A.R",
            "C.B 2, 1 N.T",
            "C.B 3, 9 E.Y",
            "C.B 2, 3 R.H",
            "C.B 2, 1 Q.Y",
            "C.B 3, 0 L.X",
            "C.B 3, 0 D.Q",
            "C.B 2, 1 U.G",
            "C.B 2, 8 P.B",
            "C.B 5, 8 J.J",
            "C.B 2, 1 A.W",
            "C.B 1, 1 L.H",
            "C.B 1, 1 B.G",
            "C.B 3, 0 D.F",
            "C.B 1, 1 H.R",
            "C.B 5, 8 B.A",
            "C.B 25, 9 A.Q",
            "C.B 1, 7 A.A",
            "C.B 3, 0 A.F",
            "C.B 2, 1 S.U",
            "C.B 1, 2 A.S",
            "C.B 1, 1 D.G",
            "C.B 2, 1 E.G",
            "C.B 2, 3 P.P",
            "C.B 2, 3 Q.F",
            "C.B 2, 1 U.J",
            "C.B 5, 8 R.G",
            "C.B 4, 1 J.Y",
            "C.B 2, 3 J.X",
            "C.B 2, 1 Q.A",
            "C.B 3, 0 A.D",
            "C.B 4, 3 H.L",
            "C.B 1, 9 H.X",
            "C.B 2, 1 D.B",
            "C.B 2, 3 L.L",
            "C.B 2, 1 R.T",
            "C.B 4, 3 A.X",
            "C.B 1, 7 D.Y",
            "C.B 2, 1 S.J",
            "C.B 2, 1 U.W",
            "C.B 1, 2 L.F",
            "C.B 2, 1 A.B",
            "C.B 1, 3 N.F",
            "C.B 2, 1 L.A",
            "C.B 4, 1 E.P",
            "C.B 1, 3 N.L",
            "C.B 1, 1 L.N",
            "C.B 3, 0 A.H",
            "C.B 4, 1 H.A",
            "C.B 1, 7 A.G",
            "C.B 4, 3 L.E",
            "C.B 2, 1 R.Q",
            "C.B 2, 1 R.G",
            "C.B 2, 3 J.U",
            "C.B 2, 1 N.W",
            "C.B 5, 8 A.Q",
            "C.B 1, 2 A.Z",
            "C.B 4, 3 L.F",
            "C.B 2, 3 N.J"
        ],
        "none": [
            "none"
        ]
    },
    "all_tuples": [
        [
            "inform",
            "pricerange",
            "moderate"
        ],
        [
            "inform",
            "pricerange",
            "expensive"
        ],
        [
            "inform",
            "pricerange",
            "cheap"
        ],
        [
            "inform",
            "area",
            "north"
        ],
        [
            "inform",
            "area",
            "east"
        ],
        [
            "inform",
            "area",
            "west"
        ],
        [
            "inform",
            "area",
            "centre"
        ],
        [
            "inform",
            "area",
            "south"
        ],
        [
            "inform",
            "name"
        ],
        [
            "inform",
            "food",
            "spanish"
        ],
        [
            "inform",
            "food",
            "turkish"
        ],
        [
            "inform",
            "food",
            "portuguese"
        ],
        [
            "inform",
            "food",
            "mediterranean"
        ],
        [
            "inform",
            "food",
            "modern european"
        ],
        [
            "inform",
            "food",
            "gastropub"
        ],
        [
            "inform",
            "food",
            "indian"
        ],
        [
            "inform",
            "food",
            "vietnamese"
        ],
        [
            "inform",
            "food",
            "international"
        ],
        [
            "inform",
            "food",
            "japanese"
        ],
        [
            "inform",
            "food",
            "thai"
        ],
        [
            "inform",
            "food",
            "italian"
        ],
        [
            "inform",
            "food",
            "british"
        ],
        [
            "inform",
            "food",
            "european"
        ],
        [
            "inform",
            "food",
            "asian oriental"
        ],
        [
            "inform",
            "food",
            "lebanese"
        ],
        [
            "inform",
            "food",
            "chinese"
        ],
        [
            "inform",
            "food",
            "korean"
        ],
        [
            "inform",
            "food",
            "seafood"
        ],
        [
            "inform",
            "food",
            "african"
        ],
        [
            "inform",
            "food",
            "north american"
        ],
        [
            "inform",
            "food",
            "french"
        ],
        [
            "inform",
            "food",
            "mexican"
        ],
        [
            "inform",
            "address"
        ],
        [
            "inform",
            "phone"
        ],
        [
            "inform",
            "postcode"
        ],
        [
            "request",
            "phone"
        ],
        [
            "request",
            "address"
        ],
        [
            "request",
            "postcode"
        ],
        [
            "nooffer",
            "none",
            "none"
        ]
    ]
}