{
    "requestable": [
        "address",
        "food",
        "phone",
        "area",
        "postcode",
        "pricerange",
        "name"
    ],
    "informable": {
        "pricerange": [
            "cheap",
            "moderate",
            "expensive"
        ],
        "area": [
            "east",
            "north",
            "west",
            "centre",
            "south"
        ],
        "food": [
            "mediterranean",
            "thai",
            "asian oriental",
            "international",
            "european",
            "mexican",
            "gastropub",
            "british",
            "italian",
            "indian",
            "turkish",
            "modern european",
            "chinese",
            "portuguese",
            "seafood",
            "japanese",
            "lebanese",
            "korean",
            "north american",
            "french",
            "spanish",
            "african",
            "vietnamese"
        ],
        "none": [
            "none"
        ]
    },
    "all_tuples": [
        [
            "inform",
            "pricerange",
            "cheap"
        ],
        [
            "inform",
            "pricerange",
            "moderate"
        ],
        [
            "inform",
            "pricerange",
            "expensive"
        ],
        [
            "inform",
            "area",
            "east"
        ],
        [
            "inform",
            "area",
            "north"
        ],
        [
            "inform",
            "area",
            "west"
        ],
        [
            "inform",
            "area",
            "centre"
        ],
        [
            "inform",
            "area",
            "south"
        ],
        [
            "inform",
            "food",
            "mediterranean"
        ],
        [
            "inform",
            "food",
            "thai"
        ],
        [
            "inform",
            "food",
            "asian oriental"
        ],
        [
            "inform",
            "food",
            "international"
        ],
        [
            "inform",
            "food",
            "european"
        ],
        [
            "inform",
            "food",
            "mexican"
        ],
        [
            "inform",
            "food",
            "gastropub"
        ],
        [
            "inform",
            "food",
            "british"
        ],
        [
            "inform",
            "food",
            "italian"
        ],
        [
            "inform",
            "food",
            "indian"
        ],
        [
            "inform",
            "food",
            "turkish"
        ],
        [
            "inform",
            "food",
            "modern european"
        ],
        [
            "inform",
            "food",
            "chinese"
        ],
        [
            "inform",
            "food",
            "portuguese"
        ],
        [
            "inform",
            "food",
            "seafood"
        ],
        [
            "inform",
            "food",
            "japanese"
        ],
        [
            "inform",
            "food",
            "lebanese"
        ],
        [
            "inform",
            "food",
            "korean"
        ],
        [
            "inform",
            "food",
            "north american"
        ],
        [
            "inform",
            "food",
            "french"
        ],
        [
            "inform",
            "food",
            "spanish"
        ],
        [
            "inform",
            "food",
            "african"
        ],
        [
            "inform",
            "food",
            "vietnamese"
        ],
        [
            "request",
            "address"
        ],
        [
            "request",
            "phone"
        ],
        [
            "request",
            "postcode"
        ],
        [
            "request",
            "name"
        ]
    ]
}