{
  "data_dir": "multiwoz/data/usr_data",
  "output_dir": "multiwoz/output/usr",
  "zipped_model_path": "multiwoz/output/usr/bert_multiwoz_usr.zip",
  "log_dir": "multiwoz/log/usr",
  "DEVICE": "cuda:0",
  "seed": 2019,
  "cut_sen_len": 40,
  "use_bert_tokenizer": true,
  "model": {
    "finetune": true,
    "context": false,
    "context_grad": false,
    "pretrained_weights": "bert-base-uncased",
    "check_step": 1000,
    "max_step": 10000,
    "batch_size": 40,
    "learning_rate": 1e-4,
    "adam_epsilon": 1e-8,
    "warmup_steps": 0,
    "weight_decay": 0.0,
    "dropout": 0.1,
    "hidden_units": 768
  }
}