doc-id,token
bbc.com/sport/athletics/23721645,"Yelena Isinbayeva 's role as a Youth Olympics ambassador should be reviewed says British heptathlete Louise Hazel after the world pole vault champion >>>spoke out against homosexuality<<< . Isinbayeva , who has now won >>>the world title three times<<< to add to her two Olympic successes , claimed Russian people did not want to see homosexuality promoted in their country ."
bbc.com/sport/athletics/24370279,">>>Last year 's men 's marathon was won in a course record time<<< of two hours , 24 minutes and 42 seconds by Thomas Abyo , more than five minutes quicker than the previous best , while Shona Crombie-Hicks holds the women 's record in 2:53:36 ."
bbc.com/sport/boxing/34201158,Burns ' bout is on the undercard of Kell Brook 's IBF world welterweight >>>title defence against Diego Chaves<<< . Former WBO super-featherweight and lightweight champion Burns was most recently in action a month ago when he beat >>>Ghanaian Prince Ofotsu<<< in a non-title contest in Hull .
bbc.com/sport/boxing/34966147,"But there were late doubts over whether the fight would actually go ahead after Fury 's camp >>>complained about the thickness of the foam<<< under the ring canvas , leading to it being torn up and re-laid . Haye , who recently announced his comeback to the ring , has said he would like to fight Fury , having twice >>>pulled out of scheduled meetings due to injury<<< ."
bbc.com/sport/commonwealth-games/27610171,"because people back home expect a lot from anyone who is representing Pakistan , "" says >>>Shahzad , who will begin his campaign against Fiji 's Samuela Tuikiligana on Sunday<<< . """
bbc.com/sport/commonwealth-games/43609704,">>>Double Olympic medallist Carlin<<< , 27 , heads a Wales team of more than 200 . Scotland announced on Monday that >>>Eilidh Doyle<<< would carry their flag . Northern Ireland netball captain O'Hanlon , who also plays for Armagh women 's gaelic football team , said >>>she was "" humbled ""<<< to be her country 's flagbearer ."
bbc.com/sport/cricket/18855756,"Lancashire , who are sixth in Division One , were again >>>thwarted by the weather<<< in their latest Championship match against Surrey . "" Surrey have got some decent bowlers in their line-up like Chris Tremlett and Stuart Meaker , so for the boys to get a couple of hundreds was a good effort , "" said Prince , who has not been included in South Africa 's Test squad for the >>>upcoming series against England<<< ."
bbc.com/sport/cricket/23309305,"The present ground in St John 's Wood is the third to have been established by its founder Thomas Lord , back in 1814 - so it >>>will celebrate its bicentenary next year , with a phased redevelopment of some areas of the ground also on the horizon<<< ."
bbc.com/sport/cricket/24795002,"As a cricketer , and one of the best batsmen in the world , he >>>stood up to Zimbabwe president Robert Mugabe<<< . Since then , he briefly >>>led England to the number one Test ranking<<< , oversaw three consecutive Ashes triumphs and , in the shorter form of the game , delivered England their first global trophy at the World Twenty20 in May 2010 . In the past 18 months alone , the former Essex batsman has had to deal with the fall-out of Kevin Pietersen 's indiscretions and , in the build-up to this summer 's Ashes series , the news that Joe Root had been punched in a >>>late-night incident with Australia 's David Warner<<< . It has since been played down , but Flower 's opposite number Darren Lehmann stoked emotions when he >>>told the Australian public<<< to "" give it to [ Stuart Broad ] right from the word go for the whole [ Australian ] summer "" after the >>>England bowler did not walk<<< after edging Ashton Agar to slip via keeper Brad Haddin 's gloves in the first Test in July . Such confidence is built on Flower 's knowledge that England could not be better prepared by the time the first ball is bowled >>>in Brisbane on 21 November<<< . "" I look at it this way : our head coach is n't on Twitter ; their head coach is , "" said England batsman Jonathan Trott >>>when asked about Lehmann in a BBC Sport interview<<< ."
bbc.com/sport/cricket/25018352,"Matt Prior , after 57 consecutive Tests behind the timbers , >>>remains an injury doubt<<< . But performing in long spells on unhelpful pitches against experienced opposition is another thing entirely , just as >>>new number six George Bailey 's dashing displays<<< in the shorter form of the game do not guarantee that he will make the same impact on his Test bow . Shane Watson , >>>still recovering from a hamstring tear<<< , is unlikely to be able to bowl his usual amount of overs ."
bbc.com/sport/cricket/27433493,"The 25-year-old paceman , who was >>>sent home early from England 's Ashes tour<<< to work on his technique , is the leading wicket-taker in Division One . Australia >>>all-rounder Dan Christian is eligible<<< for the whole of the group stage , while Eoin Morgan , who was >>>appointed as Middlesex 's one-day captain<<< in February , is relishing the prospect of starting their campaign with two home matches ."
bbc.com/sport/cricket/28119973,"As in >>>last week 's draw at Leicester<<< , India opted to utilise all 18 of their squad ahead of the first Test with England , which begins next Wednesday . The first of >>>India 's five Tests against England<<< begins at Trent Bridge , Nottingham on Wednesday , 9 July ."
bbc.com/sport/cricket/41060911,"He was hoping Surrey would make it through to T20 Blast finals day on 9 September , but they >>>lost by six wickets<<< to 2014 winners Birmingham Bears on Friday evening ."
bbc.com/sport/diving/28898690,"Barrow , >>>who won silver in the 10m synchro with Tonia Couch at the Commonwealth Games<<< , went into her fifth and final dive with her lead cut to just 2.1 points over Italy 's Noemi Batki ."
bbc.com/sport/football/14622172,"Hammers boss Sam Allardyce watched the 22-year-old net a hat-trick in >>>Saturday 's 6-2 win over Chesterfield<<< . Baldock came close to joining Championship new boys Peterborough for £ 1.2 m in the summer , until the deal >>>fell through in acrimonious circumstances<<< . He has since gone on to score five goals in as many games this season , lending weight to Robinson 's claim earlier in August that he would be >>>"" batting off big football clubs because of his ability ""<<< ."
bbc.com/sport/football/14739616,"The 20-year-old , who never made a Hornets appearance , had a >>>loan spell at Inverness terminated last week<<< ."
bbc.com/sport/football/14773846,The 28-year-old hobbled off during >>>Spurs ' 5-1 defeat<<< to Manchester City and had originally expected to be out for six weeks with a hamstring injury . The former Real Madrid player missed Holland 's Euro 2012 qualifiers and was also sidelined as Harry Redknapp 's team secured their >>>first win of the season against Wolves<<< on Saturday .
bbc.com/sport/football/15392053,The Manchester United defender claims Suarez verbally abused him during the >>>1-1 draw at Anfield on Saturday<<< . The Football Association >>>is investigating the claims<<< .
bbc.com/sport/football/15871323,"Vale have not won any of their last five matches and >>>lost to non-league Grimsby in the FA Cup on Tuesday<<< . Their goal drought has lasted 388 minutes of first-team football , since >>>Marc Richards found the net in a 2-1 defeat at Oxford on 29 October<<< ."
bbc.com/sport/football/16444377,"Swansea boss Brendan Rodgers >>>signed the 30-year-old<<< as centre-back cover in October following his release from Italian Serie A side Bologna . Moras played four minutes of Premier League football for Swansea , replacing midfielder Mark Gower in their >>>2-2 draw at Wolverhampton Wanderers<<< in October ."
bbc.com/sport/football/17510718,Noble returned to the City line-up after >>>serving a three-match ban for a red card he received at Brentford<<< .
bbc.com/sport/football/17589323,"The pressure has increased on Allardyce after West Ham fell further behind the top two >>>with a 4-2 home defeat<<< by second-placed Reading on Saturday . Allardyce , appointed as Avram Grant 's successor last summer , >>>has been forced to defend his team 's recent displays<<< after his own supporters chanted about the side 's style of football . The ex-Bolton boss vowed to play "" the West Ham way "" >>>when he took over<<< but fans have voiced their displeasure at what they see as direct tactics ."
bbc.com/sport/football/18577535,"Blackburn were relegated from the English Premier League at the end of last season , >>>prompting the Nigerian to consider his options<<< . His deal comes just a week after >>>former Chelsea star Didier Drogba signed for a Chinese club , Shanghai Shenhua<<< ."
bbc.com/sport/football/19813959,"Albion suffered their first home defeat of the new season on Saturday , >>>losing 1-0 to Birmingham<<< , and needed a late goal from Will Buckley to salvage a >>>1-1 draw against Ipswich on Tuesday<<< ."
bbc.com/sport/football/20092995,"Thursday 's meeting came in the wake of a Premier League defeat by Norwich and >>>a 2-0 home loss to Schalke 04<<< in the Champions League . At Wednesday 's Annual General Meeting , manager Arsene Wenger said Champions League qualification was more important to the club >>>than winning the FA Cup or League Cup<<< ."
bbc.com/sport/football/21359334,"After soaking up Sky Blues pressure , two Bradden Inman goals and one from AJ Leitch-Smith saw them to >>>a 3-0 victory<<< ."
bbc.com/sport/football/21724337,"The striker , recalled from a loan spell at Gillingham , replaced Leon Clarke , who is out with an >>>ankle injury<<< ."
bbc.com/sport/football/22255766,Forward Craig Bellamy is the only Welshman who has featured regularly in >>>Cardiff City 's promotion winning campaign<<< this season .
bbc.com/sport/football/23342477,"The 24-year-old , who was born in Newcastle , was >>>released by League Two Scunthorpe United<<< after making 26 appearances last season ."
bbc.com/sport/football/23378887,"The 24-year-old full-back missed just one league game last season after >>>arriving from Sheffield United in July<<< . Fellow defenders >>>Ciaran Clark<<< and Nathan Baker , goalkeeper >>>Brad Guzan<<< , midfielders >>>Samir Carruthers<<< and Ashley Westwood , and striker >>>Andi Weimann<<< have all committed their futures to the club ."
bbc.com/sport/football/24609911,">>>Pugh equalised in stoppage time<<< and says the club now deserve respect . Before the game , an >>>article published by a fan in the Nottingham Post<<< referred to the Dorset club as "" inferior "" , "" small-time "" and "" minnows "" . Meanwhile , manager Eddie Howe says he is unconcerned that >>>club-record signing Tokelo Rantie<<< is yet to get on the scoresheet ."
bbc.com/sport/football/24906471,But Winter thinks the incident on Sunday - which led to >>>Stoke City 's equaliser in the 3-3 draw<<< - underlines why referees should be allowed to speak to the media .
bbc.com/sport/football/26279959,"Baker-Richardson , 18 , made his senior debut for City in December 's second round >>>FA Cup draw at Hartlepool<<< . Godden , 22 , who last featured for the Iron on Boxing Day , had a >>>loan spell in the Conference Premier with Dartford this term<<< , scoring five in nine games ."
bbc.com/sport/football/26373421,"The former York striker , 29 , >>>returned to English football in January<<< after a spell in Sweden with Ostersunds FK ."
bbc.com/sport/football/26594066,Fulham boss Felix Magath says he is sure his side will beat the drop after they >>>beat Newcastle 1-0<<< .
bbc.com/sport/football/26759708,Uefa has >>>given the go-ahead<<< for the competition to begin in 2018 .
bbc.com/sport/football/26851765,"The 20-year-old followed his >>>debut goal at Northampton<<< with the opener in >>>Tuesday 's win against Bristol Rovers<<< . The Shakers have won seven , drawn 10 and lost four of their 21 league matches since >>>Flitcroft took control in December<<< , while the former Barnsley boss has also overseen a large turnover of players since his appointment . The 40-year-old told BBC Radio Manchester : "" People will forget the trouble we were in and >>>the work we 've had to do<<< ."
bbc.com/sport/football/27820404,Hart 's former Manchester City team-mate was >>>one of the inspirations<<< behind Italy 's run to the Euro 2012 final . His hopes of making Roy Hodgson 's squad for Euro 2012 were dashed when he >>>suffered a double fracture of the jaw<<< in a collision with Hart in the final pre-tournament friendly in Norway .
bbc.com/sport/football/27860881,Sarah Wiltshire says victory rather than improving the goal tally was the priority as >>>Wales beat Turkey 1-0 in a World Cup qualifier<<< .
bbc.com/sport/football/28210325,"The former England Under-19 international will now working under >>>incoming manager Ronald Koeman<<< , who has replaced Mauricio Pochettino at St Mary 's ."
bbc.com/sport/football/29236825,"But , after a half-year long saga over >>>whether he would sign his latest one-year rolling contract<<< and reports of a rift with chairman Norman Smurthwaite , Adams senses something is wrong at Vale Park . Adams is in his second spell as Port Vale boss , having been tempted back to his native South Yorkshire to take charge of Sheffield United in 2011 , although his >>>short tenure was ended<<< after he failed to keep the Blades in the Championship ."
bbc.com/sport/football/29302041,Nigeria were >>>banned from global football for nine days in July<<< for government interference in the running of the football federation when Maigari was forced out of his post by a court ruling .
bbc.com/sport/football/29397084,"Manchester United manager Louis van Gaal had no complaints about the red card captain Wayne Rooney received from referee Lee Mason during >>>Saturday 's 2-1 win over West Ham<<< . His last red card came in an international for >>>England against Montenegro in 2011<<< , with his most recent dismissal in the Premier League a sending-off for United against Fulham at Old Trafford in March , 2009 ."
bbc.com/sport/football/29918581,"Temperatures in Qatar can reach 40C between May and September , although a >>>date for the tournament has not been set<<< by Fifa . Europe 's biggest clubs >>>want the World Cup to be played in May<<< because a winter tournament would disrupt their domestic leagues . >>>Two likely outcomes<<< emerged - a tournament in November and December or in January and February ."
bbc.com/sport/football/30103293,"The latest move has been criticised by Alexandra Wrage , who >>>quit the world governing body 's independent governance committee last year<<< . Last week , Eckert released a >>>42-page report that cleared Russia and Qatar<<< of wrongdoing , confirming their status as hosts of the 2018 and 2022 World Cups respectively . He claimed it contained >>>"" numerous materially incomplete and erroneous representations ""<<< and said he would be appealing to Fifa ."
bbc.com/sport/football/30109947,"Mansfield , still managerless since >>>Paul Cox 's departure last week<<< , pulled away though as the game drew on , with Palmer 's back-post finish halting Concord 's momentum ."
bbc.com/sport/football/30272508,"Van Gaal 's team are fourth in the league following a 3-0 victory over Hull on Saturday , in what the >>>Dutchman described<<< as their most accomplished performance of the season ."
bbc.com/sport/football/30855230,"The 20-year-old became >>>the Millers ' record signing<<< when he joined from Oldham five months ago . MK Dons lost top-scorer Benik Afobe this week , with his loan terminated so he could leave parent club Arsenal >>>to join Wolves permanently<<< ."
bbc.com/sport/football/31815887,"The centre-half 's original loan deal had been set to expire later this week , but Port Vale were >>>looking to extend Inniss 's stay<<< after keeping three clean sheets in his first four matches for the club ."
bbc.com/sport/football/32347136,Bayern were missing several key players for Tuesday 's >>>3-1 loss in Portugal<<< .
bbc.com/sport/football/34160256,"Charlie Austin , who remained at Loftus Road >>>despite Premier League interest<<< during the summer , netted his fifth goal of the season from 20 yards . But O'Grady , a >>>loan signing from Brighton<<< on deadline day , worked tirelessly throughout as Forest 's lone front man and earned the penalty on which the game turned . Forest , who were in action for the first time since top scorer >>>Michail Antonio joined West Ham<<< for a reported £ 7m , held on for their first win on the road since beating Reading 3-0 on 28 February ."
bbc.com/sport/football/34429143,"The Parkhead boss stressed that they "" win as a team and lose as a team "" , after squandering their two-goal lead >>>to finish up 2-2<<< in the Europa League ."
bbc.com/sport/football/35193272,">>>Hamilton lost 1-0<<< at home to second-bottom Kilmarnock on Saturday , but Canning is confident his side will soon get the rewards he believes their efforts deserve ."
bbc.com/sport/football/35404223,""" Similar to Theo ( Robinson , >>>who also left to join Port Vale<<< ) , that can happen after a manager departs and I was honest enough to tell him back in December that he was n't likely to feature in my plans going forward ."
bbc.com/sport/football/35429620,"Morris , 19 , who >>>started the campaign in the Midlands on loan at Coventry City<<< , previously worked with Saddlers boss Sean O'Driscoll while on England duty . Morris is Walsall 's first signing of the January window and , other than on-loan midfielder George Evans ' return to Manchester City , prior to >>>being sold to Reading<<< , the Saddlers have not yet had to let any players go . Despite joining the club in time for this weekend 's FA Cup fourth-round tie at Reading , Morris is cup-tied , having played in the competition for York City , where he >>>also spent a month in October<<< ."
bbc.com/sport/football/36314721,>>>A bomb scare<<< at Old Trafford caused Sunday 's fixture to be abandoned . Bournemouth chairman Jeff Mostyn confirmed on Monday that the club >>>would supply free coach travel<<< to as many away supporters with tickets to the match as possible .
bbc.com/sport/football/36766791,"He has moved to Home Park after failing to agree a new deal with the Red Devils , >>>after two years in Sussex<<< ."
bbc.com/sport/football/37010406,Midfielder >>>Gylfi Sigurdsson<<< and winger >>>Nathan Dyer<<< have also signed contract extensions with Swansea .
bbc.com/sport/football/38110648,Balotelli joined Nice from Liverpool on >>>a free transfer<<< at the end of August .
bbc.com/sport/football/38196365,"Chelsea 's Brazil defender David Luiz , >>>whose side beat Manchester City 3-1<<< , said : "" I give this victory to the people who died . """
bbc.com/sport/football/38658707,Bluebirds manager Neil Warnock had said he was keen to >>>bring in a Premier League goalkeeper<<< before Saturday 's Championship game with Burton .
bbc.com/sport/football/38824918,Hamilton Academical went three points clear after >>>Tuesday 's 3-0 home win<<< over Caley Thistle .
bbc.com/sport/football/39204698,"Richards , a member of Chris Coleman 's Euro 2016 squad , >>>joined from Fulham<<< in a three-year deal in July 2016 . After Tuesday 's 1-1 draw at Blackburn , Warnock said Richards and his fellow full-back were >>>"" fantastic ""<<< . >>>In December Warnock admitted "" disappointment "" at Richards ' rehabilitation<<< , saying he had seen players return faster from broken legs but the player himself has no problem with his manager 's honesty ."
bbc.com/sport/football/39513312,"Michael O'Neill 's side >>>beat Norway 2-0<<< in their most recent match , a World Cup 2018 qualifier that moved them second behind Germany in Group C. The five-time World Cup winners became the first side to >>>qualify for next year 's tournament<<< in Russia with a 3-0 victory over Paraguay last week ."
bbc.com/sport/football/39549562,"Burton earned a crucial away win over relegation rivals Birmingham , with Blues boss >>>Gianfranco Zola resigning after the game<<< ."
bbc.com/sport/football/39977354,"The 55-year-old Italian , who >>>arrived in July<<< to replace Quique Sanchez Flores - also sacked after one season in charge - said he had no regrets ."
bbc.com/sport/football/40031889,"Cathro also described the >>>signing of the Scotland international<<< as an indication of the "" serious "" intent of the club 's summer recruitment plans . American Kitchen >>>replaced defender Alim Ozturk<<< as Hearts captain in September and Ozturk has since >>>left the club<<< ."
bbc.com/sport/football/42381736,"Just over 50 years on , Pep Guardiola 's modern-day side produced a masterclass in the mist against those same opponents as Spurs - regarded as one of the Premier League 's superpowers - were >>>outclassed by the same scoreline at Etihad Stadium<<< . Manchester United manager Mourinho adopted a conservative approach as opposed to taking City on eye-to-eye at Old Trafford last Sunday but saw his side comprehensively outplayed despite the >>>slender 2-1 scoreline<<< ."
bbc.com/sport/football/43594746,"The capacity has been reduced from when >>>109,000 watched United play Real Madrid there in 2014<<< . Liverpool and United met in the final of the 2014 event in Miami , with >>>Louis van Gaal 's team winning 3-1<<< ."
bbc.com/sport/formula1/34368137,"Rosberg was 0.297 secs ahead as the two Mercedes returned to their customary positions after their mysterious >>>struggles in Singapore<<< last weekend . The >>>persistent rain of Friday<<< was replaced by warm , dry weather and Suzuka was resplendent , the sea and mountains clearly visible in the distance to the south and north . >>>Japanese GP Final practice results<<<"
bbc.com/sport/formula1/37258313,"Whiting 's intervention comes after Raikkonen said Verstappen would cause a >>>major accident<<< "" sooner or later "" if he did not change his approach ."
bbc.com/sport/formula1/40522876,The German escaped further punishment for the incident at an >>>inquiry held by governing body the FIA<<< on Monday . It is the second incident in seven months in which Vettel has lost his temper in the car - at last year 's Mexican Grand Prix he >>>swore at race director Charlie Whiting<<< because he was angry Red Bull 's Max Verstappen was not being penalised .
bbc.com/sport/motogp/24690822,"Championship leader Marc Marquez says there was "" too much risk "" in fighting Jorge Lorenzo for the win and decided to settle for second place >>>in the Japanese MotoGP<<< ."
bbc.com/sport/motorsport/40740742,"The Dungannon driver was >>>dropped by Citroen for Rally Poland<<< after a crash-filled start to the season . Meeke , 38 , won the Finnish event in 2016 and will be looking to add to his >>>dramatic Rally Mexico<<< victory in March ."
bbc.com/sport/olympics/18915692,But he had >>>fought back to three points adrift going into<<< Friday 's final two races to decide the top 10 for the medal race .
bbc.com/sport/rugby-league/19343146,"The club staged home games at Leyton Orient 's Brisbane Road and Gillingham 's Priestfield Stadium earlier this season and in June , >>>chief executive Gus Mackay revealed they were considering staging more matches away from the Stoop<<< ."
bbc.com/sport/rugby-union/20606996,"Former Wales flanker >>>Martyn Williams believes Howley will need help<<< to guide him through the Six Nations , which begins at home to Ireland on 2 February . Howley first took charge of Wales against the Barbarians in June after Gatland >>>broke both his heels<<< in an accident in his native New Zealand . After beating the >>>Baa-Baas<<< , Howley was at the helm for three summer Test matches against Australia , a series which Wales lost 3-0 . Gatland resumed his head coach for the final two games of the series against New Zealand and >>>Australia<<< but will miss the Six Nations to concentrate on his Lions duties ."
bbc.com/sport/rugby-union/22487723,"Former England lock Redman , 48 , was brought in a two-year contract last summer by Richard Hill , who was >>>sacked as head coach at Sixways in April<<< . Former Great Britain rugby league coach Larder , part of Clive Woodward 's backroom staff when England won the Rugby World Cup in 2003 , first came to Sixways in 2007 , before >>>rejoining in June 2011 , then having his contract renewed last summer<<< . Rourre has effectively been replaced by Shane Howarth , who has left Wasps to >>>join the Warriors as a backs coach<<< , leaving the need for a new man to work exclusively with the forwards ."
bbc.com/sport/rugby-union/22512114,"Quins ' hopes of defending their title ended when they lost Saturday 's >>>semi-final 33-16 to Leicester Tigers<<< . Quins finished third in the Premiership table this season , >>>having won the title last season by beating Leicester<<< . "" We 've >>>won something this year in the LV = Cup<<< , got to >>>the quarter-finals of the Heineken Cup<<< and the semi-final in the Premiership ."
bbc.com/sport/rugby-union/23112145,"With five minutes to go of >>>this second Test cliff-hanger<<< , it was all going to plan . Two days later , >>>he was insisting there would be no problem<<< lifting his players for the mother of all finales at the former Olympic Stadium where the last series was also memorably decided 12 years ago . The Australian lock >>>faces an appeal hearing on Monday<<< initiated by the International Rugby Board into the original decision to clear him of stamping on Lions lock Alun Wyn Jones in the first Test . Warburton faces a worrying 48 hours - and a couple of sleep-deprived nights icing his injured hamstring every two hours - before knowing >>>if he will be fit to lead the side<<< ."
bbc.com/sport/rugby-union/31424677,">>>Wales romped to a 51-3 win<<< following an early red card for Stuart Hogg . The 29-year-old Gloucester scrum-half will win his 35th cap against Wales , who >>>make one change<<< from the side that lost to England ."
bbc.com/sport/rugby-union/31584759,"Welsh fractured his hand and Reid damaged his knee in the >>>26-23 defeat by Wales<<< on 15 February , Scotland 's second loss in as many matches . They are also >>>without stand-off Finn Russell<<< , who is suspended , and >>>lock Richie Gray<<< , who damaged an arm tendon against Wales ."
bbc.com/sport/rugby-union/31802403,"Worcester , >>>relegated from the Premiership 11 months ago<<< , are in strong contention for an immediate return to top-flight rugby . They currently sit top of the Championship table , having won a club record 23 successive matches since suffering >>>defeat at promotion rivals Bristol<<< on the opening weekend of the season ."
bbc.com/sport/rugby-union/32133357,Cardiff Blues fly-half Rhys Patchell will miss the European Challenge Cup quarter-final at Newport Gwent Dragons after being carried off during the >>>Pro12 defeat by Ulster<<< .
bbc.com/sport/rugby-union/33035832,"The 23-year-old , 6ft 5in Waratahs star >>>arrives at Scotstoun this summer<<< ."
bbc.com/sport/rugby-union/33039431,"Easter Road , which hosted >>>Scotland 's 1-0 friendly win over Qatar<<< on Friday , has a capacity of 20,241 ."
bbc.com/sport/rugby-union/33821880,With two months training under their belts - including punishing camps in Switzerland and Qatar - Wales head into the first of three games with >>>four Test debutants and a new captain<<< .
bbc.com/sport/rugby-union/35281467,"Rory Best admitted that "" choice "" half-time words were required as Ulster fought back from 23-0 down >>>to defeat Oyonnax<<< in the European Champions Cup ."
bbc.com/sport/rugby-union/35432692,"Dunbar , 25 , suffered a posterior thigh strain during Glasgow 's European Champions Cup >>>win over Racing 92<<< and will be out "" for the coming weeks "" . His Glasgow team-mate Mark Bennett is another injury concern , with Scotland coach Vern Cotter rating the outside centre 's chances as >>>no better than 50-50<<< as he recovers from a shoulder problem . Glasgow 's Ashe , who has won six caps but missed the cut for the World Cup , can play at blind-side flanker or number eight and was one of seven back-rowers named in >>>Scotland 's Six Nations squad<<< ."
bbc.com/sport/rugby-union/38132262,"Howley oversaw wins in the autumn series against Argentina , Japan and South Africa but has been criticised , especially following the >>>opening hammering by Australia<<< . But Williams believes Saturday 's >>>27-13 victory over South Africa<<< was an improved performance and provides some hope for the Six Nations ."
bbc.com/sport/rugby-union/39168372,The centre scored two tries as Warriors >>>thrashed the Dragons 47-17<<< to keep their faint hopes of a top-four finish alive .
bbc.com/sport/rugby-union/39503597,"The 24-year-old , >>>who will join Edinburgh Rugby in the summer<<< , was injured in last month 's >>>Six Nations defeat by England at Twickenham<<< . Fellow Glasgow Warrior Josh Strauss >>>is expected to be out for six weeks<<< after injuring a kidney on Scotland duty ."
bbc.com/sport/rugby-union/39586854,The 21-year-old won the last of his three Welsh caps in the 2015 World Cup quarter-final >>>defeat by South Africa<<< .
bbc.com/sport/tennis/20889416,"Djokovic will be anxious to return to winning ways before he launches the >>>defence of his title at the Australian Open<<< , which starts on 14 January ."
bbc.com/sport/tennis/22078976,"Roger Federer , the world number three , has >>>chosen to skip Monte Carlo<<< and begin his clay campaign in Madrid in May ."
bbc.com/sport/tennis/33557065,James Ward will play Gilles Simon in the opening match of >>>Britain 's Davis Cup quarter-final<<< against France at Queen 's Club .
bbc.com/sport/tennis/37115172,"Murray , >>>the first player to defend an Olympic singles title<<< , secured his 19th successive victory by a 6-3 6-2 margin . In the men 's draw , third seed Rafael Nadal , >>>who won the men 's doubles in Rio<<< , beat Uruguay 's Pablo Cuevas 6-1 7-6 ( 7-4 ) ."
bbc.com/sport/triathlon/22678429,"He had been injury free this season and in April >>>competed in a 10,000 m race on the track<<< in an attempt to qualify for the 2014 Commonwealth Games at the distance ."
bbc.com/sport/wales/33569801,He will be denied the chance to defend his Paralympic F42 discus title after the >>>event was cut from the Rio 2016 Games<<< .
bbc.com/sport/wales/38959807,"Fishlock , 30 , took over as >>>head coach last month<<< ."
