synset,num-occurrences
cup.n.01,497
tournament.n.01,196
concluding.s.01,191
euro.n.01,173
semi-final,134
win.v.01,125
game.n.01,113
quarter-final,110
beat.v.01,87
phase.n.01,82
match.n.01,79
victory.n.01,68
against,57
defeat.n.01,56
lose.v.01,49
round.n.01,48
sixteen.n.01,36
semifinal.n.01,35
championship.n.01,35
play.v.01,34
quarterfinal.n.01,34
goal.n.01,33
final.n.01,33
get_the_better_of.v.01,32
group.n.01,32
draw.n.01,28
confront.v.02,23
loss.n.01,22
league.n.01,19
winner.n.01,17
qualify.v.01,17
four.n.01,14
semifinal,14
play-off,14
competition.n.01,13
last-16,13
squad.n.01,12
score.v.01,12
friendly.a.01,12
vitamin_d.n.01,12
political_campaign.n.01,12
pull.v.01,11
necktie.n.01,11
team.n.01,11
win.n.01,11
volt.n.01,10
exit.n.01,10
take.v.01,10
history.n.01,10
gram.n.01,10
title.n.01,10
quarterfinal,9
trophy.n.01,8
meeting.n.01,8
performance.n.01,7
knock.v.01,7
meet.v.01,7
bite.v.01,7
travel.v.01,6
player.n.01,6
fixture.n.01,6
one-fourth.n.01,6
extinguish.v.04,6
qualifier.n.01,6
finalist.n.01,6
make.v.01,5
report.n.01,5
coating.n.02,5
consequence.n.01,5
lead.n.01,5
brazil.n.01,5
play.n.01,5
qualification.n.01,5
clang.n.01,5
side.n.01,5
thrash.v.01,5
united_states.n.01,5
),5
eight.n.01,5
degree_fahrenheit.n.01,4
soviet_union.n.01,4
get_down.v.07,4
champion.n.01,4
face.n.01,4
mark.n.01,4
glory.n.01,4
universe.n.01,4
(,4
2006,4
complete.v.01,4
come.v.01,4
destruction.n.02,3
gunfight.n.01,3
daily.n.01,3
quarter-finalist,3
appearance.n.01,3
failure.n.01,3
attack.n.01,3
punishment.n.01,3
rival.n.01,3
court.n.01,3
runner-up.n.01,3
keep.v.01,3
france.n.01,3
host.n.01,3
olympic_games.n.01,3
semi-finalist,3
2016,3
edge.v.01,3
finale.n.01,3
topographic_point.n.01,3
germany.n.01,2
ambition.n.01,2
day.n.01,2
success.n.01,2
elimination.n.01,2
snuff.v.01,2
1990,2
net.v.01,2
1998,2
2002,2
exit.v.01,2
organizer.n.02,2
destruction.n.01,2
2010,2
start.n.01,2
record.n.01,2
frolic.v.01,2
2014,2
contend.v.06,2
match.v.01,2
action.n.01,2
have.v.01,2
leave.v.01,2
contest.n.01,2
collector's_item.n.01,2
margin.n.01,2
dream.n.01,2
obstruct.v.01,2
boot.n.01,2
destroy.v.01,2
hydrogen.n.01,2
turin.n.01,2
brush.n.06,2
opposition.n.04,2
advance.v.01,2
goalscorer,2
qatar.n.01,2
result.v.01,2
date.n.01,2
humiliation.n.01,2
axial_rotation.n.01,2
find.v.01,2
upset.v.01,2
send.v.01,2
display.n.01,2
journey.n.01,2
run.v.01,2
thrashing.n.01,2
2012,2
sum.n.05,2
opportunity.n.01,2
analogue.n.01,1
2008,1
sweden-switzerland,1
argentina.n.01,1
feeling.n.01,1
Löw,1
Fifa,1
prime_minister.n.01,1
jump.v.13,1
henry.n.01,1
–,1
tricolor.n.01,1
”,1
1986,1
replay.n.01,1
outlive.v.01,1
scheduling.n.01,1
Portugal-Ghana,1
jesus.n.01,1
progress.n.03,1
wag.n.01,1
ko,1
goal-that-never-wa,1
expectation.n.01,1
4-0-victory,1
portugal.n.01,1
submission.n.01,1
decoration.n.02,1
perform.v.01,1
2-1,1
1970,1
third-place,1
adventure.n.01,1
wembley.n.01,1
overwhelm.v.01,1
confrontation.n.01,1
elbow.v.01,1
up.r.01,1
semi,1
evisceration.n.01,1
quarterfinalist,1
degree_centigrade.n.01,1
1994,1
legislation.n.01,1
bicker.n.01,1
narrative.n.01,1
tour.n.01,1
mauling,1
expect.v.03,1
vs.,1
half-time,1
give.v.01,1
dump.v.01,1
rejoinder.n.01,1
seize.v.01,1
1980,1
information_technology.n.01,1
block.n.01,1
stretch.v.01,1
Saint-Etienne,1
shame.n.02,1
bracket.n.01,1
blow.v.01,1
career.n.01,1
continue.v.01,1
hero.n.01,1
one-half.n.01,1
manufacture.v.01,1
line-up,1
spectator.n.01,1
lens.n.01,1
trial.n.02,1
sign.v.01,1
offense.n.05,1
enjoy.v.01,1
technology.n.01,1
2011,1
contest.v.01,1
beating.n.01,1
necessitate.v.01,1
director.n.01,1
Libertadores,1
punish.v.01,1
camp.n.01,1
field.n.01,1
replace.v.01,1
oust.v.01,1
fight.v.03,1
coverage.n.01,1
round-of-16,1
uruguay.n.01,1
chemical_reaction.n.01,1
semifinalist.n.01,1
stress.n.01,1
implosion.n.01,1
quarter‑final,1
2000,1
tie.v.01,1
crash.v.01,1
labor.v.02,1
format.n.01,1
room.n.01,1
cup-winning,1
daze.n.01,1
stomp.v.01,1
infamy.n.01,1
lead.v.01,1
ticket.n.01,1
craze.n.02,1
strike.n.01,1
Last-16,1
strength.n.01,1
bill.n.01,1
diary.n.01,1
introduction.n.01,1
thump.v.03,1
force.n.01,1
choice.n.02,1
homecoming.n.01,1
wilt.v.01,1
fourth.s.01,1
reappraisal.n.01,1
knock-out,1
lisbon.n.01,1
see.v.01,1
visit.v.01,1
deadlock.n.01,1
berth.v.01,1
far.r.01,1
outpass,1
romania.n.01,1
wobble.n.01,1
analysis.n.01,1
club.v.01,1
wc,1
stadium.n.01,1
Gelsenkirchen,1
concede.v.01,1
something,1
projection.n.01,1
tournament-best,1
1950,1
europe.n.01,1
cameroon.n.01,1
1974,1
giant.n.01,1
decision.n.01,1
kill.v.01,1
presentation.n.02,1
result.n.03,1
try.v.01,1
2022,1
scoreless.s.01,1
duel.n.01,1
angstrom.n.01,1
happen.v.01,1
television.n.01,1
playoff.n.01,1
versus,1
soccer.n.01,1
1966,1
loser.n.01,1
all-nighter,1
penalty-kick,1
set.n.01,1
battle.n.01,1
focus.n.01,1
thwart.v.01,1
time.n.01,1
prevail.v.04,1
this,1
coup_d'etat.n.01,1
time_period.n.01,1
cover.v.05,1
beaten.a.01,1
host.v.01,1
hope.n.01,1
cover.v.01,1
one-tenth.n.01,1
—,1
brush.v.04,1
3-3,1
year.n.01,1
interrupt.v.04,1
collapse.n.01,1
semi‑final,1
star.n.01,1
progression.n.01,1
protest.n.01,1
2004,1
code.n.01,1
pen.n.01,1
last.s.01,1
2015,1
sink.v.01,1
confrontation.n.03,1
7-1,1
handball.n.01,1
sneak.v.01,1
ceremony.n.01,1
],1
conference.n.01,1
hang.v.01,1
run.n.01,1
night.n.01,1
States-Germany,1
committee.n.01,1
england.n.01,1
group-stage,1
look.v.02,1
first-match,1
bacillus.n.01,1
1934,1
tax_return.n.01,1
issue.n.01,1
cycle.n.01,1
ranking.n.01,1
july.n.01,1
excel.v.01,1
injury.n.01,1
presence.n.01,1
D.,1
prediction.n.01,1
kyyiv.n.01,1
1-0,1
crown.v.01,1
thanks.n.01,1
conflict.n.01,1
stop.n.01,1
gold.n.01,1
opener.n.01,1
B.,1
race.n.01,1
Quarter-Finals,1
football.n.01,1
Barruchaga,1
loom.n.01,1
there.n.01,1
moscow.n.01,1
battle.v.01,1
1954,1
C.,1
home.n.01,1
fan.n.01,1
beat.n.01,1
spain.n.01,1
approach.n.01,1
ready.a.01,1
season.n.01,1
Vieira,1
look.v.01,1
afford.v.01,1
lie.v.01,1
1938,1
draw.n.09,1
front-runner.n.01,1
