"","target","a1","a2","a3","a4","a5","a1_conf","a2_conf","confidence_integer","any_notatall_conf"
"1","Lockdowns","Pro","Neutral",NA,NA,NA,"Not at all","Somewhat",1,TRUE
"2","Trump","Anti",NA,"Anti",NA,NA,"Somewhat","Somewhat",2,FALSE
"3","Trump",NA,NA,NA,"Anti","Neutral","Not at all","Not at all",0,TRUE
"4","Trump",NA,NA,"Pro",NA,"Pro","Somewhat","Somewhat",2,FALSE
"5","Trump","Anti",NA,"Anti",NA,NA,"Somewhat","Very",3,FALSE
"6","Trump","Anti","Anti",NA,NA,NA,"Very","Very",4,FALSE
"7","Lockdowns",NA,NA,NA,"Neutral","Pro","Not at all","Somewhat",1,TRUE
"8","Trump","Neutral",NA,"Pro",NA,NA,"Somewhat","Somewhat",2,FALSE
"9","Trump",NA,"Pro",NA,"Pro",NA,"Somewhat","Very",3,FALSE
"10","Vaccines","Pro","Pro",NA,NA,NA,"Not at all","Somewhat",1,TRUE
"11","Vaccines",NA,NA,NA,"Pro","Pro","Somewhat","Very",3,FALSE
"12","Trump","Anti",NA,"Anti",NA,NA,"Somewhat","Very",3,FALSE
"13","Vaccines",NA,"Anti",NA,"Pro",NA,"Not at all","Very",2,TRUE
"14","Lockdowns",NA,NA,"Pro",NA,"Pro","Somewhat","Very",3,FALSE
"15","Trump",NA,"Pro",NA,"Pro",NA,"Very","Very",4,FALSE
"16","Trump","Anti","Anti",NA,NA,NA,"Somewhat","Very",3,FALSE
"17","Masks",NA,NA,NA,"Pro","Neutral","Not at all","Somewhat",1,TRUE
"18","Masks",NA,"Pro",NA,"Anti",NA,"Somewhat","Somewhat",2,FALSE
"19","Trump",NA,"Anti",NA,"Pro",NA,"Somewhat","Very",3,FALSE
"20","Vaccines",NA,NA,NA,"Pro","Pro","Not at all","Not at all",0,TRUE
"21","Trump",NA,"Anti",NA,"Anti",NA,"Very","Very",4,FALSE
"22","Trump",NA,"Anti",NA,"Anti",NA,"Somewhat","Very",3,FALSE
"23","Masks",NA,NA,NA,"Pro","Pro","Very","Very",4,FALSE
"24","Trump",NA,"Anti",NA,"Anti",NA,"Somewhat","Very",3,FALSE
"25","Lockdowns","Pro","Pro",NA,NA,NA,"Not at all","Somewhat",1,TRUE
"26","Masks","Pro","Pro",NA,NA,NA,"Somewhat","Somewhat",2,FALSE
"27","Trump",NA,NA,"Anti",NA,"Anti","Somewhat","Somewhat",2,FALSE
"28","Trump","Pro","Pro",NA,NA,NA,"Very","Very",4,FALSE
"29","Masks","Anti","Anti",NA,NA,NA,"Very","Very",4,FALSE
"30","Trump","Anti",NA,"Anti",NA,NA,"Somewhat","Somewhat",2,FALSE
"31","Masks","Neutral","Anti",NA,NA,NA,"Somewhat","Somewhat",2,FALSE
"32","Trump",NA,NA,"Pro",NA,"Pro","Somewhat","Very",3,FALSE
"33","Lockdowns",NA,"Pro",NA,"Pro",NA,"Very","Very",4,FALSE
"34","Trump","Anti",NA,"Anti",NA,NA,"Somewhat","Very",3,FALSE
"35","Masks","Pro",NA,"Pro",NA,NA,"Not at all","Somewhat",1,TRUE
"36","Vaccines","Pro","Pro",NA,NA,NA,"Very","Very",4,FALSE
"37","Lockdowns",NA,NA,NA,"Anti","Anti","Somewhat","Very",3,FALSE
"38","Lockdowns",NA,NA,"Pro",NA,"Pro","Somewhat","Very",3,FALSE
"39","Trump",NA,NA,"Anti",NA,"Anti","Somewhat","Somewhat",2,FALSE
"40","Trump",NA,NA,"Pro",NA,"Pro","Somewhat","Somewhat",2,FALSE
"41","Masks",NA,NA,"Anti",NA,"Anti","Not at all","Not at all",0,TRUE
"42","Lockdowns",NA,NA,"Anti",NA,"Anti","Somewhat","Somewhat",2,FALSE
"43","Trump","Anti","Anti",NA,NA,NA,"Very","Very",4,FALSE
"44","Lockdowns",NA,"Pro",NA,"Pro",NA,"Very","Very",4,FALSE
"45","Trump",NA,NA,"Pro",NA,"Anti","Not at all","Somewhat",1,TRUE
"46","Trump",NA,"Neutral",NA,"Pro",NA,"Somewhat","Somewhat",2,FALSE
"47","Masks",NA,"Anti",NA,"Neutral",NA,"Not at all","Somewhat",1,TRUE
"48","Trump",NA,NA,NA,"Anti","Anti","Not at all","Somewhat",1,TRUE
"49","Trump","Anti",NA,"Anti",NA,NA,"Somewhat","Very",3,FALSE
"50","Lockdowns","Pro","Pro",NA,NA,NA,"Somewhat","Very",3,FALSE
"51","Lockdowns",NA,"Pro",NA,"Pro",NA,"Somewhat","Very",3,FALSE
"52","Vaccines","Pro",NA,"Pro",NA,NA,"Not at all","Somewhat",1,TRUE
"53","Lockdowns",NA,"Pro",NA,"Pro",NA,"Somewhat","Very",3,FALSE
"54","Lockdowns",NA,NA,NA,"Pro","Pro","Very","Very",4,FALSE
"55","Vaccines",NA,NA,NA,"Pro","Pro","Somewhat","Somewhat",2,FALSE
"56","Trump","Neutral",NA,"Neutral",NA,NA,"Somewhat","Very",3,FALSE
"57","Lockdowns",NA,"Pro",NA,"Pro",NA,"Somewhat","Somewhat",2,FALSE
"58","Trump",NA,NA,NA,"Anti","Neutral","Not at all","Somewhat",1,TRUE
"59","Lockdowns","Pro",NA,"Pro",NA,NA,"Somewhat","Very",3,FALSE
"60","Lockdowns","Pro",NA,"Neutral",NA,NA,"Somewhat","Somewhat",2,FALSE
"61","Vaccines",NA,NA,"Pro",NA,"Pro","Somewhat","Somewhat",2,FALSE
"62","Lockdowns",NA,NA,NA,"Pro","Pro","Very","Very",4,FALSE
"63","Vaccines","Pro","Pro",NA,NA,NA,"Somewhat","Very",3,FALSE
"64","Lockdowns","Pro",NA,"Pro",NA,NA,"Somewhat","Somewhat",2,FALSE
"65","Lockdowns",NA,NA,NA,"Pro","Pro","Somewhat","Very",3,FALSE
"66","Lockdowns",NA,NA,"Neutral",NA,"Neutral","Somewhat","Somewhat",2,FALSE
"67","Vaccines","Pro",NA,"Pro",NA,NA,"Not at all","Somewhat",1,TRUE
"68","Lockdowns",NA,NA,NA,"Anti","Pro","Not at all","Somewhat",1,TRUE
"69","Vaccines","Pro","Pro",NA,NA,NA,"Somewhat","Very",3,FALSE
"70","Lockdowns",NA,NA,NA,"Pro","Pro","Somewhat","Somewhat",2,FALSE
"71","Trump",NA,"Anti",NA,"Anti",NA,"Very","Very",4,FALSE
"72","Vaccines",NA,"Anti",NA,"Anti",NA,"Very","Very",4,FALSE
"73","Vaccines",NA,NA,NA,"Pro","Pro","Very","Very",4,FALSE
"74","Lockdowns",NA,NA,NA,"Pro","Pro","Somewhat","Very",3,FALSE
"75","Lockdowns",NA,NA,"Neutral",NA,"Neutral","Not at all","Somewhat",1,TRUE
"76","Lockdowns","Pro",NA,"Pro",NA,NA,"Very","Very",4,FALSE
"77","Lockdowns",NA,NA,NA,"Pro","Pro","Very","Very",4,FALSE
"78","Lockdowns",NA,NA,"Pro",NA,"Pro","Very","Very",4,FALSE
"79","Trump",NA,NA,"Anti",NA,"Anti","Somewhat","Somewhat",2,FALSE
"80","Lockdowns",NA,NA,NA,"Pro","Pro","Not at all","Somewhat",1,TRUE
"81","Trump",NA,"Anti",NA,"Anti",NA,"Somewhat","Very",3,FALSE
"82","Lockdowns",NA,"Anti",NA,"Anti",NA,"Very","Very",4,FALSE
"83","Masks","Pro",NA,"Pro",NA,NA,"Somewhat","Very",3,FALSE
"84","Lockdowns",NA,NA,NA,"Pro","Pro","Not at all","Somewhat",1,TRUE
"85","Trump","Anti",NA,"Anti",NA,NA,"Somewhat","Very",3,FALSE
"86","Masks",NA,NA,"Pro",NA,"Pro","Somewhat","Very",3,FALSE
"87","Lockdowns","Pro","Pro",NA,NA,NA,"Not at all","Somewhat",1,TRUE
"88","Lockdowns",NA,NA,NA,"Pro","Pro","Very","Very",4,FALSE
"89","Lockdowns",NA,NA,NA,"Pro","Pro","Somewhat","Somewhat",2,FALSE
"90","Lockdowns","Pro","Pro",NA,NA,NA,"Very","Very",4,FALSE
"91","Lockdowns","Neutral",NA,"Anti",NA,NA,"Not at all","Somewhat",1,TRUE
"92","Lockdowns","Pro","Pro",NA,NA,NA,"Somewhat","Very",3,FALSE
"93","Lockdowns",NA,NA,"Pro",NA,"Pro","Somewhat","Somewhat",2,FALSE
"94","Masks",NA,NA,"Neutral",NA,"Pro","Somewhat","Somewhat",2,FALSE
"95","Lockdowns",NA,"Anti",NA,"Anti",NA,"Somewhat","Somewhat",2,FALSE
"96","Lockdowns","Pro","Pro",NA,NA,NA,"Not at all","Not at all",0,TRUE
"97","Trump",NA,NA,"Anti",NA,"Anti","Not at all","Somewhat",1,TRUE
"98","Lockdowns",NA,NA,"Pro",NA,"Pro","Very","Very",4,FALSE
"99","Lockdowns",NA,NA,"Pro",NA,"Pro","Very","Very",4,FALSE
"100","Lockdowns",NA,NA,"Pro",NA,"Neutral","Not at all","Not at all",0,TRUE
"101","Lockdowns",NA,NA,"Pro",NA,"Pro","Very","Very",4,FALSE
"102","Masks","Pro",NA,"Pro",NA,NA,"Somewhat","Somewhat",2,FALSE
"103","Lockdowns","Pro","Pro",NA,NA,NA,"Very","Very",4,FALSE
"104","Lockdowns",NA,NA,"Pro",NA,"Pro","Very","Very",4,FALSE
"105","Lockdowns",NA,NA,NA,"Pro","Pro","Very","Very",4,FALSE
"106","Lockdowns",NA,NA,"Pro",NA,"Pro","Somewhat","Somewhat",2,FALSE
"107","Lockdowns",NA,NA,"Pro",NA,"Pro","Not at all","Very",2,TRUE
"108","Vaccines",NA,"Pro",NA,"Pro",NA,"Very","Very",4,FALSE
"109","Trump",NA,NA,"Anti",NA,"Anti","Somewhat","Somewhat",2,FALSE
"110","Lockdowns",NA,NA,NA,"Pro","Pro","Somewhat","Very",3,FALSE
"111","Lockdowns",NA,NA,"Anti",NA,"Neutral","Not at all","Not at all",0,TRUE
"112","Masks",NA,NA,"Pro",NA,"Pro","Somewhat","Very",3,FALSE
"113","Vaccines","Pro",NA,"Pro",NA,NA,"Not at all","Not at all",0,TRUE
"114","Trump","Anti",NA,"Anti",NA,NA,"Somewhat","Very",3,FALSE
"115","Trump",NA,NA,NA,"Anti","Anti","Somewhat","Very",3,FALSE
"116","Lockdowns",NA,NA,NA,"Pro","Pro","Very","Very",4,FALSE
"117","Lockdowns","Pro","Pro",NA,NA,NA,"Not at all","Somewhat",1,TRUE
"118","Lockdowns","Pro","Pro",NA,NA,NA,"Very","Very",4,FALSE
"119","Trump","Pro",NA,"Pro",NA,NA,"Not at all","Somewhat",1,TRUE
"120","Masks","Pro","Pro",NA,NA,NA,"Very","Very",4,FALSE
"121","Trump","Pro","Pro",NA,NA,NA,"Very","Very",4,FALSE
"122","Trump","Anti",NA,"Anti",NA,NA,"Not at all","Not at all",0,TRUE
"123","Vaccines","Pro","Pro",NA,NA,NA,"Very","Very",4,FALSE
"124","Lockdowns","Pro",NA,"Pro",NA,NA,"Not at all","Somewhat",1,TRUE
"125","Lockdowns","Pro",NA,"Neutral",NA,NA,"Not at all","Somewhat",1,TRUE
"126","Lockdowns",NA,NA,NA,"Anti","Neutral","Not at all","Somewhat",1,TRUE
"127","Masks",NA,"Pro",NA,"Pro",NA,"Very","Very",4,FALSE
"128","Trump",NA,NA,"Neutral",NA,"Anti","Not at all","Not at all",0,TRUE
"129","Trump",NA,"Anti",NA,"Anti",NA,"Not at all","Very",2,TRUE
"130","Lockdowns","Pro",NA,"Pro",NA,NA,"Very","Very",4,FALSE
"131","Lockdowns","Pro","Pro",NA,NA,NA,"Somewhat","Very",3,FALSE
"132","Lockdowns",NA,NA,"Neutral",NA,"Pro","Not at all","Somewhat",1,TRUE
"133","Lockdowns","Neutral","Pro",NA,NA,NA,"Not at all","Somewhat",1,TRUE
"134","Masks",NA,NA,NA,"Pro","Pro","Very","Very",4,FALSE
"135","Lockdowns","Pro",NA,"Pro",NA,NA,"Very","Very",4,FALSE
"136","Lockdowns","Neutral","Neutral",NA,NA,NA,"Not at all","Somewhat",1,TRUE
"137","Lockdowns","Pro","Neutral",NA,NA,NA,"Not at all","Very",2,TRUE
"138","Lockdowns",NA,NA,NA,"Pro","Pro","Very","Very",4,FALSE
"139","Lockdowns",NA,"Pro",NA,"Pro",NA,"Very","Very",4,FALSE
"140","Vaccines",NA,NA,"Anti",NA,"Anti","Somewhat","Somewhat",2,FALSE
"141","Lockdowns",NA,"Pro",NA,"Pro",NA,"Not at all","Somewhat",1,TRUE
"142","Lockdowns",NA,NA,NA,"Pro","Pro","Very","Very",4,FALSE
"143","Lockdowns","Neutral",NA,"Neutral",NA,NA,"Not at all","Not at all",0,TRUE
"144","Lockdowns","Pro",NA,"Pro",NA,NA,"Somewhat","Somewhat",2,FALSE
"145","Masks",NA,NA,"Pro",NA,"Pro","Somewhat","Very",3,FALSE
"146","Vaccines",NA,NA,NA,"Pro","Pro","Somewhat","Very",3,FALSE
"147","Lockdowns","Neutral","Neutral",NA,NA,NA,"Not at all","Somewhat",1,TRUE
"148","Masks",NA,NA,NA,"Pro","Pro","Somewhat","Very",3,FALSE
"149","Masks","Pro","Pro",NA,NA,NA,"Somewhat","Very",3,FALSE
"150","Lockdowns",NA,NA,"Pro",NA,"Pro","Somewhat","Very",3,FALSE
"151","Lockdowns",NA,NA,"Pro",NA,"Pro","Somewhat","Very",3,FALSE
"152","Masks",NA,NA,NA,"Pro","Pro","Somewhat","Very",3,FALSE
"153","Vaccines",NA,"Pro",NA,"Anti",NA,"Somewhat","Very",3,FALSE
"154","Lockdowns",NA,"Pro",NA,"Pro",NA,"Somewhat","Somewhat",2,FALSE
"155","Trump",NA,NA,NA,"Anti","Anti","Somewhat","Very",3,FALSE
"156","Trump","Pro",NA,"Pro",NA,NA,"Not at all","Very",2,TRUE
"157","Trump",NA,NA,NA,"Anti","Anti","Somewhat","Very",3,FALSE
"158","Masks",NA,"Pro",NA,"Pro",NA,"Very","Very",4,FALSE
"159","Lockdowns",NA,"Anti",NA,"Neutral",NA,"Not at all","Not at all",0,TRUE
"160","Lockdowns","Pro","Pro",NA,NA,NA,"Not at all","Somewhat",1,TRUE
"161","Vaccines","Anti","Anti",NA,NA,NA,"Somewhat","Very",3,FALSE
"162","Vaccines",NA,"Pro",NA,"Pro",NA,"Somewhat","Somewhat",2,FALSE
"163","Trump",NA,NA,NA,"Anti","Anti","Somewhat","Very",3,FALSE
"164","Vaccines",NA,"Pro",NA,"Pro",NA,"Very","Very",4,FALSE
"165","Vaccines","Anti","Anti",NA,NA,NA,"Somewhat","Very",3,FALSE
"166","Trump","Pro","Pro",NA,NA,NA,"Somewhat","Very",3,FALSE
"167","Masks","Anti",NA,"Anti",NA,NA,"Somewhat","Very",3,FALSE
"168","Trump",NA,NA,NA,"Pro","Pro","Not at all","Somewhat",1,TRUE
"169","Trump","Neutral","Neutral",NA,NA,NA,"Not at all","Very",2,TRUE
"170","Masks","Pro","Pro",NA,NA,NA,"Very","Very",4,FALSE
"171","Masks","Pro","Pro",NA,NA,NA,"Very","Very",4,FALSE
"172","Lockdowns","Pro",NA,"Pro",NA,NA,"Somewhat","Somewhat",2,FALSE
"173","Masks","Neutral",NA,"Pro",NA,NA,"Not at all","Not at all",0,TRUE
"174","Lockdowns",NA,NA,NA,"Pro","Pro","Somewhat","Somewhat",2,FALSE
"175","Lockdowns",NA,"Pro",NA,"Pro",NA,"Very","Very",4,FALSE
"176","Masks",NA,NA,"Neutral",NA,"Neutral","Not at all","Not at all",0,TRUE
"177","Lockdowns",NA,NA,NA,"Pro","Pro","Somewhat","Very",3,FALSE
"178","Lockdowns",NA,NA,NA,"Pro","Pro","Somewhat","Somewhat",2,FALSE
"179","Masks","Pro",NA,"Anti",NA,NA,"Somewhat","Very",3,FALSE
"180","Lockdowns","Pro",NA,"Pro",NA,NA,"Very","Very",4,FALSE
"181","Lockdowns","Pro",NA,"Pro",NA,NA,"Not at all","Somewhat",1,TRUE
"182","Masks",NA,NA,"Pro",NA,"Pro","Not at all","Very",2,TRUE
"183","Lockdowns","Pro","Neutral",NA,NA,NA,"Somewhat","Very",3,FALSE
"184","Lockdowns",NA,"Neutral",NA,"Pro",NA,"Not at all","Not at all",0,TRUE
"185","Lockdowns","Neutral",NA,"Pro",NA,NA,"Not at all","Not at all",0,TRUE
"186","Vaccines",NA,NA,"Anti",NA,"Pro","Not at all","Somewhat",1,TRUE
"187","Lockdowns",NA,NA,NA,"Pro","Pro","Somewhat","Somewhat",2,FALSE
"188","Lockdowns",NA,NA,"Anti",NA,"Anti","Somewhat","Very",3,FALSE
"189","Vaccines","Pro",NA,"Pro",NA,NA,"Somewhat","Very",3,FALSE
"190","Lockdowns",NA,NA,"Neutral",NA,"Pro","Not at all","Somewhat",1,TRUE
"191","Lockdowns","Pro",NA,"Pro",NA,NA,"Somewhat","Somewhat",2,FALSE
"192","Trump",NA,NA,"Anti",NA,"Anti","Not at all","Somewhat",1,TRUE
"193","Lockdowns",NA,"Pro",NA,"Pro",NA,"Somewhat","Very",3,FALSE
"194","Masks",NA,NA,"Pro",NA,"Pro","Somewhat","Very",3,FALSE
"195","Lockdowns","Pro",NA,"Pro",NA,NA,"Not at all","Not at all",0,TRUE
"196","Lockdowns",NA,NA,"Neutral",NA,"Neutral","Not at all","Somewhat",1,TRUE
"197","Lockdowns",NA,NA,"Pro",NA,"Pro","Somewhat","Very",3,FALSE
"198","Lockdowns","Neutral","Neutral",NA,NA,NA,"Not at all","Not at all",0,TRUE
"199","Lockdowns","Anti",NA,"Anti",NA,NA,"Very","Very",4,FALSE
"200","Vaccines","Pro","Pro",NA,NA,NA,"Not at all","Very",2,TRUE
"201","Masks",NA,NA,"Pro",NA,"Pro","Very","Very",4,FALSE
"202","Trump",NA,NA,NA,"Pro","Pro","Somewhat","Somewhat",2,FALSE
"203","Lockdowns","Anti",NA,"Anti",NA,NA,"Somewhat","Very",3,FALSE
"204","Masks","Pro",NA,"Pro",NA,NA,"Somewhat","Somewhat",2,FALSE
"205","Trump",NA,"Pro",NA,"Pro",NA,"Somewhat","Somewhat",2,FALSE
"206","Lockdowns",NA,"Pro",NA,"Pro",NA,"Very","Very",4,FALSE
"207","Vaccines",NA,NA,NA,"Pro","Pro","Somewhat","Very",3,FALSE
"208","Trump","Anti","Neutral",NA,NA,NA,"Somewhat","Somewhat",2,FALSE
"209","Lockdowns","Pro",NA,"Pro",NA,NA,"Somewhat","Very",3,FALSE
"210","Lockdowns",NA,"Anti",NA,"Pro",NA,"Not at all","Somewhat",1,TRUE
"211","Vaccines","Pro","Pro",NA,NA,NA,"Very","Very",4,FALSE
"212","Vaccines","Pro","Pro",NA,NA,NA,"Very","Very",4,FALSE
"213","Lockdowns","Anti","Anti",NA,NA,NA,"Very","Very",4,FALSE
"214","Trump",NA,"Pro",NA,"Pro",NA,"Very","Very",4,FALSE
"215","Trump",NA,NA,NA,"Anti","Anti","Somewhat","Very",3,FALSE
"216","Lockdowns",NA,"Neutral",NA,"Anti",NA,"Not at all","Somewhat",1,TRUE
"217","Lockdowns","Pro","Neutral",NA,NA,NA,"Somewhat","Somewhat",2,FALSE
"218","Lockdowns",NA,NA,"Pro",NA,"Pro","Somewhat","Very",3,FALSE
"219","Trump",NA,"Anti",NA,"Anti",NA,"Very","Very",4,FALSE
"220","Trump",NA,NA,NA,"Anti","Anti","Somewhat","Somewhat",2,FALSE
"221","Lockdowns",NA,"Pro",NA,"Pro",NA,"Somewhat","Very",3,FALSE
"222","Masks","Pro",NA,"Pro",NA,NA,"Very","Very",4,FALSE
"223","Lockdowns",NA,NA,NA,"Pro","Pro","Somewhat","Somewhat",2,FALSE
"224","Lockdowns","Anti",NA,"Anti",NA,NA,"Very","Very",4,FALSE
"225","Trump","Anti","Anti",NA,NA,NA,"Somewhat","Very",3,FALSE
"226","Trump",NA,"Neutral",NA,"Anti",NA,"Not at all","Not at all",0,TRUE
"227","Lockdowns",NA,NA,"Anti",NA,"Anti","Somewhat","Very",3,FALSE
"228","Masks","Pro","Pro",NA,NA,NA,"Very","Very",4,FALSE
"229","Masks","Anti",NA,"Anti",NA,NA,"Somewhat","Somewhat",2,FALSE
"230","Trump","Pro",NA,"Neutral",NA,NA,"Somewhat","Very",3,FALSE
"231","Masks","Pro","Pro",NA,NA,NA,"Very","Very",4,FALSE
"232","Masks",NA,NA,"Pro",NA,"Pro","Somewhat","Somewhat",2,FALSE
"233","Vaccines",NA,NA,"Anti",NA,"Anti","Somewhat","Very",3,FALSE
"234","Vaccines",NA,"Pro",NA,"Pro",NA,"Very","Very",4,FALSE
"235","Lockdowns","Pro",NA,"Pro",NA,NA,"Somewhat","Somewhat",2,FALSE
"236","Lockdowns",NA,NA,"Anti",NA,"Anti","Not at all","Somewhat",1,TRUE
"237","Vaccines",NA,NA,"Pro",NA,"Pro","Not at all","Somewhat",1,TRUE
"238","Vaccines",NA,NA,NA,"Anti","Anti","Very","Very",4,FALSE
"239","Lockdowns","Neutral","Anti",NA,NA,NA,"Not at all","Somewhat",1,TRUE
"240","Masks","Pro",NA,"Pro",NA,NA,"Very","Very",4,FALSE
"241","Lockdowns",NA,"Pro",NA,"Pro",NA,"Very","Very",4,FALSE
"242","Trump","Neutral","Pro",NA,NA,NA,"Somewhat","Very",3,FALSE
"243","Lockdowns","Neutral","Anti",NA,NA,NA,"Somewhat","Somewhat",2,FALSE
"244","Masks",NA,NA,NA,"Pro","Pro","Somewhat","Very",3,FALSE
"245","Lockdowns","Neutral",NA,"Anti",NA,NA,"Not at all","Somewhat",1,TRUE
"246","Masks",NA,"Anti",NA,"Anti",NA,"Very","Very",4,FALSE
"247","Lockdowns",NA,NA,NA,"Pro","Pro","Not at all","Not at all",0,TRUE
"248","Trump",NA,NA,"Pro",NA,"Pro","Very","Very",4,FALSE
"249","Lockdowns",NA,"Anti",NA,"Anti",NA,"Very","Very",4,FALSE
"250","Trump",NA,NA,NA,"Pro","Pro","Somewhat","Very",3,FALSE
"251","Lockdowns","Pro","Neutral",NA,NA,NA,"Somewhat","Somewhat",2,FALSE
"252","Lockdowns",NA,NA,NA,"Pro","Pro","Very","Very",4,FALSE
"253","Lockdowns",NA,NA,NA,"Pro","Pro","Somewhat","Somewhat",2,FALSE
"254","Lockdowns",NA,"Pro",NA,"Pro",NA,"Somewhat","Somewhat",2,FALSE
"255","Lockdowns",NA,NA,"Neutral",NA,"Anti","Somewhat","Somewhat",2,FALSE
"256","Lockdowns",NA,NA,NA,"Pro","Pro","Not at all","Somewhat",1,TRUE
"257","Lockdowns","Pro","Pro",NA,NA,NA,"Very","Very",4,FALSE
"258","Masks",NA,"Anti",NA,"Neutral",NA,"Somewhat","Somewhat",2,FALSE
"259","Masks","Pro","Pro",NA,NA,NA,"Very","Very",4,FALSE
"260","Lockdowns",NA,"Anti",NA,"Anti",NA,"Not at all","Somewhat",1,TRUE
"261","Trump","Anti","Anti",NA,NA,NA,"Very","Very",4,FALSE
"262","Masks","Pro",NA,"Pro",NA,NA,"Very","Very",4,FALSE
"263","Lockdowns","Anti","Anti",NA,NA,NA,"Somewhat","Very",3,FALSE
"264","Lockdowns",NA,NA,NA,"Anti","Anti","Somewhat","Somewhat",2,FALSE
"265","Masks",NA,NA,NA,"Anti","Anti","Very","Very",4,FALSE
"266","Masks",NA,NA,NA,"Pro","Pro","Somewhat","Very",3,FALSE
"267","Trump","Pro",NA,"Neutral",NA,NA,"Not at all","Very",2,TRUE
"268","Masks",NA,NA,NA,"Pro","Pro","Very","Very",4,FALSE
"269","Lockdowns",NA,NA,"Pro",NA,"Pro","Not at all","Very",2,TRUE
"270","Lockdowns",NA,NA,NA,"Neutral","Pro","Not at all","Not at all",0,TRUE
"271","Lockdowns",NA,NA,"Neutral",NA,"Pro","Not at all","Somewhat",1,TRUE
"272","Lockdowns",NA,"Anti",NA,"Anti",NA,"Somewhat","Very",3,FALSE
"273","Masks",NA,"Pro",NA,"Pro",NA,"Not at all","Very",2,TRUE
"274","Lockdowns",NA,NA,"Neutral",NA,"Pro","Somewhat","Somewhat",2,FALSE
"275","Masks",NA,NA,NA,"Neutral","Pro","Somewhat","Somewhat",2,FALSE
"276","Masks",NA,NA,"Pro",NA,"Pro","Not at all","Not at all",0,TRUE
"277","Masks",NA,"Pro",NA,"Pro",NA,"Very","Very",4,FALSE
"278","Lockdowns","Pro",NA,"Pro",NA,NA,"Very","Very",4,FALSE
"279","Lockdowns","Neutral","Anti",NA,NA,NA,"Somewhat","Somewhat",2,FALSE
"280","Masks",NA,NA,"Pro",NA,"Pro","Very","Very",4,FALSE
"281","Lockdowns","Neutral","Pro",NA,NA,NA,"Not at all","Somewhat",1,TRUE
"282","Lockdowns",NA,NA,NA,"Pro","Pro","Somewhat","Very",3,FALSE
"283","Trump",NA,NA,NA,"Anti","Anti","Somewhat","Somewhat",2,FALSE
"284","Masks",NA,"Pro",NA,"Pro",NA,"Very","Very",4,FALSE
"285","Lockdowns","Neutral","Anti",NA,NA,NA,"Somewhat","Very",3,FALSE
"286","Masks",NA,NA,NA,"Anti","Anti","Somewhat","Somewhat",2,FALSE
"287","Vaccines","Pro","Pro",NA,NA,NA,"Very","Very",4,FALSE
"288","Lockdowns",NA,"Anti",NA,"Anti",NA,"Not at all","Somewhat",1,TRUE
"289","Lockdowns","Anti","Anti",NA,NA,NA,"Somewhat","Very",3,FALSE
"290","Lockdowns",NA,"Anti",NA,"Anti",NA,"Very","Very",4,FALSE
"291","Masks",NA,"Pro",NA,"Pro",NA,"Somewhat","Very",3,FALSE
"292","Trump",NA,NA,"Anti",NA,"Anti","Not at all","Somewhat",1,TRUE
"293","Lockdowns","Pro",NA,"Anti",NA,NA,"Not at all","Not at all",0,TRUE
"294","Trump","Pro","Pro",NA,NA,NA,"Very","Very",4,FALSE
"295","Lockdowns",NA,NA,NA,"Pro","Pro","Somewhat","Very",3,FALSE
"296","Vaccines",NA,NA,"Pro",NA,"Pro","Very","Very",4,FALSE
"297","Lockdowns","Pro","Pro",NA,NA,NA,"Not at all","Somewhat",1,TRUE
"298","Lockdowns",NA,NA,"Neutral",NA,"Pro","Not at all","Very",2,TRUE
"299","Lockdowns",NA,NA,NA,"Pro","Anti","Somewhat","Somewhat",2,FALSE
"300","Vaccines","Pro",NA,"Pro",NA,NA,"Somewhat","Very",3,FALSE
"301","Lockdowns","Neutral","Neutral",NA,NA,NA,"Not at all","Somewhat",1,TRUE
"302","Lockdowns",NA,"Neutral",NA,"Neutral",NA,"Not at all","Not at all",0,TRUE
"303","Masks",NA,NA,"Pro",NA,"Pro","Somewhat","Very",3,FALSE
"304","Lockdowns",NA,NA,NA,"Pro","Pro","Not at all","Very",2,TRUE
"305","Vaccines",NA,"Pro",NA,"Pro",NA,"Not at all","Very",2,TRUE
"306","Lockdowns","Anti","Anti",NA,NA,NA,"Very","Very",4,FALSE
"307","Masks","Pro","Pro",NA,NA,NA,"Very","Very",4,FALSE
"308","Masks","Pro",NA,"Pro",NA,NA,"Very","Very",4,FALSE
"309","Masks",NA,"Anti",NA,"Anti",NA,"Very","Very",4,FALSE
"310","Lockdowns","Neutral",NA,"Neutral",NA,NA,"Somewhat","Somewhat",2,FALSE
"311","Lockdowns",NA,"Anti",NA,"Anti",NA,"Very","Very",4,FALSE
"312","Lockdowns",NA,NA,"Neutral",NA,"Pro","Somewhat","Somewhat",2,FALSE
"313","Masks",NA,NA,"Pro",NA,"Pro","Somewhat","Somewhat",2,FALSE
"314","Lockdowns",NA,"Pro",NA,"Pro",NA,"Somewhat","Somewhat",2,FALSE
"315","Vaccines","Pro","Pro",NA,NA,NA,"Not at all","Very",2,TRUE
"316","Lockdowns",NA,"Neutral",NA,"Pro",NA,"Somewhat","Somewhat",2,FALSE
"317","Trump","Neutral","Neutral",NA,NA,NA,"Somewhat","Somewhat",2,FALSE
"318","Masks","Anti",NA,"Anti",NA,NA,"Somewhat","Very",3,FALSE
"319","Masks",NA,"Pro",NA,"Pro",NA,"Very","Very",4,FALSE
"320","Vaccines",NA,NA,"Pro",NA,"Pro","Somewhat","Somewhat",2,FALSE
"321","Masks","Pro",NA,"Pro",NA,NA,"Somewhat","Somewhat",2,FALSE
"322","Lockdowns",NA,NA,"Pro",NA,"Pro","Not at all","Somewhat",1,TRUE
"323","Trump",NA,NA,"Pro",NA,"Pro","Somewhat","Very",3,FALSE
"324","Lockdowns",NA,"Pro",NA,"Pro",NA,"Not at all","Somewhat",1,TRUE
"325","Lockdowns",NA,NA,NA,"Pro","Neutral","Not at all","Not at all",0,TRUE
"326","Lockdowns","Pro","Pro",NA,NA,NA,"Very","Very",4,FALSE
"327","Masks",NA,"Pro",NA,"Pro",NA,"Somewhat","Very",3,FALSE
"328","Vaccines","Pro",NA,"Pro",NA,NA,"Very","Very",4,FALSE
"329","Masks","Neutral",NA,"Pro",NA,NA,"Not at all","Very",2,TRUE
"330","Trump","Pro",NA,"Pro",NA,NA,"Somewhat","Very",3,FALSE
"331","Masks",NA,"Pro",NA,"Pro",NA,"Very","Very",4,FALSE
"332","Trump",NA,"Pro",NA,"Pro",NA,"Somewhat","Somewhat",2,FALSE
"333","Trump",NA,"Anti",NA,"Anti",NA,"Not at all","Somewhat",1,TRUE
"334","Trump",NA,NA,NA,"Neutral","Anti","Somewhat","Somewhat",2,FALSE
"335","Trump",NA,"Anti",NA,"Anti",NA,"Very","Very",4,FALSE
"336","Masks",NA,"Pro",NA,"Pro",NA,"Somewhat","Very",3,FALSE
"337","Trump","Pro",NA,"Neutral",NA,NA,"Not at all","Somewhat",1,TRUE
"338","Lockdowns",NA,NA,NA,"Anti","Anti","Very","Very",4,FALSE
"339","Vaccines","Pro","Pro",NA,NA,NA,"Very","Very",4,FALSE
"340","Lockdowns","Pro",NA,"Neutral",NA,NA,"Not at all","Somewhat",1,TRUE
"341","Lockdowns",NA,NA,"Anti",NA,"Anti","Not at all","Somewhat",1,TRUE
"342","Masks",NA,NA,NA,"Pro","Pro","Somewhat","Very",3,FALSE
"343","Masks",NA,"Pro",NA,"Pro",NA,"Somewhat","Somewhat",2,FALSE
"344","Vaccines",NA,NA,NA,"Pro","Pro","Somewhat","Somewhat",2,FALSE
"345","Lockdowns",NA,NA,"Neutral",NA,"Neutral","Not at all","Not at all",0,TRUE
"346","Trump","Anti",NA,"Anti",NA,NA,"Somewhat","Very",3,FALSE
"347","Trump",NA,"Neutral",NA,"Anti",NA,"Somewhat","Somewhat",2,FALSE
"348","Trump","Anti","Neutral",NA,NA,NA,"Somewhat","Somewhat",2,FALSE
"349","Lockdowns","Pro",NA,"Pro",NA,NA,"Very","Very",4,FALSE
"350","Trump","Anti","Anti",NA,NA,NA,"Very","Very",4,FALSE
"351","Lockdowns","Anti","Anti",NA,NA,NA,"Very","Very",4,FALSE
"352","Masks","Pro","Pro",NA,NA,NA,"Somewhat","Very",3,FALSE
"353","Trump","Anti","Anti",NA,NA,NA,"Very","Very",4,FALSE
"354","Trump",NA,NA,"Anti",NA,"Anti","Somewhat","Somewhat",2,FALSE
"355","Trump","Anti",NA,"Anti",NA,NA,"Not at all","Very",2,TRUE
"356","Trump",NA,"Anti",NA,"Anti",NA,"Not at all","Very",2,TRUE
"357","Trump","Anti","Anti",NA,NA,NA,"Very","Very",4,FALSE
"358","Vaccines",NA,NA,"Pro",NA,"Pro","Somewhat","Somewhat",2,FALSE
"359","Trump","Anti",NA,"Neutral",NA,NA,"Not at all","Very",2,TRUE
"360","Trump","Anti",NA,"Anti",NA,NA,"Not at all","Somewhat",1,TRUE
"361","Masks","Pro",NA,"Pro",NA,NA,"Somewhat","Very",3,FALSE
"362","Trump","Anti",NA,"Anti",NA,NA,"Somewhat","Very",3,FALSE
"363","Lockdowns",NA,NA,NA,"Anti","Anti","Not at all","Somewhat",1,TRUE
"364","Trump","Neutral","Neutral",NA,NA,NA,"Not at all","Not at all",0,TRUE
"365","Trump",NA,NA,NA,"Anti","Anti","Somewhat","Somewhat",2,FALSE
"366","Trump","Anti",NA,"Anti",NA,NA,"Not at all","Very",2,TRUE
"367","Masks","Anti",NA,"Anti",NA,NA,"Somewhat","Very",3,FALSE
"368","Lockdowns","Neutral",NA,"Neutral",NA,NA,"Not at all","Not at all",0,TRUE
"369","Masks","Pro",NA,"Pro",NA,NA,"Not at all","Somewhat",1,TRUE
"370","Trump",NA,"Neutral",NA,"Anti",NA,"Not at all","Somewhat",1,TRUE
"371","Trump","Anti",NA,"Anti",NA,NA,"Somewhat","Very",3,FALSE
"372","Lockdowns",NA,"Pro",NA,"Pro",NA,"Not at all","Somewhat",1,TRUE
"373","Lockdowns","Neutral",NA,"Pro",NA,NA,"Not at all","Not at all",0,TRUE
"374","Lockdowns","Anti",NA,"Anti",NA,NA,"Somewhat","Very",3,FALSE
"375","Masks",NA,NA,"Neutral",NA,"Pro","Not at all","Somewhat",1,TRUE
"376","Trump",NA,NA,NA,"Anti","Anti","Somewhat","Somewhat",2,FALSE
"377","Lockdowns",NA,"Pro",NA,"Pro",NA,"Not at all","Somewhat",1,TRUE
"378","Lockdowns",NA,NA,NA,"Pro","Neutral","Not at all","Not at all",0,TRUE
"379","Masks",NA,"Pro",NA,"Pro",NA,"Very","Very",4,FALSE
"380","Masks",NA,NA,NA,"Pro","Pro","Very","Very",4,FALSE
"381","Trump","Pro","Pro",NA,NA,NA,"Somewhat","Very",3,FALSE
"382","Lockdowns","Neutral","Pro",NA,NA,NA,"Somewhat","Somewhat",2,FALSE
"383","Masks","Pro","Pro",NA,NA,NA,"Very","Very",4,FALSE
"384","Masks",NA,NA,NA,"Pro","Pro","Somewhat","Very",3,FALSE
"385","Trump","Anti",NA,"Anti",NA,NA,"Somewhat","Very",3,FALSE
"386","Masks","Pro","Pro",NA,NA,NA,"Very","Very",4,FALSE
"387","Trump","Anti","Anti",NA,NA,NA,"Very","Very",4,FALSE
"388","Lockdowns",NA,NA,"Pro",NA,"Pro","Somewhat","Very",3,FALSE
"389","Masks",NA,NA,"Pro",NA,"Pro","Somewhat","Very",3,FALSE
"390","Vaccines",NA,NA,NA,"Anti","Pro","Not at all","Somewhat",1,TRUE
"391","Masks","Pro",NA,"Pro",NA,NA,"Very","Very",4,FALSE
"392","Masks","Pro",NA,"Pro",NA,NA,"Very","Very",4,FALSE
"393","Lockdowns",NA,NA,NA,"Anti","Anti","Not at all","Somewhat",1,TRUE
"394","Lockdowns","Neutral",NA,"Neutral",NA,NA,"Not at all","Somewhat",1,TRUE
"395","Masks",NA,NA,NA,"Pro","Pro","Very","Very",4,FALSE
"396","Vaccines",NA,"Pro",NA,"Pro",NA,"Not at all","Very",2,TRUE
"397","Masks",NA,NA,"Pro",NA,"Pro","Somewhat","Very",3,FALSE
"398","Trump",NA,NA,"Anti",NA,"Pro","Not at all","Somewhat",1,TRUE
"399","Masks","Pro","Pro",NA,NA,NA,"Somewhat","Very",3,FALSE
"400","Masks",NA,"Pro",NA,"Pro",NA,"Very","Very",4,FALSE
"401","Masks","Pro","Pro",NA,NA,NA,"Very","Very",4,FALSE
"402","Trump",NA,NA,"Anti",NA,"Anti","Not at all","Somewhat",1,TRUE
"403","Trump","Anti","Anti",NA,NA,NA,"Very","Very",4,FALSE
"404","Masks","Pro","Pro",NA,NA,NA,"Very","Very",4,FALSE
"405","Masks","Pro","Pro",NA,NA,NA,"Very","Very",4,FALSE
"406","Trump",NA,NA,NA,"Anti","Anti","Somewhat","Very",3,FALSE
"407","Trump","Anti",NA,"Anti",NA,NA,"Not at all","Somewhat",1,TRUE
"408","Masks",NA,NA,"Pro",NA,"Pro","Not at all","Somewhat",1,TRUE
"409","Masks","Pro",NA,"Pro",NA,NA,"Very","Very",4,FALSE
"410","Masks",NA,"Anti",NA,"Anti",NA,"Very","Very",4,FALSE
"411","Masks",NA,NA,"Anti",NA,"Anti","Very","Very",4,FALSE
"412","Trump",NA,NA,"Pro",NA,"Pro","Not at all","Somewhat",1,TRUE
"413","Masks","Pro","Pro",NA,NA,NA,"Not at all","Very",2,TRUE
"414","Trump",NA,"Pro",NA,"Pro",NA,"Somewhat","Somewhat",2,FALSE
"415","Trump","Anti","Anti",NA,NA,NA,"Very","Very",4,FALSE
"416","Trump",NA,NA,NA,"Neutral","Anti","Not at all","Not at all",0,TRUE
"417","Masks","Pro",NA,"Pro",NA,NA,"Very","Very",4,FALSE
"418","Lockdowns","Neutral","Pro",NA,NA,NA,"Not at all","Somewhat",1,TRUE
"419","Masks",NA,NA,NA,"Pro","Pro","Somewhat","Somewhat",2,FALSE
"420","Lockdowns",NA,NA,NA,"Pro","Pro","Very","Very",4,FALSE
"421","Lockdowns",NA,"Anti",NA,"Pro",NA,"Not at all","Somewhat",1,TRUE
"422","Masks",NA,NA,NA,"Pro","Pro","Very","Very",4,FALSE
"423","Masks",NA,NA,NA,"Pro","Pro","Very","Very",4,FALSE
"424","Masks","Pro","Pro",NA,NA,NA,"Very","Very",4,FALSE
"425","Trump",NA,"Anti",NA,"Anti",NA,"Somewhat","Very",3,FALSE
"426","Masks","Anti","Anti",NA,NA,NA,"Very","Very",4,FALSE
"427","Masks",NA,NA,NA,"Pro","Pro","Very","Very",4,FALSE
"428","Masks",NA,NA,"Pro",NA,"Pro","Somewhat","Very",3,FALSE
"429","Lockdowns",NA,"Pro",NA,"Pro",NA,"Not at all","Somewhat",1,TRUE
"430","Masks",NA,"Pro",NA,"Pro",NA,"Very","Very",4,FALSE
"431","Masks",NA,"Anti",NA,"Anti",NA,"Somewhat","Very",3,FALSE
"432","Masks",NA,NA,NA,"Pro","Pro","Very","Very",4,FALSE
"433","Masks","Pro","Pro",NA,NA,NA,"Very","Very",4,FALSE
"434","Trump","Anti","Pro",NA,NA,NA,"Somewhat","Somewhat",2,FALSE
"435","Trump",NA,NA,NA,"Pro","Anti","Somewhat","Very",3,FALSE
"436","Trump",NA,"Anti",NA,"Neutral",NA,"Very","Very",4,FALSE
"437","Lockdowns",NA,NA,NA,"Pro","Neutral","Somewhat","Somewhat",2,FALSE
"438","Lockdowns",NA,"Pro",NA,"Pro",NA,"Somewhat","Very",3,FALSE
"439","Masks",NA,NA,NA,"Pro","Pro","Somewhat","Very",3,FALSE
"440","Vaccines","Pro","Pro",NA,NA,NA,"Not at all","Not at all",0,TRUE
"441","Masks",NA,NA,"Pro",NA,"Pro","Very","Very",4,FALSE
"442","Masks",NA,"Pro",NA,"Pro",NA,"Somewhat","Very",3,FALSE
"443","Vaccines",NA,"Pro",NA,"Anti",NA,"Not at all","Very",2,TRUE
"444","Masks",NA,NA,NA,"Pro","Pro","Somewhat","Very",3,FALSE
"445","Lockdowns","Pro","Pro",NA,NA,NA,"Somewhat","Very",3,FALSE
"446","Lockdowns","Pro",NA,"Pro",NA,NA,"Somewhat","Very",3,FALSE
"447","Trump",NA,"Pro",NA,"Pro",NA,"Very","Very",4,FALSE
"448","Masks","Pro",NA,"Pro",NA,NA,"Very","Very",4,FALSE
"449","Masks","Pro",NA,"Pro",NA,NA,"Somewhat","Somewhat",2,FALSE
"450","Lockdowns","Anti",NA,"Anti",NA,NA,"Very","Very",4,FALSE
"451","Masks","Neutral",NA,"Pro",NA,NA,"Not at all","Not at all",0,TRUE
"452","Masks",NA,NA,NA,"Pro","Pro","Very","Very",4,FALSE
"453","Masks",NA,NA,NA,"Pro","Pro","Somewhat","Somewhat",2,FALSE
"454","Trump",NA,"Anti",NA,"Anti",NA,"Very","Very",4,FALSE
"455","Trump",NA,NA,"Pro",NA,"Pro","Somewhat","Very",3,FALSE
"456","Trump","Anti",NA,"Anti",NA,NA,"Not at all","Somewhat",1,TRUE
"457","Lockdowns","Pro",NA,"Pro",NA,NA,"Not at all","Somewhat",1,TRUE
"458","Masks","Pro","Pro",NA,NA,NA,"Very","Very",4,FALSE
"459","Masks",NA,NA,"Pro",NA,"Pro","Very","Very",4,FALSE
"460","Masks",NA,"Anti",NA,"Anti",NA,"Somewhat","Very",3,FALSE
"461","Masks","Anti","Anti",NA,NA,NA,"Very","Very",4,FALSE
"462","Masks","Pro",NA,"Pro",NA,NA,"Very","Very",4,FALSE
"463","Masks",NA,NA,"Pro",NA,"Pro","Not at all","Not at all",0,TRUE
"464","Masks","Anti",NA,"Anti",NA,NA,"Very","Very",4,FALSE
"465","Trump","Anti","Anti",NA,NA,NA,"Very","Very",4,FALSE
"466","Masks",NA,NA,NA,"Anti","Anti","Not at all","Somewhat",1,TRUE
"467","Masks",NA,NA,"Pro",NA,"Pro","Somewhat","Somewhat",2,FALSE
"468","Vaccines","Pro","Pro",NA,NA,NA,"Very","Very",4,FALSE
"469","Lockdowns",NA,NA,"Pro",NA,"Pro","Somewhat","Somewhat",2,FALSE
"470","Trump",NA,NA,NA,"Pro","Pro","Not at all","Not at all",0,TRUE
"471","Trump",NA,NA,"Pro",NA,"Pro","Somewhat","Very",3,FALSE
"472","Trump",NA,NA,"Anti",NA,"Anti","Somewhat","Very",3,FALSE
"473","Masks","Pro",NA,"Pro",NA,NA,"Very","Very",4,FALSE
"474","Masks",NA,NA,NA,"Pro","Pro","Very","Very",4,FALSE
"475","Trump",NA,"Anti",NA,"Neutral",NA,"Not at all","Somewhat",1,TRUE
"476","Lockdowns",NA,NA,NA,"Pro","Pro","Not at all","Somewhat",1,TRUE
"477","Masks",NA,NA,NA,"Pro","Pro","Not at all","Very",2,TRUE
"478","Masks","Pro","Pro",NA,NA,NA,"Very","Very",4,FALSE
"479","Masks",NA,NA,NA,"Pro","Pro","Somewhat","Very",3,FALSE
"480","Masks",NA,"Pro",NA,"Pro",NA,"Very","Very",4,FALSE
"481","Masks","Pro","Pro",NA,NA,NA,"Very","Very",4,FALSE
"482","Trump","Anti",NA,"Anti",NA,NA,"Somewhat","Very",3,FALSE
"483","Trump",NA,NA,NA,"Anti","Anti","Somewhat","Very",3,FALSE
"484","Vaccines",NA,NA,"Pro",NA,"Pro","Very","Very",4,FALSE
"485","Masks","Pro","Pro",NA,NA,NA,"Somewhat","Very",3,FALSE
"486","Trump","Anti","Anti",NA,NA,NA,"Very","Very",4,FALSE
"487","Masks",NA,"Pro",NA,"Pro",NA,"Very","Very",4,FALSE
"488","Lockdowns",NA,NA,NA,"Pro","Pro","Somewhat","Somewhat",2,FALSE
"489","Masks","Pro",NA,"Anti",NA,NA,"Not at all","Somewhat",1,TRUE
"490","Masks",NA,NA,NA,"Pro","Pro","Not at all","Not at all",0,TRUE
"491","Lockdowns",NA,"Pro",NA,"Pro",NA,"Somewhat","Somewhat",2,FALSE
"492","Masks",NA,NA,"Pro",NA,"Pro","Somewhat","Very",3,FALSE
"493","Masks","Pro",NA,"Pro",NA,NA,"Very","Very",4,FALSE
"494","Masks","Pro","Pro",NA,NA,NA,"Somewhat","Very",3,FALSE
"495","Trump",NA,NA,"Anti",NA,"Anti","Somewhat","Somewhat",2,FALSE
"496","Vaccines",NA,NA,NA,"Pro","Anti","Somewhat","Somewhat",2,FALSE
"497","Trump",NA,NA,"Anti",NA,"Anti","Somewhat","Somewhat",2,FALSE
"498","Masks","Pro","Pro",NA,NA,NA,"Very","Very",4,FALSE
"499","Trump",NA,NA,NA,"Anti","Anti","Not at all","Very",2,TRUE
"500","Trump","Anti",NA,"Anti",NA,NA,"Somewhat","Very",3,FALSE
"501","Vaccines","Pro","Pro",NA,NA,NA,"Very","Very",4,FALSE
"502","Masks","Anti",NA,"Pro",NA,NA,"Somewhat","Very",3,FALSE
"503","Masks",NA,NA,"Pro",NA,"Pro","Very","Very",4,FALSE
"504","Trump",NA,NA,NA,"Neutral","Neutral","Not at all","Somewhat",1,TRUE
"505","Masks",NA,NA,NA,"Pro","Pro","Somewhat","Very",3,FALSE
"506","Masks","Pro","Pro",NA,NA,NA,"Very","Very",4,FALSE
"507","Lockdowns",NA,NA,NA,"Neutral","Neutral","Not at all","Somewhat",1,TRUE
"508","Masks",NA,NA,NA,"Pro","Pro","Somewhat","Very",3,FALSE
"509","Lockdowns","Pro","Neutral",NA,NA,NA,"Not at all","Somewhat",1,TRUE
"510","Trump",NA,NA,NA,"Anti","Anti","Not at all","Not at all",0,TRUE
"511","Masks","Anti","Neutral",NA,NA,NA,"Somewhat","Very",3,FALSE
"512","Lockdowns",NA,NA,"Neutral",NA,"Neutral","Not at all","Somewhat",1,TRUE
"513","Masks","Pro","Pro",NA,NA,NA,"Very","Very",4,FALSE
"514","Masks","Pro","Pro",NA,NA,NA,"Very","Very",4,FALSE
"515","Masks",NA,"Pro",NA,"Pro",NA,"Very","Very",4,FALSE
"516","Lockdowns",NA,"Anti",NA,"Anti",NA,"Somewhat","Very",3,FALSE
"517","Masks","Anti",NA,"Anti",NA,NA,"Very","Very",4,FALSE
"518","Masks","Pro",NA,"Pro",NA,NA,"Somewhat","Somewhat",2,FALSE
"519","Trump",NA,"Pro",NA,"Pro",NA,"Very","Very",4,FALSE
"520","Masks",NA,"Pro",NA,"Pro",NA,"Very","Very",4,FALSE
"521","Masks",NA,"Pro",NA,"Pro",NA,"Very","Very",4,FALSE
"522","Masks",NA,"Anti",NA,"Pro",NA,"Somewhat","Very",3,FALSE
"523","Trump",NA,NA,NA,"Anti","Anti","Somewhat","Very",3,FALSE
"524","Lockdowns","Anti",NA,"Anti",NA,NA,"Very","Very",4,FALSE
"525","Masks","Pro",NA,"Pro",NA,NA,"Somewhat","Very",3,FALSE
"526","Masks","Pro","Pro",NA,NA,NA,"Very","Very",4,FALSE
"527","Masks",NA,NA,"Pro",NA,"Pro","Somewhat","Somewhat",2,FALSE
"528","Masks","Anti",NA,"Anti",NA,NA,"Not at all","Somewhat",1,TRUE
"529","Trump",NA,"Pro",NA,"Pro",NA,"Not at all","Very",2,TRUE
"530","Masks",NA,NA,"Pro",NA,"Pro","Very","Very",4,FALSE
"531","Vaccines",NA,NA,NA,"Pro","Pro","Not at all","Not at all",0,TRUE
"532","Trump",NA,NA,"Anti",NA,"Pro","Somewhat","Somewhat",2,FALSE
"533","Lockdowns",NA,NA,"Pro",NA,"Pro","Somewhat","Somewhat",2,FALSE
"534","Masks",NA,"Pro",NA,"Pro",NA,"Very","Very",4,FALSE
"535","Masks",NA,NA,"Pro",NA,"Pro","Somewhat","Somewhat",2,FALSE
"536","Trump",NA,NA,NA,"Anti","Anti","Somewhat","Somewhat",2,FALSE
"537","Lockdowns",NA,NA,"Anti",NA,"Anti","Somewhat","Very",3,FALSE
"538","Masks",NA,NA,NA,"Pro","Pro","Not at all","Somewhat",1,TRUE
"539","Masks",NA,"Anti",NA,"Anti",NA,"Not at all","Somewhat",1,TRUE
"540","Masks",NA,NA,"Pro",NA,"Pro","Somewhat","Somewhat",2,FALSE
"541","Masks",NA,"Pro",NA,"Pro",NA,"Very","Very",4,FALSE
"542","Masks",NA,NA,NA,"Pro","Pro","Somewhat","Very",3,FALSE
"543","Masks",NA,NA,"Pro",NA,"Pro","Very","Very",4,FALSE
"544","Lockdowns","Pro",NA,"Neutral",NA,NA,"Not at all","Not at all",0,TRUE
"545","Masks",NA,"Pro",NA,"Pro",NA,"Somewhat","Very",3,FALSE
"546","Masks","Pro","Pro",NA,NA,NA,"Very","Very",4,FALSE
"547","Masks",NA,NA,"Pro",NA,"Neutral","Not at all","Not at all",0,TRUE
"548","Masks",NA,"Anti",NA,"Anti",NA,"Very","Very",4,FALSE
"549","Lockdowns",NA,NA,"Neutral",NA,"Anti","Not at all","Not at all",0,TRUE
"550","Masks",NA,NA,"Anti",NA,"Pro","Somewhat","Somewhat",2,FALSE
"551","Masks",NA,NA,NA,"Pro","Pro","Very","Very",4,FALSE
"552","Masks","Anti",NA,"Anti",NA,NA,"Very","Very",4,FALSE
"553","Masks","Pro","Pro",NA,NA,NA,"Very","Very",4,FALSE
"554","Lockdowns",NA,"Anti",NA,"Anti",NA,"Somewhat","Somewhat",2,FALSE
"555","Masks",NA,NA,"Pro",NA,"Pro","Somewhat","Very",3,FALSE
"556","Masks",NA,NA,NA,"Pro","Pro","Somewhat","Very",3,FALSE
"557","Masks","Neutral","Neutral",NA,NA,NA,"Not at all","Not at all",0,TRUE
"558","Trump",NA,"Anti",NA,"Anti",NA,"Somewhat","Very",3,FALSE
"559","Masks",NA,NA,"Pro",NA,"Pro","Somewhat","Somewhat",2,FALSE
"560","Masks",NA,NA,NA,"Pro","Pro","Somewhat","Very",3,FALSE
"561","Lockdowns","Pro",NA,"Pro",NA,NA,"Not at all","Somewhat",1,TRUE
"562","Lockdowns",NA,"Anti",NA,"Anti",NA,"Not at all","Somewhat",1,TRUE
"563","Vaccines",NA,NA,NA,"Anti","Anti","Somewhat","Somewhat",2,FALSE
"564","Masks",NA,NA,NA,"Pro","Pro","Not at all","Somewhat",1,TRUE
"565","Masks",NA,NA,NA,"Pro","Pro","Somewhat","Very",3,FALSE
"566","Lockdowns",NA,NA,NA,"Anti","Anti","Not at all","Not at all",0,TRUE
"567","Trump","Anti",NA,"Anti",NA,NA,"Somewhat","Very",3,FALSE
"568","Vaccines",NA,"Pro",NA,"Pro",NA,"Somewhat","Very",3,FALSE
"569","Vaccines","Pro","Pro",NA,NA,NA,"Somewhat","Very",3,FALSE
"570","Masks","Pro",NA,"Pro",NA,NA,"Somewhat","Very",3,FALSE
"571","Masks",NA,NA,NA,"Pro","Pro","Not at all","Somewhat",1,TRUE
"572","Trump",NA,"Pro",NA,"Pro",NA,"Somewhat","Very",3,FALSE
"573","Masks",NA,"Pro",NA,"Pro",NA,"Very","Very",4,FALSE
"574","Lockdowns",NA,"Pro",NA,"Pro",NA,"Very","Very",4,FALSE
"575","Vaccines",NA,NA,"Pro",NA,"Pro","Not at all","Somewhat",1,TRUE
"576","Lockdowns",NA,"Anti",NA,"Anti",NA,"Somewhat","Very",3,FALSE
"577","Vaccines","Pro","Pro",NA,NA,NA,"Very","Very",4,FALSE
"578","Lockdowns",NA,"Neutral",NA,"Pro",NA,"Not at all","Not at all",0,TRUE
"579","Trump",NA,"Neutral",NA,"Neutral",NA,"Somewhat","Somewhat",2,FALSE
"580","Masks","Pro",NA,"Pro",NA,NA,"Very","Very",4,FALSE
"581","Lockdowns","Neutral",NA,"Neutral",NA,NA,"Not at all","Not at all",0,TRUE
"582","Masks","Pro",NA,"Pro",NA,NA,"Somewhat","Very",3,FALSE
"583","Vaccines","Pro","Pro",NA,NA,NA,"Very","Very",4,FALSE
"584","Trump","Anti","Anti",NA,NA,NA,"Somewhat","Very",3,FALSE
"585","Vaccines",NA,NA,"Pro",NA,"Pro","Not at all","Somewhat",1,TRUE
"586","Vaccines",NA,"Pro",NA,"Anti",NA,"Somewhat","Somewhat",2,FALSE
"587","Masks",NA,NA,NA,"Pro","Pro","Somewhat","Somewhat",2,FALSE
"588","Vaccines",NA,NA,NA,"Pro","Anti","Somewhat","Somewhat",2,FALSE
"589","Masks",NA,NA,"Anti",NA,"Anti","Somewhat","Somewhat",2,FALSE
"590","Trump","Anti","Anti",NA,NA,NA,"Very","Very",4,FALSE
"591","Vaccines",NA,"Pro",NA,"Pro",NA,"Somewhat","Somewhat",2,FALSE
"592","Masks",NA,NA,NA,"Anti","Anti","Very","Very",4,FALSE
"593","Masks",NA,NA,NA,"Anti","Anti","Very","Very",4,FALSE
"594","Masks","Anti",NA,"Anti",NA,NA,"Somewhat","Very",3,FALSE
"595","Vaccines",NA,NA,NA,"Anti","Anti","Very","Very",4,FALSE
"596","Masks","Pro",NA,"Pro",NA,NA,"Somewhat","Very",3,FALSE
"597","Trump",NA,NA,NA,"Anti","Anti","Somewhat","Somewhat",2,FALSE
"598","Masks",NA,NA,"Neutral",NA,"Neutral","Not at all","Somewhat",1,TRUE
"599","Trump","Anti","Anti",NA,NA,NA,"Somewhat","Very",3,FALSE
"600","Masks",NA,NA,"Pro",NA,"Pro","Somewhat","Very",3,FALSE
"601","Masks",NA,NA,"Neutral",NA,"Pro","Not at all","Not at all",0,TRUE
"602","Masks",NA,"Anti",NA,"Anti",NA,"Very","Very",4,FALSE
"603","Lockdowns",NA,NA,NA,"Neutral","Pro","Not at all","Not at all",0,TRUE
"604","Trump",NA,NA,NA,"Pro","Pro","Somewhat","Somewhat",2,FALSE
"605","Lockdowns","Pro",NA,"Pro",NA,NA,"Not at all","Somewhat",1,TRUE
"606","Masks","Neutral",NA,"Neutral",NA,NA,"Somewhat","Somewhat",2,FALSE
"607","Masks",NA,NA,"Neutral",NA,"Neutral","Not at all","Not at all",0,TRUE
"608","Lockdowns",NA,NA,NA,"Pro","Pro","Somewhat","Somewhat",2,FALSE
"609","Trump",NA,NA,NA,"Pro","Neutral","Not at all","Somewhat",1,TRUE
"610","Masks",NA,"Anti",NA,"Anti",NA,"Somewhat","Somewhat",2,FALSE
"611","Lockdowns",NA,"Anti",NA,"Anti",NA,"Not at all","Somewhat",1,TRUE
"612","Masks",NA,NA,"Anti",NA,"Pro","Not at all","Somewhat",1,TRUE
"613","Masks",NA,NA,"Pro",NA,"Pro","Somewhat","Very",3,FALSE
"614","Masks",NA,"Pro",NA,"Pro",NA,"Not at all","Very",2,TRUE
"615","Lockdowns",NA,NA,"Pro",NA,"Pro","Not at all","Very",2,TRUE
"616","Trump",NA,"Neutral",NA,"Pro",NA,"Not at all","Not at all",0,TRUE
"617","Masks","Pro","Pro",NA,NA,NA,"Very","Very",4,FALSE
"618","Trump","Anti","Anti",NA,NA,NA,"Very","Very",4,FALSE
"619","Masks",NA,"Anti",NA,"Anti",NA,"Not at all","Very",2,TRUE
"620","Masks","Neutral",NA,"Anti",NA,NA,"Not at all","Very",2,TRUE
"621","Trump",NA,NA,NA,"Anti","Anti","Somewhat","Somewhat",2,FALSE
"622","Masks","Pro",NA,"Pro",NA,NA,"Very","Very",4,FALSE
"623","Trump",NA,NA,"Anti",NA,"Neutral","Not at all","Somewhat",1,TRUE
"624","Trump",NA,NA,NA,"Anti","Anti","Not at all","Not at all",0,TRUE
"625","Masks",NA,NA,NA,"Anti","Anti","Very","Very",4,FALSE
"626","Vaccines","Pro","Pro",NA,NA,NA,"Somewhat","Somewhat",2,FALSE
"627","Masks",NA,"Pro",NA,"Pro",NA,"Very","Very",4,FALSE
"628","Trump",NA,NA,"Neutral",NA,"Anti","Not at all","Not at all",0,TRUE
"629","Lockdowns","Pro","Neutral",NA,NA,NA,"Not at all","Not at all",0,TRUE
"630","Masks",NA,NA,NA,"Pro","Pro","Somewhat","Somewhat",2,FALSE
"631","Masks",NA,NA,"Pro",NA,"Pro","Very","Very",4,FALSE
"632","Trump",NA,NA,NA,"Pro","Pro","Somewhat","Very",3,FALSE
"633","Lockdowns",NA,"Pro",NA,"Pro",NA,"Not at all","Very",2,TRUE
"634","Trump",NA,NA,NA,"Anti","Anti","Somewhat","Very",3,FALSE
"635","Masks","Anti","Anti",NA,NA,NA,"Very","Very",4,FALSE
"636","Masks","Pro",NA,"Pro",NA,NA,"Not at all","Somewhat",1,TRUE
"637","Trump",NA,NA,"Anti",NA,"Anti","Somewhat","Very",3,FALSE
"638","Lockdowns","Pro",NA,"Neutral",NA,NA,"Not at all","Somewhat",1,TRUE
"639","Vaccines","Pro",NA,"Pro",NA,NA,"Somewhat","Very",3,FALSE
"640","Masks",NA,NA,"Pro",NA,"Pro","Not at all","Not at all",0,TRUE
"641","Trump","Pro","Pro",NA,NA,NA,"Very","Very",4,FALSE
"642","Masks","Pro","Pro",NA,NA,NA,"Very","Very",4,FALSE
"643","Vaccines","Pro","Pro",NA,NA,NA,"Somewhat","Somewhat",2,FALSE
"644","Lockdowns","Pro","Anti",NA,NA,NA,"Not at all","Somewhat",1,TRUE
"645","Vaccines",NA,NA,NA,"Pro","Pro","Very","Very",4,FALSE
"646","Trump",NA,"Pro",NA,"Pro",NA,"Very","Very",4,FALSE
"647","Masks","Pro",NA,"Pro",NA,NA,"Somewhat","Somewhat",2,FALSE
"648","Masks",NA,NA,"Neutral",NA,"Anti","Not at all","Somewhat",1,TRUE
"649","Masks","Neutral",NA,"Pro",NA,NA,"Not at all","Not at all",0,TRUE
"650","Lockdowns","Neutral",NA,"Neutral",NA,NA,"Not at all","Not at all",0,TRUE
"651","Masks",NA,NA,"Anti",NA,"Anti","Very","Very",4,FALSE
"652","Vaccines",NA,"Anti",NA,"Anti",NA,"Very","Very",4,FALSE
"653","Lockdowns",NA,"Anti",NA,"Anti",NA,"Somewhat","Very",3,FALSE
"654","Lockdowns",NA,NA,"Pro",NA,"Pro","Somewhat","Somewhat",2,FALSE
"655","Masks","Pro",NA,"Pro",NA,NA,"Very","Very",4,FALSE
"656","Vaccines","Pro","Pro",NA,NA,NA,"Somewhat","Very",3,FALSE
"657","Lockdowns",NA,NA,NA,"Anti","Anti","Very","Very",4,FALSE
"658","Vaccines",NA,NA,"Pro",NA,"Anti","Not at all","Somewhat",1,TRUE
"659","Vaccines","Pro",NA,"Pro",NA,NA,"Somewhat","Very",3,FALSE
"660","Vaccines",NA,"Anti",NA,"Anti",NA,"Very","Very",4,FALSE
"661","Vaccines",NA,"Pro",NA,"Pro",NA,"Very","Very",4,FALSE
"662","Masks",NA,"Pro",NA,"Pro",NA,"Very","Very",4,FALSE
"663","Vaccines","Pro",NA,"Pro",NA,NA,"Somewhat","Somewhat",2,FALSE
"664","Lockdowns",NA,NA,NA,"Anti","Anti","Not at all","Somewhat",1,TRUE
"665","Trump","Anti","Anti",NA,NA,NA,"Somewhat","Very",3,FALSE
"666","Trump",NA,"Neutral",NA,"Neutral",NA,"Somewhat","Somewhat",2,FALSE
"667","Trump","Anti","Anti",NA,NA,NA,"Very","Very",4,FALSE
"668","Lockdowns",NA,NA,"Neutral",NA,"Neutral","Not at all","Not at all",0,TRUE
"669","Trump",NA,NA,"Anti",NA,"Anti","Very","Very",4,FALSE
"670","Vaccines",NA,NA,NA,"Pro","Pro","Somewhat","Somewhat",2,FALSE
"671","Vaccines","Pro",NA,"Pro",NA,NA,"Somewhat","Somewhat",2,FALSE
"672","Vaccines",NA,NA,"Pro",NA,"Pro","Somewhat","Somewhat",2,FALSE
"673","Trump","Anti","Anti",NA,NA,NA,"Very","Very",4,FALSE
"674","Masks","Pro","Pro",NA,NA,NA,"Somewhat","Very",3,FALSE
"675","Masks",NA,NA,NA,"Pro","Pro","Somewhat","Very",3,FALSE
"676","Masks","Pro",NA,"Pro",NA,NA,"Somewhat","Very",3,FALSE
"677","Trump",NA,NA,NA,"Anti","Anti","Somewhat","Very",3,FALSE
"678","Masks","Anti","Anti",NA,NA,NA,"Somewhat","Very",3,FALSE
"679","Masks",NA,"Pro",NA,"Pro",NA,"Somewhat","Very",3,FALSE
"680","Masks","Pro",NA,"Pro",NA,NA,"Somewhat","Very",3,FALSE
"681","Vaccines","Pro","Pro",NA,NA,NA,"Somewhat","Very",3,FALSE
"682","Masks","Pro",NA,"Pro",NA,NA,"Very","Very",4,FALSE
"683","Trump",NA,NA,NA,"Pro","Neutral","Not at all","Not at all",0,TRUE
"684","Vaccines",NA,"Pro",NA,"Pro",NA,"Not at all","Very",2,TRUE
"685","Masks",NA,"Pro",NA,"Pro",NA,"Very","Very",4,FALSE
"686","Masks","Pro","Pro",NA,NA,NA,"Somewhat","Very",3,FALSE
"687","Vaccines",NA,NA,"Pro",NA,"Pro","Somewhat","Somewhat",2,FALSE
"688","Lockdowns",NA,NA,NA,"Anti","Neutral","Not at all","Somewhat",1,TRUE
"689","Masks",NA,NA,"Pro",NA,"Pro","Somewhat","Very",3,FALSE
"690","Trump","Anti",NA,"Neutral",NA,NA,"Not at all","Not at all",0,TRUE
"691","Masks",NA,NA,"Pro",NA,"Pro","Very","Very",4,FALSE
"692","Masks","Pro",NA,"Pro",NA,NA,"Very","Very",4,FALSE
"693","Trump",NA,NA,"Anti",NA,"Anti","Somewhat","Somewhat",2,FALSE
"694","Trump","Pro",NA,"Pro",NA,NA,"Very","Very",4,FALSE
"695","Lockdowns","Neutral","Neutral",NA,NA,NA,"Not at all","Somewhat",1,TRUE
"696","Lockdowns",NA,NA,NA,"Pro","Pro","Not at all","Somewhat",1,TRUE
"697","Masks",NA,"Pro",NA,"Pro",NA,"Somewhat","Very",3,FALSE
"698","Lockdowns",NA,"Neutral",NA,"Neutral",NA,"Not at all","Not at all",0,TRUE
"699","Masks","Pro",NA,"Pro",NA,NA,"Very","Very",4,FALSE
"700","Masks",NA,NA,"Neutral",NA,"Pro","Somewhat","Somewhat",2,FALSE
"701","Lockdowns","Neutral",NA,"Neutral",NA,NA,"Not at all","Somewhat",1,TRUE
"702","Trump","Pro",NA,"Neutral",NA,NA,"Not at all","Not at all",0,TRUE
"703","Trump",NA,"Pro",NA,"Pro",NA,"Somewhat","Very",3,FALSE
"704","Masks","Anti","Anti",NA,NA,NA,"Very","Very",4,FALSE
"705","Masks",NA,NA,NA,"Pro","Pro","Very","Very",4,FALSE
"706","Masks",NA,NA,"Pro",NA,"Pro","Not at all","Somewhat",1,TRUE
"707","Trump",NA,"Anti",NA,"Anti",NA,"Very","Very",4,FALSE
"708","Vaccines","Pro",NA,"Pro",NA,NA,"Very","Very",4,FALSE
"709","Trump","Anti","Anti",NA,NA,NA,"Very","Very",4,FALSE
"710","Masks",NA,"Pro",NA,"Pro",NA,"Very","Very",4,FALSE
"711","Masks",NA,"Pro",NA,"Pro",NA,"Very","Very",4,FALSE
"712","Masks",NA,NA,"Anti",NA,"Neutral","Somewhat","Somewhat",2,FALSE
"713","Trump","Neutral","Anti",NA,NA,NA,"Not at all","Somewhat",1,TRUE
"714","Masks","Pro","Pro",NA,NA,NA,"Very","Very",4,FALSE
"715","Trump","Pro",NA,"Pro",NA,NA,"Not at all","Very",2,TRUE
"716","Trump",NA,"Pro",NA,"Neutral",NA,"Somewhat","Somewhat",2,FALSE
"717","Masks",NA,NA,NA,"Pro","Pro","Very","Very",4,FALSE
"718","Masks",NA,NA,"Pro",NA,"Pro","Somewhat","Somewhat",2,FALSE
"719","Lockdowns",NA,NA,"Neutral",NA,"Neutral","Not at all","Not at all",0,TRUE
"720","Masks","Pro","Pro",NA,NA,NA,"Somewhat","Very",3,FALSE
"721","Trump","Anti",NA,"Neutral",NA,NA,"Not at all","Not at all",0,TRUE
"722","Trump",NA,NA,NA,"Pro","Anti","Not at all","Somewhat",1,TRUE
"723","Masks",NA,"Pro",NA,"Pro",NA,"Very","Very",4,FALSE
"724","Trump",NA,NA,NA,"Anti","Neutral","Not at all","Very",2,TRUE
"725","Masks","Pro","Pro",NA,NA,NA,"Very","Very",4,FALSE
"726","Masks",NA,NA,NA,"Pro","Pro","Somewhat","Very",3,FALSE
"727","Trump",NA,NA,"Anti",NA,"Anti","Somewhat","Somewhat",2,FALSE
"728","Trump",NA,"Anti",NA,"Anti",NA,"Somewhat","Very",3,FALSE
"729","Masks","Pro","Pro",NA,NA,NA,"Very","Very",4,FALSE
"730","Vaccines","Pro","Pro",NA,NA,NA,"Somewhat","Very",3,FALSE
"731","Trump","Anti",NA,"Anti",NA,NA,"Somewhat","Somewhat",2,FALSE
"732","Trump","Anti",NA,"Anti",NA,NA,"Very","Very",4,FALSE
"733","Masks",NA,"Pro",NA,"Pro",NA,"Very","Very",4,FALSE
"734","Vaccines","Pro","Pro",NA,NA,NA,"Somewhat","Very",3,FALSE
"735","Trump","Anti",NA,"Anti",NA,NA,"Not at all","Very",2,TRUE
"736","Masks",NA,NA,NA,"Pro","Pro","Somewhat","Very",3,FALSE
"737","Masks",NA,NA,NA,"Pro","Pro","Very","Very",4,FALSE
"738","Trump","Neutral",NA,"Anti",NA,NA,"Not at all","Not at all",0,TRUE
"739","Masks",NA,NA,"Pro",NA,"Neutral","Not at all","Somewhat",1,TRUE
"740","Trump","Pro","Neutral",NA,NA,NA,"Not at all","Very",2,TRUE
"741","Trump",NA,NA,"Anti",NA,"Anti","Somewhat","Somewhat",2,FALSE
"742","Trump",NA,NA,"Anti",NA,"Neutral","Not at all","Not at all",0,TRUE
"743","Lockdowns","Anti","Anti",NA,NA,NA,"Not at all","Somewhat",1,TRUE
"744","Lockdowns",NA,"Pro",NA,"Pro",NA,"Not at all","Somewhat",1,TRUE
"745","Trump",NA,NA,NA,"Anti","Anti","Not at all","Very",2,TRUE
"746","Lockdowns",NA,"Pro",NA,"Pro",NA,"Somewhat","Somewhat",2,FALSE
"747","Trump",NA,NA,NA,"Pro","Pro","Not at all","Somewhat",1,TRUE
"748","Masks","Pro","Pro",NA,NA,NA,"Very","Very",4,FALSE
"749","Trump","Pro",NA,"Pro",NA,NA,"Somewhat","Somewhat",2,FALSE
"750","Trump","Pro","Pro",NA,NA,NA,"Not at all","Very",2,TRUE
"751","Trump","Anti","Anti",NA,NA,NA,"Very","Very",4,FALSE
"752","Lockdowns","Anti",NA,"Anti",NA,NA,"Very","Very",4,FALSE
"753","Vaccines","Pro",NA,"Pro",NA,NA,"Not at all","Somewhat",1,TRUE
"754","Trump","Anti","Neutral",NA,NA,NA,"Not at all","Somewhat",1,TRUE
"755","Lockdowns",NA,NA,NA,"Anti","Anti","Not at all","Somewhat",1,TRUE
"756","Masks",NA,NA,"Pro",NA,"Pro","Somewhat","Very",3,FALSE
"757","Lockdowns",NA,"Neutral",NA,"Neutral",NA,"Not at all","Not at all",0,TRUE
"758","Trump",NA,NA,"Anti",NA,"Anti","Somewhat","Very",3,FALSE
"759","Lockdowns",NA,"Pro",NA,"Pro",NA,"Very","Very",4,FALSE
"760","Trump","Anti","Anti",NA,NA,NA,"Very","Very",4,FALSE
"761","Trump",NA,NA,NA,"Pro","Anti","Not at all","Somewhat",1,TRUE
"762","Vaccines",NA,NA,"Pro",NA,"Pro","Somewhat","Somewhat",2,FALSE
"763","Masks","Pro","Pro",NA,NA,NA,"Very","Very",4,FALSE
"764","Masks","Pro",NA,"Pro",NA,NA,"Very","Very",4,FALSE
"765","Trump","Anti",NA,"Neutral",NA,NA,"Not at all","Very",2,TRUE
"766","Lockdowns",NA,NA,"Anti",NA,"Neutral","Not at all","Somewhat",1,TRUE
"767","Trump","Pro",NA,"Pro",NA,NA,"Not at all","Somewhat",1,TRUE
"768","Trump",NA,NA,"Pro",NA,"Pro","Somewhat","Somewhat",2,FALSE
"769","Trump",NA,NA,"Anti",NA,"Anti","Somewhat","Somewhat",2,FALSE
"770","Trump","Neutral","Neutral",NA,NA,NA,"Somewhat","Very",3,FALSE
"771","Trump",NA,NA,NA,"Anti","Anti","Somewhat","Somewhat",2,FALSE
"772","Masks","Pro","Pro",NA,NA,NA,"Very","Very",4,FALSE
"773","Trump","Anti","Anti",NA,NA,NA,"Very","Very",4,FALSE
"774","Masks",NA,NA,NA,"Pro","Pro","Somewhat","Very",3,FALSE
"775","Trump","Pro",NA,"Anti",NA,NA,"Not at all","Very",2,TRUE
"776","Trump","Pro",NA,"Pro",NA,NA,"Somewhat","Very",3,FALSE
"777","Lockdowns",NA,"Pro",NA,"Pro",NA,"Not at all","Somewhat",1,TRUE
"778","Trump",NA,NA,NA,"Pro","Pro","Somewhat","Very",3,FALSE
"779","Lockdowns",NA,"Anti",NA,"Anti",NA,"Very","Very",4,FALSE
"780","Masks",NA,"Pro",NA,"Pro",NA,"Somewhat","Very",3,FALSE
"781","Trump",NA,NA,NA,"Neutral","Neutral","Not at all","Somewhat",1,TRUE
"782","Trump",NA,"Pro",NA,"Pro",NA,"Very","Very",4,FALSE
"783","Masks","Pro","Pro",NA,NA,NA,"Very","Very",4,FALSE
"784","Masks","Neutral",NA,"Neutral",NA,NA,"Somewhat","Very",3,FALSE
"785","Trump",NA,NA,"Anti",NA,"Anti","Somewhat","Somewhat",2,FALSE
"786","Masks",NA,NA,"Pro",NA,"Pro","Not at all","Very",2,TRUE
"787","Trump",NA,NA,NA,"Anti","Anti","Somewhat","Very",3,FALSE
"788","Masks",NA,NA,"Pro",NA,"Pro","Very","Very",4,FALSE
"789","Masks","Pro",NA,"Pro",NA,NA,"Very","Very",4,FALSE
"790","Masks","Pro","Pro",NA,NA,NA,"Somewhat","Very",3,FALSE
"791","Vaccines","Pro","Pro",NA,NA,NA,"Not at all","Not at all",0,TRUE
"792","Trump",NA,NA,"Pro",NA,"Pro","Not at all","Somewhat",1,TRUE
"793","Trump",NA,NA,NA,"Anti","Anti","Somewhat","Very",3,FALSE
"794","Trump",NA,NA,"Anti",NA,"Neutral","Not at all","Not at all",0,TRUE
"795","Trump","Pro",NA,"Pro",NA,NA,"Somewhat","Very",3,FALSE
"796","Lockdowns",NA,NA,"Anti",NA,"Pro","Not at all","Not at all",0,TRUE
"797","Masks","Pro","Neutral",NA,NA,NA,"Not at all","Not at all",0,TRUE
"798","Trump","Pro","Pro",NA,NA,NA,"Not at all","Somewhat",1,TRUE
"799","Trump",NA,NA,"Anti",NA,"Anti","Not at all","Somewhat",1,TRUE
"800","Masks",NA,NA,NA,"Anti","Anti","Somewhat","Very",3,FALSE
"801","Trump",NA,NA,NA,"Anti","Anti","Not at all","Very",2,TRUE
"802","Masks",NA,"Pro",NA,"Pro",NA,"Very","Very",4,FALSE
"803","Trump",NA,NA,NA,"Anti","Anti","Somewhat","Somewhat",2,FALSE
"804","Masks",NA,"Pro",NA,"Pro",NA,"Somewhat","Somewhat",2,FALSE
"805","Trump","Anti",NA,"Anti",NA,NA,"Somewhat","Very",3,FALSE
"806","Vaccines","Pro","Pro",NA,NA,NA,"Somewhat","Very",3,FALSE
"807","Lockdowns","Anti",NA,"Anti",NA,NA,"Not at all","Not at all",0,TRUE
"808","Trump","Anti","Anti",NA,NA,NA,"Very","Very",4,FALSE
"809","Vaccines",NA,NA,"Pro",NA,"Pro","Not at all","Somewhat",1,TRUE
"810","Lockdowns","Anti",NA,"Anti",NA,NA,"Very","Very",4,FALSE
"811","Trump","Anti",NA,"Anti",NA,NA,"Very","Very",4,FALSE
"812","Trump",NA,NA,NA,"Pro","Pro","Somewhat","Somewhat",2,FALSE
"813","Trump",NA,NA,NA,"Anti","Anti","Very","Very",4,FALSE
"814","Masks",NA,NA,"Pro",NA,"Pro","Somewhat","Very",3,FALSE
"815","Trump","Pro",NA,"Anti",NA,NA,"Not at all","Very",2,TRUE
"816","Trump","Pro","Pro",NA,NA,NA,"Very","Very",4,FALSE
"817","Lockdowns",NA,NA,NA,"Pro","Pro","Somewhat","Somewhat",2,FALSE
"818","Lockdowns","Pro","Pro",NA,NA,NA,"Not at all","Very",2,TRUE
"819","Lockdowns",NA,NA,"Neutral",NA,"Pro","Not at all","Somewhat",1,TRUE
"820","Lockdowns",NA,"Anti",NA,"Anti",NA,"Very","Very",4,FALSE
"821","Masks",NA,NA,NA,"Pro","Pro","Somewhat","Very",3,FALSE
"822","Trump",NA,NA,NA,"Anti","Anti","Very","Very",4,FALSE
"823","Trump","Pro","Pro",NA,NA,NA,"Very","Very",4,FALSE
"824","Masks","Anti",NA,"Anti",NA,NA,"Very","Very",4,FALSE
"825","Trump",NA,"Anti",NA,"Anti",NA,"Not at all","Somewhat",1,TRUE
"826","Trump",NA,"Pro",NA,"Anti",NA,"Not at all","Very",2,TRUE
"827","Trump",NA,"Neutral",NA,"Neutral",NA,"Not at all","Very",2,TRUE
"828","Trump","Anti","Neutral",NA,NA,NA,"Not at all","Somewhat",1,TRUE
"829","Trump",NA,NA,"Anti",NA,"Anti","Somewhat","Very",3,FALSE
"830","Lockdowns",NA,"Pro",NA,"Neutral",NA,"Not at all","Somewhat",1,TRUE
"831","Trump",NA,"Anti",NA,"Anti",NA,"Very","Very",4,FALSE
"832","Lockdowns","Pro","Anti",NA,NA,NA,"Somewhat","Very",3,FALSE
"833","Trump",NA,NA,"Anti",NA,"Anti","Somewhat","Somewhat",2,FALSE
"834","Trump","Anti","Anti",NA,NA,NA,"Very","Very",4,FALSE
"835","Trump",NA,"Pro",NA,"Pro",NA,"Very","Very",4,FALSE
"836","Trump",NA,NA,"Anti",NA,"Anti","Very","Very",4,FALSE
"837","Trump","Pro",NA,"Pro",NA,NA,"Very","Very",4,FALSE
"838","Trump","Anti","Anti",NA,NA,NA,"Not at all","Very",2,TRUE
"839","Trump",NA,NA,"Anti",NA,"Anti","Somewhat","Somewhat",2,FALSE
"840","Trump",NA,NA,NA,"Anti","Anti","Somewhat","Very",3,FALSE
"841","Masks","Pro","Pro",NA,NA,NA,"Very","Very",4,FALSE
"842","Lockdowns",NA,NA,"Neutral",NA,"Pro","Not at all","Somewhat",1,TRUE
"843","Trump","Anti","Pro",NA,NA,NA,"Somewhat","Somewhat",2,FALSE
"844","Lockdowns","Neutral","Pro",NA,NA,NA,"Not at all","Somewhat",1,TRUE
"845","Trump",NA,"Anti",NA,"Anti",NA,"Very","Very",4,FALSE
"846","Trump",NA,"Anti",NA,"Anti",NA,"Very","Very",4,FALSE
"847","Trump",NA,NA,"Anti",NA,"Anti","Somewhat","Somewhat",2,FALSE
"848","Trump",NA,"Anti",NA,"Anti",NA,"Somewhat","Somewhat",2,FALSE
"849","Trump",NA,"Anti",NA,"Anti",NA,"Somewhat","Very",3,FALSE
"850","Trump",NA,"Anti",NA,"Anti",NA,"Somewhat","Very",3,FALSE
"851","Trump",NA,"Anti",NA,"Anti",NA,"Not at all","Very",2,TRUE
"852","Trump",NA,NA,NA,"Anti","Anti","Somewhat","Very",3,FALSE
"853","Trump","Anti","Anti",NA,NA,NA,"Very","Very",4,FALSE
"854","Trump",NA,NA,NA,"Anti","Anti","Somewhat","Very",3,FALSE
"855","Trump",NA,NA,"Anti",NA,"Anti","Somewhat","Somewhat",2,FALSE
"856","Trump",NA,NA,NA,"Anti","Anti","Somewhat","Somewhat",2,FALSE
"857","Lockdowns","Neutral","Anti",NA,NA,NA,"Not at all","Not at all",0,TRUE
"858","Trump",NA,"Anti",NA,"Anti",NA,"Very","Very",4,FALSE
"859","Lockdowns","Pro","Pro",NA,NA,NA,"Somewhat","Very",3,FALSE
"860","Lockdowns","Anti",NA,"Anti",NA,NA,"Somewhat","Very",3,FALSE
"861","Vaccines","Pro",NA,"Pro",NA,NA,"Not at all","Somewhat",1,TRUE
"862","Trump","Anti","Anti",NA,NA,NA,"Very","Very",4,FALSE
"863","Trump",NA,"Anti",NA,"Anti",NA,"Very","Very",4,FALSE
"864","Trump",NA,"Anti",NA,"Anti",NA,"Very","Very",4,FALSE
"865","Trump",NA,"Anti",NA,"Anti",NA,"Very","Very",4,FALSE
"866","Trump",NA,NA,"Pro",NA,"Pro","Somewhat","Somewhat",2,FALSE
"867","Masks",NA,"Pro",NA,"Pro",NA,"Somewhat","Very",3,FALSE
"868","Trump",NA,NA,"Anti",NA,"Anti","Somewhat","Somewhat",2,FALSE
"869","Trump","Anti","Anti",NA,NA,NA,"Very","Very",4,FALSE
"870","Masks",NA,NA,NA,"Pro","Pro","Very","Very",4,FALSE
"871","Trump",NA,NA,"Anti",NA,"Pro","Somewhat","Somewhat",2,FALSE
"872","Trump","Pro",NA,"Pro",NA,NA,"Very","Very",4,FALSE
"873","Trump","Anti",NA,"Anti",NA,NA,"Very","Very",4,FALSE
"874","Vaccines","Pro",NA,"Pro",NA,NA,"Somewhat","Somewhat",2,FALSE
"875","Vaccines","Pro",NA,"Pro",NA,NA,"Somewhat","Somewhat",2,FALSE
"876","Trump",NA,"Anti",NA,"Anti",NA,"Somewhat","Very",3,FALSE
"877","Trump","Anti","Anti",NA,NA,NA,"Very","Very",4,FALSE
"878","Vaccines","Pro",NA,"Pro",NA,NA,"Somewhat","Very",3,FALSE
"879","Masks",NA,"Pro",NA,"Pro",NA,"Somewhat","Very",3,FALSE
"880","Vaccines",NA,NA,"Pro",NA,"Pro","Somewhat","Somewhat",2,FALSE
"881","Masks",NA,"Pro",NA,"Pro",NA,"Very","Very",4,FALSE
"882","Masks","Pro",NA,"Pro",NA,NA,"Somewhat","Very",3,FALSE
"883","Trump","Pro","Pro",NA,NA,NA,"Very","Very",4,FALSE
"884","Vaccines",NA,NA,"Anti",NA,"Anti","Not at all","Somewhat",1,TRUE
"885","Masks","Pro",NA,"Pro",NA,NA,"Very","Very",4,FALSE
"886","Vaccines","Pro",NA,"Pro",NA,NA,"Not at all","Very",2,TRUE
"887","Masks","Pro",NA,"Pro",NA,NA,"Very","Very",4,FALSE
"888","Lockdowns",NA,"Pro",NA,"Pro",NA,"Somewhat","Somewhat",2,FALSE
"889","Trump",NA,"Anti",NA,"Anti",NA,"Somewhat","Somewhat",2,FALSE
"890","Trump","Pro","Anti",NA,NA,NA,"Somewhat","Very",3,FALSE
"891","Lockdowns",NA,NA,NA,"Anti","Anti","Very","Very",4,FALSE
"892","Lockdowns",NA,NA,NA,"Pro","Pro","Somewhat","Somewhat",2,FALSE
"893","Trump",NA,"Anti",NA,"Anti",NA,"Very","Very",4,FALSE
"894","Masks",NA,NA,NA,"Anti","Anti","Somewhat","Somewhat",2,FALSE
"895","Trump",NA,NA,NA,"Anti","Anti","Somewhat","Somewhat",2,FALSE
"896","Vaccines",NA,NA,"Anti",NA,"Anti","Very","Very",4,FALSE
"897","Vaccines",NA,"Pro",NA,"Pro",NA,"Somewhat","Very",3,FALSE
"898","Lockdowns",NA,NA,NA,"Anti","Neutral","Not at all","Somewhat",1,TRUE
"899","Lockdowns",NA,NA,"Neutral",NA,"Neutral","Somewhat","Somewhat",2,FALSE
"900","Lockdowns","Pro",NA,"Pro",NA,NA,"Somewhat","Very",3,FALSE
"901","Vaccines",NA,NA,"Pro",NA,"Pro","Not at all","Not at all",0,TRUE
"902","Masks","Pro","Pro",NA,NA,NA,"Very","Very",4,FALSE
"903","Trump","Anti",NA,"Anti",NA,NA,"Somewhat","Very",3,FALSE
"904","Vaccines","Pro",NA,"Pro",NA,NA,"Somewhat","Somewhat",2,FALSE
"905","Masks",NA,NA,NA,"Pro","Pro","Somewhat","Very",3,FALSE
"906","Trump",NA,NA,NA,"Anti","Anti","Somewhat","Somewhat",2,FALSE
"907","Lockdowns",NA,NA,"Neutral",NA,"Neutral","Not at all","Not at all",0,TRUE
"908","Masks","Pro","Pro",NA,NA,NA,"Very","Very",4,FALSE
"909","Lockdowns",NA,NA,"Pro",NA,"Pro","Somewhat","Somewhat",2,FALSE
"910","Vaccines",NA,NA,NA,"Pro","Pro","Somewhat","Very",3,FALSE
"911","Vaccines","Pro","Pro",NA,NA,NA,"Somewhat","Very",3,FALSE
"912","Trump","Anti","Anti",NA,NA,NA,"Very","Very",4,FALSE
"913","Lockdowns","Pro","Pro",NA,NA,NA,"Very","Very",4,FALSE
"914","Vaccines","Pro","Pro",NA,NA,NA,"Very","Very",4,FALSE
"915","Trump",NA,NA,"Pro",NA,"Pro","Somewhat","Somewhat",2,FALSE
"916","Lockdowns","Neutral","Pro",NA,NA,NA,"Not at all","Somewhat",1,TRUE
"917","Masks","Pro","Pro",NA,NA,NA,"Very","Very",4,FALSE
"918","Vaccines",NA,"Pro",NA,"Pro",NA,"Somewhat","Very",3,FALSE
"919","Trump",NA,NA,"Anti",NA,"Anti","Somewhat","Somewhat",2,FALSE
"920","Lockdowns",NA,NA,"Pro",NA,"Pro","Somewhat","Very",3,FALSE
"921","Masks",NA,"Pro",NA,"Pro",NA,"Somewhat","Very",3,FALSE
"922","Vaccines",NA,"Pro",NA,"Pro",NA,"Somewhat","Very",3,FALSE
"923","Vaccines",NA,NA,NA,"Anti","Anti","Somewhat","Somewhat",2,FALSE
"924","Trump",NA,NA,"Pro",NA,"Pro","Very","Very",4,FALSE
"925","Masks",NA,NA,NA,"Pro","Pro","Somewhat","Somewhat",2,FALSE
"926","Masks","Pro",NA,"Pro",NA,NA,"Very","Very",4,FALSE
"927","Vaccines","Pro",NA,"Pro",NA,NA,"Somewhat","Very",3,FALSE
"928","Lockdowns",NA,NA,"Anti",NA,"Pro","Somewhat","Very",3,FALSE
"929","Masks",NA,"Pro",NA,"Pro",NA,"Very","Very",4,FALSE
"930","Vaccines",NA,NA,NA,"Pro","Anti","Very","Very",4,FALSE
"931","Lockdowns",NA,NA,NA,"Pro","Neutral","Somewhat","Somewhat",2,FALSE
"932","Lockdowns","Neutral","Pro",NA,NA,NA,"Somewhat","Somewhat",2,FALSE
"933","Vaccines","Pro",NA,"Pro",NA,NA,"Not at all","Somewhat",1,TRUE
"934","Masks","Pro","Pro",NA,NA,NA,"Somewhat","Somewhat",2,FALSE
"935","Vaccines",NA,NA,"Pro",NA,"Pro","Not at all","Somewhat",1,TRUE
"936","Lockdowns",NA,NA,NA,"Anti","Anti","Somewhat","Very",3,FALSE
"937","Vaccines",NA,"Pro",NA,"Pro",NA,"Not at all","Very",2,TRUE
"938","Lockdowns",NA,"Neutral",NA,"Pro",NA,"Somewhat","Very",3,FALSE
"939","Masks",NA,"Pro",NA,"Pro",NA,"Very","Very",4,FALSE
"940","Vaccines",NA,NA,NA,"Pro","Pro","Very","Very",4,FALSE
"941","Trump",NA,NA,NA,"Anti","Anti","Very","Very",4,FALSE
"942","Trump",NA,"Anti",NA,"Anti",NA,"Very","Very",4,FALSE
"943","Lockdowns","Neutral",NA,"Neutral",NA,NA,"Not at all","Not at all",0,TRUE
"944","Masks",NA,NA,"Pro",NA,"Pro","Somewhat","Very",3,FALSE
"945","Trump",NA,NA,"Anti",NA,"Anti","Very","Very",4,FALSE
"946","Masks","Pro",NA,"Pro",NA,NA,"Somewhat","Very",3,FALSE
"947","Masks","Anti","Anti",NA,NA,NA,"Very","Very",4,FALSE
"948","Vaccines","Pro","Pro",NA,NA,NA,"Very","Very",4,FALSE
"949","Trump",NA,NA,"Anti",NA,"Anti","Very","Very",4,FALSE
"950","Trump",NA,NA,NA,"Anti","Anti","Very","Very",4,FALSE
"951","Vaccines","Pro","Pro",NA,NA,NA,"Somewhat","Very",3,FALSE
"952","Masks","Pro","Neutral",NA,NA,NA,"Somewhat","Somewhat",2,FALSE
"953","Vaccines",NA,NA,NA,"Pro","Pro","Very","Very",4,FALSE
"954","Vaccines",NA,NA,NA,"Pro","Pro","Somewhat","Very",3,FALSE
"955","Vaccines",NA,NA,NA,"Pro","Pro","Somewhat","Somewhat",2,FALSE
"956","Vaccines",NA,NA,NA,"Pro","Pro","Somewhat","Somewhat",2,FALSE
"957","Trump",NA,NA,NA,"Anti","Anti","Not at all","Somewhat",1,TRUE
"958","Masks","Neutral","Pro",NA,NA,NA,"Not at all","Very",2,TRUE
"959","Lockdowns","Anti","Neutral",NA,NA,NA,"Very","Very",4,FALSE
"960","Masks",NA,NA,NA,"Pro","Pro","Very","Very",4,FALSE
"961","Lockdowns","Neutral",NA,"Pro",NA,NA,"Not at all","Not at all",0,TRUE
"962","Lockdowns",NA,"Pro",NA,"Pro",NA,"Not at all","Somewhat",1,TRUE
"963","Masks",NA,NA,"Pro",NA,"Pro","Very","Very",4,FALSE
"964","Masks","Anti","Anti",NA,NA,NA,"Very","Very",4,FALSE
"965","Lockdowns",NA,"Anti",NA,"Anti",NA,"Very","Very",4,FALSE
"966","Vaccines",NA,NA,"Pro",NA,"Pro","Very","Very",4,FALSE
"967","Lockdowns","Pro","Pro",NA,NA,NA,"Very","Very",4,FALSE
"968","Lockdowns","Neutral","Neutral",NA,NA,NA,"Not at all","Not at all",0,TRUE
"969","Masks",NA,"Pro",NA,"Pro",NA,"Somewhat","Very",3,FALSE
"970","Lockdowns","Pro","Pro",NA,NA,NA,"Somewhat","Very",3,FALSE
"971","Lockdowns",NA,NA,"Anti",NA,"Anti","Very","Very",4,FALSE
"972","Vaccines",NA,NA,"Pro",NA,"Pro","Very","Very",4,FALSE
"973","Trump",NA,"Anti",NA,"Anti",NA,"Somewhat","Somewhat",2,FALSE
"974","Masks",NA,"Pro",NA,"Pro",NA,"Somewhat","Very",3,FALSE
"975","Vaccines","Anti","Anti",NA,NA,NA,"Very","Very",4,FALSE
"976","Trump",NA,NA,NA,"Anti","Anti","Somewhat","Very",3,FALSE
"977","Lockdowns",NA,"Anti",NA,"Anti",NA,"Somewhat","Somewhat",2,FALSE
"978","Trump",NA,NA,NA,"Anti","Anti","Very","Very",4,FALSE
"979","Trump",NA,NA,NA,"Anti","Anti","Somewhat","Somewhat",2,FALSE
"980","Vaccines",NA,NA,NA,"Pro","Pro","Very","Very",4,FALSE
"981","Vaccines","Pro",NA,"Pro",NA,NA,"Very","Very",4,FALSE
"982","Lockdowns",NA,"Anti",NA,"Anti",NA,"Very","Very",4,FALSE
"983","Masks",NA,NA,"Pro",NA,"Pro","Very","Very",4,FALSE
"984","Masks",NA,NA,NA,"Pro","Pro","Very","Very",4,FALSE
"985","Vaccines",NA,NA,"Pro",NA,"Pro","Very","Very",4,FALSE
"986","Vaccines",NA,NA,"Pro",NA,"Pro","Not at all","Somewhat",1,TRUE
"987","Trump",NA,NA,"Pro",NA,"Pro","Somewhat","Very",3,FALSE
"988","Trump",NA,NA,"Anti",NA,"Anti","Not at all","Not at all",0,TRUE
"989","Lockdowns",NA,NA,NA,"Anti","Anti","Somewhat","Somewhat",2,FALSE
"990","Vaccines",NA,"Pro",NA,"Pro",NA,"Not at all","Very",2,TRUE
"991","Trump",NA,NA,NA,"Pro","Pro","Somewhat","Very",3,FALSE
"992","Trump",NA,"Anti",NA,"Anti",NA,"Somewhat","Very",3,FALSE
"993","Masks",NA,"Neutral",NA,"Pro",NA,"Somewhat","Very",3,FALSE
"994","Vaccines","Pro",NA,"Pro",NA,NA,"Somewhat","Somewhat",2,FALSE
"995","Lockdowns",NA,"Pro",NA,"Pro",NA,"Very","Very",4,FALSE
"996","Vaccines","Pro",NA,"Pro",NA,NA,"Very","Very",4,FALSE
"997","Lockdowns","Anti","Anti",NA,NA,NA,"Very","Very",4,FALSE
"998","Lockdowns",NA,NA,NA,"Anti","Anti","Very","Very",4,FALSE
"999","Vaccines",NA,NA,NA,"Pro","Pro","Somewhat","Very",3,FALSE
"1000","Vaccines",NA,"Pro",NA,"Pro",NA,"Very","Very",4,FALSE
"1001","Masks",NA,NA,"Pro",NA,"Pro","Very","Very",4,FALSE
"1002","Vaccines",NA,"Pro",NA,"Pro",NA,"Very","Very",4,FALSE
"1003","Vaccines",NA,"Pro",NA,"Pro",NA,"Not at all","Not at all",0,TRUE
"1004","Vaccines",NA,NA,NA,"Pro","Pro","Very","Very",4,FALSE
"1005","Vaccines","Anti","Anti",NA,NA,NA,"Somewhat","Very",3,FALSE
"1006","Vaccines","Pro","Pro",NA,NA,NA,"Somewhat","Somewhat",2,FALSE
"1007","Trump","Anti",NA,"Neutral",NA,NA,"Not at all","Somewhat",1,TRUE
"1008","Masks","Pro","Pro",NA,NA,NA,"Very","Very",4,FALSE
"1009","Masks","Pro","Anti",NA,NA,NA,"Somewhat","Very",3,FALSE
"1010","Vaccines","Pro","Pro",NA,NA,NA,"Very","Very",4,FALSE
"1011","Vaccines","Pro","Pro",NA,NA,NA,"Very","Very",4,FALSE
"1012","Vaccines",NA,NA,NA,"Pro","Pro","Not at all","Very",2,TRUE
"1013","Vaccines",NA,"Pro",NA,"Pro",NA,"Very","Very",4,FALSE
"1014","Vaccines","Pro",NA,"Pro",NA,NA,"Somewhat","Very",3,FALSE
"1015","Vaccines","Pro","Pro",NA,NA,NA,"Somewhat","Somewhat",2,FALSE
"1016","Lockdowns",NA,NA,"Anti",NA,"Neutral","Not at all","Not at all",0,TRUE
"1017","Masks",NA,NA,"Pro",NA,"Pro","Somewhat","Somewhat",2,FALSE
"1018","Vaccines",NA,NA,NA,"Pro","Pro","Very","Very",4,FALSE
"1019","Vaccines","Pro",NA,"Pro",NA,NA,"Very","Very",4,FALSE
"1020","Vaccines",NA,NA,"Pro",NA,"Pro","Very","Very",4,FALSE
"1021","Lockdowns",NA,"Neutral",NA,"Anti",NA,"Not at all","Somewhat",1,TRUE
"1022","Vaccines",NA,"Pro",NA,"Pro",NA,"Somewhat","Very",3,FALSE
"1023","Masks",NA,NA,"Pro",NA,"Pro","Somewhat","Very",3,FALSE
"1024","Vaccines",NA,"Pro",NA,"Pro",NA,"Somewhat","Very",3,FALSE
"1025","Vaccines",NA,NA,"Pro",NA,"Pro","Not at all","Not at all",0,TRUE
"1026","Lockdowns",NA,NA,"Anti",NA,"Anti","Very","Very",4,FALSE
"1027","Vaccines","Pro","Pro",NA,NA,NA,"Very","Very",4,FALSE
"1028","Vaccines",NA,"Pro",NA,"Pro",NA,"Somewhat","Very",3,FALSE
"1029","Vaccines",NA,NA,NA,"Pro","Pro","Not at all","Very",2,TRUE
"1030","Vaccines","Pro","Pro",NA,NA,NA,"Very","Very",4,FALSE
"1031","Vaccines","Pro","Pro",NA,NA,NA,"Very","Very",4,FALSE
"1032","Vaccines",NA,NA,NA,"Pro","Pro","Very","Very",4,FALSE
"1033","Vaccines",NA,NA,NA,"Pro","Pro","Not at all","Somewhat",1,TRUE
"1034","Lockdowns","Anti","Anti",NA,NA,NA,"Very","Very",4,FALSE
"1035","Trump","Anti","Anti",NA,NA,NA,"Very","Very",4,FALSE
"1036","Vaccines",NA,"Pro",NA,"Pro",NA,"Somewhat","Very",3,FALSE
"1037","Vaccines",NA,NA,NA,"Pro","Pro","Very","Very",4,FALSE
"1038","Vaccines",NA,"Pro",NA,"Pro",NA,"Somewhat","Very",3,FALSE
"1039","Vaccines","Pro",NA,"Pro",NA,NA,"Somewhat","Very",3,FALSE
"1040","Vaccines",NA,"Pro",NA,"Pro",NA,"Somewhat","Very",3,FALSE
"1041","Vaccines","Pro",NA,"Pro",NA,NA,"Very","Very",4,FALSE
"1042","Vaccines","Pro","Anti",NA,NA,NA,"Somewhat","Somewhat",2,FALSE
"1043","Trump","Anti",NA,"Anti",NA,NA,"Somewhat","Somewhat",2,FALSE
"1044","Trump",NA,NA,NA,"Pro","Pro","Very","Very",4,FALSE
"1045","Trump",NA,"Pro",NA,"Pro",NA,"Very","Very",4,FALSE
"1046","Masks",NA,NA,NA,"Anti","Anti","Somewhat","Somewhat",2,FALSE
"1047","Vaccines","Pro",NA,"Pro",NA,NA,"Not at all","Somewhat",1,TRUE
"1048","Vaccines","Pro","Pro",NA,NA,NA,"Not at all","Very",2,TRUE
"1049","Vaccines","Pro",NA,"Anti",NA,NA,"Not at all","Not at all",0,TRUE
"1050","Vaccines",NA,NA,"Pro",NA,"Pro","Not at all","Somewhat",1,TRUE
"1051","Masks",NA,NA,NA,"Pro","Pro","Very","Very",4,FALSE
"1052","Vaccines","Anti",NA,"Anti",NA,NA,"Somewhat","Very",3,FALSE
"1053","Vaccines",NA,"Pro",NA,"Pro",NA,"Very","Very",4,FALSE
"1054","Lockdowns",NA,NA,"Anti",NA,"Anti","Very","Very",4,FALSE
"1055","Vaccines",NA,NA,"Anti",NA,"Anti","Somewhat","Very",3,FALSE
"1056","Vaccines",NA,NA,NA,"Pro","Pro","Somewhat","Very",3,FALSE
"1057","Lockdowns","Neutral",NA,"Neutral",NA,NA,"Not at all","Not at all",0,TRUE
"1058","Trump","Anti",NA,"Anti",NA,NA,"Somewhat","Very",3,FALSE
"1059","Lockdowns",NA,NA,NA,"Anti","Anti","Somewhat","Somewhat",2,FALSE
"1060","Vaccines",NA,NA,NA,"Pro","Pro","Very","Very",4,FALSE
"1061","Masks",NA,NA,NA,"Anti","Anti","Somewhat","Somewhat",2,FALSE
"1062","Vaccines","Pro",NA,"Pro",NA,NA,"Somewhat","Very",3,FALSE
"1063","Masks",NA,NA,"Pro",NA,"Pro","Very","Very",4,FALSE
"1064","Vaccines",NA,NA,NA,"Pro","Pro","Very","Very",4,FALSE
"1065","Lockdowns","Pro","Pro",NA,NA,NA,"Very","Very",4,FALSE
"1066","Lockdowns",NA,NA,"Pro",NA,"Pro","Somewhat","Very",3,FALSE
"1067","Masks",NA,"Anti",NA,"Anti",NA,"Not at all","Very",2,TRUE
"1068","Masks","Pro","Pro",NA,NA,NA,"Very","Very",4,FALSE
"1069","Trump","Pro",NA,"Anti",NA,NA,"Not at all","Somewhat",1,TRUE
"1070","Lockdowns",NA,"Pro",NA,"Pro",NA,"Somewhat","Somewhat",2,FALSE
"1071","Trump",NA,NA,NA,"Pro","Pro","Very","Very",4,FALSE
"1072","Lockdowns",NA,NA,"Neutral",NA,"Pro","Not at all","Not at all",0,TRUE
"1073","Masks","Pro",NA,"Anti",NA,NA,"Somewhat","Very",3,FALSE
"1074","Trump",NA,"Pro",NA,"Pro",NA,"Very","Very",4,FALSE
"1075","Vaccines",NA,"Pro",NA,"Pro",NA,"Somewhat","Very",3,FALSE
"1076","Vaccines",NA,NA,NA,"Pro","Pro","Somewhat","Very",3,FALSE
"1077","Lockdowns",NA,NA,"Pro",NA,"Pro","Not at all","Somewhat",1,TRUE
"1078","Lockdowns",NA,"Pro",NA,"Neutral",NA,"Not at all","Somewhat",1,TRUE
"1079","Vaccines",NA,"Pro",NA,"Pro",NA,"Very","Very",4,FALSE
"1080","Masks","Pro",NA,"Pro",NA,NA,"Somewhat","Very",3,FALSE
"1081","Trump","Anti","Anti",NA,NA,NA,"Somewhat","Very",3,FALSE
"1082","Lockdowns","Pro","Neutral",NA,NA,NA,"Not at all","Somewhat",1,TRUE
"1083","Trump","Anti","Anti",NA,NA,NA,"Somewhat","Very",3,FALSE
"1084","Trump","Anti","Anti",NA,NA,NA,"Very","Very",4,FALSE
"1085","Masks",NA,"Pro",NA,"Pro",NA,"Somewhat","Very",3,FALSE
"1086","Trump","Anti",NA,"Anti",NA,NA,"Not at all","Very",2,TRUE
"1087","Trump","Anti","Anti",NA,NA,NA,"Somewhat","Very",3,FALSE
"1088","Trump","Anti","Anti",NA,NA,NA,"Very","Very",4,FALSE
"1089","Trump",NA,NA,NA,"Pro","Neutral","Somewhat","Somewhat",2,FALSE
"1090","Trump",NA,NA,"Anti",NA,"Anti","Somewhat","Somewhat",2,FALSE
"1091","Trump",NA,NA,NA,"Anti","Anti","Somewhat","Somewhat",2,FALSE
"1092","Vaccines",NA,"Anti",NA,"Anti",NA,"Very","Very",4,FALSE
"1093","Lockdowns",NA,NA,"Neutral",NA,"Anti","Not at all","Somewhat",1,TRUE
"1094","Lockdowns",NA,NA,NA,"Anti","Neutral","Somewhat","Somewhat",2,FALSE
"1095","Lockdowns",NA,NA,NA,"Anti","Anti","Not at all","Somewhat",1,TRUE
"1096","Trump",NA,NA,"Anti",NA,"Neutral","Not at all","Somewhat",1,TRUE
"1097","Trump",NA,NA,"Neutral",NA,"Anti","Not at all","Not at all",0,TRUE
"1098","Trump","Anti","Anti",NA,NA,NA,"Somewhat","Very",3,FALSE
"1099","Masks",NA,NA,"Pro",NA,"Pro","Very","Very",4,FALSE
"1100","Trump",NA,"Neutral",NA,"Pro",NA,"Somewhat","Somewhat",2,FALSE
"1101","Trump","Anti","Anti",NA,NA,NA,"Very","Very",4,FALSE
"1102","Trump","Anti","Anti",NA,NA,NA,"Very","Very",4,FALSE
"1103","Lockdowns","Pro",NA,"Pro",NA,NA,"Somewhat","Very",3,FALSE
"1104","Lockdowns","Neutral",NA,"Neutral",NA,NA,"Not at all","Not at all",0,TRUE
"1105","Trump",NA,"Neutral",NA,"Anti",NA,"Not at all","Very",2,TRUE
"1106","Trump",NA,NA,"Neutral",NA,"Neutral","Not at all","Not at all",0,TRUE
"1107","Lockdowns","Anti",NA,"Anti",NA,NA,"Very","Very",4,FALSE
"1108","Vaccines",NA,NA,"Pro",NA,"Pro","Very","Very",4,FALSE
"1109","Trump","Anti","Anti",NA,NA,NA,"Very","Very",4,FALSE
"1110","Vaccines",NA,NA,"Pro",NA,"Anti","Somewhat","Somewhat",2,FALSE
"1111","Trump","Pro","Pro",NA,NA,NA,"Very","Very",4,FALSE
"1112","Masks","Pro",NA,"Pro",NA,NA,"Very","Very",4,FALSE
"1113","Vaccines","Pro","Pro",NA,NA,NA,"Somewhat","Somewhat",2,FALSE
"1114","Vaccines","Pro","Pro",NA,NA,NA,"Very","Very",4,FALSE
"1115","Masks","Anti",NA,"Anti",NA,NA,"Not at all","Somewhat",1,TRUE
"1116","Trump",NA,NA,"Anti",NA,"Anti","Somewhat","Very",3,FALSE
"1117","Trump",NA,"Anti",NA,"Anti",NA,"Somewhat","Very",3,FALSE
"1118","Lockdowns","Anti",NA,"Anti",NA,NA,"Very","Very",4,FALSE
"1119","Lockdowns",NA,NA,NA,"Anti","Anti","Somewhat","Somewhat",2,FALSE
"1120","Vaccines",NA,NA,NA,"Pro","Pro","Not at all","Not at all",0,TRUE
"1121","Vaccines","Pro",NA,"Pro",NA,NA,"Somewhat","Somewhat",2,FALSE
"1122","Vaccines","Pro","Pro",NA,NA,NA,"Somewhat","Very",3,FALSE
"1123","Lockdowns","Pro","Pro",NA,NA,NA,"Not at all","Somewhat",1,TRUE
"1124","Lockdowns",NA,NA,NA,"Anti","Pro","Somewhat","Somewhat",2,FALSE
"1125","Lockdowns",NA,NA,NA,"Anti","Anti","Very","Very",4,FALSE
"1126","Vaccines","Pro",NA,"Pro",NA,NA,"Somewhat","Very",3,FALSE
"1127","Lockdowns",NA,NA,"Pro",NA,"Anti","Somewhat","Somewhat",2,FALSE
"1128","Vaccines","Pro",NA,"Anti",NA,NA,"Not at all","Somewhat",1,TRUE
"1129","Trump",NA,NA,NA,"Anti","Anti","Somewhat","Very",3,FALSE
"1130","Masks","Pro",NA,"Pro",NA,NA,"Not at all","Very",2,TRUE
"1131","Vaccines",NA,NA,"Anti",NA,"Anti","Somewhat","Very",3,FALSE
"1132","Trump",NA,"Anti",NA,"Anti",NA,"Very","Very",4,FALSE
"1133","Vaccines",NA,NA,"Pro",NA,"Pro","Somewhat","Somewhat",2,FALSE
"1134","Trump","Anti","Anti",NA,NA,NA,"Very","Very",4,FALSE
"1135","Vaccines",NA,NA,"Pro",NA,"Pro","Somewhat","Very",3,FALSE
"1136","Lockdowns",NA,NA,"Pro",NA,"Pro","Somewhat","Somewhat",2,FALSE
"1137","Vaccines",NA,NA,NA,"Anti","Anti","Somewhat","Somewhat",2,FALSE
"1138","Vaccines","Pro","Anti",NA,NA,NA,"Very","Very",4,FALSE
"1139","Vaccines",NA,NA,NA,"Pro","Pro","Somewhat","Somewhat",2,FALSE
"1140","Lockdowns","Neutral","Anti",NA,NA,NA,"Somewhat","Very",3,FALSE
"1141","Vaccines",NA,"Pro",NA,"Pro",NA,"Somewhat","Very",3,FALSE
"1142","Vaccines",NA,NA,NA,"Pro","Pro","Not at all","Very",2,TRUE
"1143","Lockdowns","Neutral",NA,"Neutral",NA,NA,"Somewhat","Somewhat",2,FALSE
"1144","Vaccines",NA,NA,"Pro",NA,"Pro","Very","Very",4,FALSE
"1145","Vaccines",NA,NA,"Pro",NA,"Pro","Somewhat","Very",3,FALSE
"1146","Vaccines",NA,NA,NA,"Pro","Pro","Somewhat","Somewhat",2,FALSE
"1147","Trump","Anti","Anti",NA,NA,NA,"Very","Very",4,FALSE
"1148","Masks",NA,NA,NA,"Anti","Anti","Very","Very",4,FALSE
"1149","Trump",NA,NA,"Anti",NA,"Anti","Somewhat","Somewhat",2,FALSE
"1150","Masks",NA,NA,NA,"Pro","Pro","Very","Very",4,FALSE
"1151","Trump",NA,NA,"Anti",NA,"Anti","Not at all","Somewhat",1,TRUE
"1152","Masks","Pro","Anti",NA,NA,NA,"Very","Very",4,FALSE
"1153","Vaccines","Pro",NA,"Pro",NA,NA,"Not at all","Somewhat",1,TRUE
"1154","Lockdowns","Anti","Anti",NA,NA,NA,"Very","Very",4,FALSE
"1155","Trump",NA,NA,NA,"Anti","Anti","Somewhat","Very",3,FALSE
"1156","Vaccines","Pro",NA,"Pro",NA,NA,"Somewhat","Somewhat",2,FALSE
"1157","Vaccines","Pro",NA,"Pro",NA,NA,"Somewhat","Very",3,FALSE
"1158","Vaccines",NA,"Pro",NA,"Pro",NA,"Somewhat","Very",3,FALSE
"1159","Masks",NA,NA,NA,"Pro","Pro","Somewhat","Very",3,FALSE
"1160","Vaccines",NA,NA,NA,"Pro","Pro","Not at all","Somewhat",1,TRUE
"1161","Lockdowns",NA,NA,NA,"Pro","Pro","Somewhat","Somewhat",2,FALSE
"1162","Masks","Anti",NA,"Anti",NA,NA,"Somewhat","Somewhat",2,FALSE
"1163","Vaccines","Pro",NA,"Pro",NA,NA,"Very","Very",4,FALSE
"1164","Vaccines","Pro",NA,"Pro",NA,NA,"Very","Very",4,FALSE
"1165","Masks",NA,NA,"Pro",NA,"Pro","Somewhat","Very",3,FALSE
"1166","Vaccines",NA,NA,NA,"Pro","Pro","Somewhat","Very",3,FALSE
"1167","Lockdowns","Pro",NA,"Pro",NA,NA,"Somewhat","Very",3,FALSE
"1168","Vaccines",NA,"Pro",NA,"Pro",NA,"Very","Very",4,FALSE
"1169","Vaccines",NA,"Pro",NA,"Pro",NA,"Very","Very",4,FALSE
"1170","Vaccines",NA,NA,NA,"Pro","Pro","Very","Very",4,FALSE
"1171","Vaccines",NA,"Pro",NA,"Pro",NA,"Very","Very",4,FALSE
"1172","Lockdowns","Anti",NA,"Anti",NA,NA,"Very","Very",4,FALSE
"1173","Masks","Pro",NA,"Pro",NA,NA,"Very","Very",4,FALSE
"1174","Lockdowns","Pro",NA,"Pro",NA,NA,"Very","Very",4,FALSE
"1175","Trump",NA,"Anti",NA,"Anti",NA,"Very","Very",4,FALSE
"1176","Vaccines",NA,NA,"Pro",NA,"Pro","Somewhat","Very",3,FALSE
"1177","Trump",NA,NA,NA,"Anti","Anti","Somewhat","Somewhat",2,FALSE
"1178","Masks","Pro","Pro",NA,NA,NA,"Very","Very",4,FALSE
"1179","Vaccines",NA,"Pro",NA,"Pro",NA,"Somewhat","Very",3,FALSE
"1180","Vaccines","Anti",NA,"Anti",NA,NA,"Very","Very",4,FALSE
"1181","Vaccines",NA,NA,NA,"Pro","Pro","Somewhat","Very",3,FALSE
"1182","Trump","Pro",NA,"Pro",NA,NA,"Very","Very",4,FALSE
"1183","Vaccines","Pro",NA,"Pro",NA,NA,"Very","Very",4,FALSE
"1184","Vaccines",NA,NA,NA,"Anti","Anti","Somewhat","Somewhat",2,FALSE
"1185","Trump",NA,NA,"Anti",NA,"Anti","Not at all","Very",2,TRUE
"1186","Trump",NA,NA,"Pro",NA,"Pro","Somewhat","Somewhat",2,FALSE
"1187","Lockdowns",NA,"Pro",NA,"Pro",NA,"Somewhat","Very",3,FALSE
"1188","Vaccines",NA,NA,"Anti",NA,"Anti","Very","Very",4,FALSE
"1189","Lockdowns",NA,NA,"Neutral",NA,"Neutral","Not at all","Not at all",0,TRUE
"1190","Vaccines",NA,NA,NA,"Pro","Pro","Very","Very",4,FALSE
"1191","Trump",NA,"Anti",NA,"Anti",NA,"Somewhat","Very",3,FALSE
"1192","Vaccines",NA,NA,"Pro",NA,"Pro","Somewhat","Very",3,FALSE
"1193","Vaccines","Pro",NA,"Pro",NA,NA,"Somewhat","Somewhat",2,FALSE
"1194","Vaccines","Pro",NA,"Anti",NA,NA,"Not at all","Not at all",0,TRUE
"1195","Masks",NA,"Pro",NA,"Pro",NA,"Somewhat","Very",3,FALSE
"1196","Masks",NA,"Pro",NA,"Pro",NA,"Not at all","Very",2,TRUE
"1197","Vaccines",NA,NA,"Pro",NA,"Pro","Somewhat","Very",3,FALSE
"1198","Masks",NA,NA,"Anti",NA,"Pro","Not at all","Somewhat",1,TRUE
"1199","Masks",NA,"Pro",NA,"Anti",NA,"Not at all","Somewhat",1,TRUE
"1200","Trump","Anti",NA,"Anti",NA,NA,"Somewhat","Very",3,FALSE
"1201","Lockdowns","Anti","Anti",NA,NA,NA,"Somewhat","Very",3,FALSE
"1202","Trump",NA,NA,"Anti",NA,"Anti","Somewhat","Very",3,FALSE
"1203","Vaccines","Anti",NA,"Anti",NA,NA,"Somewhat","Very",3,FALSE
"1204","Trump",NA,NA,"Anti",NA,"Anti","Somewhat","Somewhat",2,FALSE
"1205","Trump","Anti",NA,"Anti",NA,NA,"Somewhat","Very",3,FALSE
"1206","Lockdowns","Anti",NA,"Anti",NA,NA,"Very","Very",4,FALSE
"1207","Masks","Anti","Anti",NA,NA,NA,"Very","Very",4,FALSE
"1208","Masks",NA,NA,NA,"Pro","Pro","Very","Very",4,FALSE
"1209","Vaccines",NA,NA,NA,"Pro","Anti","Somewhat","Somewhat",2,FALSE
"1210","Masks",NA,"Pro",NA,"Pro",NA,"Very","Very",4,FALSE
"1211","Vaccines","Pro","Pro",NA,NA,NA,"Very","Very",4,FALSE
"1212","Vaccines","Pro","Pro",NA,NA,NA,"Not at all","Very",2,TRUE
"1213","Trump","Anti",NA,"Anti",NA,NA,"Somewhat","Very",3,FALSE
"1214","Masks",NA,"Anti",NA,"Anti",NA,"Not at all","Very",2,TRUE
"1215","Lockdowns","Neutral","Pro",NA,NA,NA,"Not at all","Somewhat",1,TRUE
"1216","Vaccines",NA,"Pro",NA,"Pro",NA,"Somewhat","Very",3,FALSE
"1217","Trump","Neutral",NA,"Anti",NA,NA,"Not at all","Not at all",0,TRUE
"1218","Vaccines",NA,"Pro",NA,"Pro",NA,"Somewhat","Very",3,FALSE
"1219","Trump","Pro",NA,"Pro",NA,NA,"Somewhat","Very",3,FALSE
"1220","Trump","Pro",NA,"Pro",NA,NA,"Very","Very",4,FALSE
"1221","Masks",NA,"Pro",NA,"Pro",NA,"Very","Very",4,FALSE
"1222","Vaccines",NA,NA,NA,"Pro","Pro","Not at all","Somewhat",1,TRUE
"1223","Vaccines","Pro","Pro",NA,NA,NA,"Very","Very",4,FALSE
"1224","Lockdowns",NA,"Pro",NA,"Pro",NA,"Not at all","Not at all",0,TRUE
"1225","Trump","Pro",NA,"Pro",NA,NA,"Very","Very",4,FALSE
"1226","Vaccines",NA,NA,"Pro",NA,"Anti","Somewhat","Somewhat",2,FALSE
"1227","Vaccines",NA,NA,NA,"Pro","Pro","Somewhat","Somewhat",2,FALSE
"1228","Masks",NA,"Pro",NA,"Pro",NA,"Very","Very",4,FALSE
"1229","Vaccines",NA,NA,"Pro",NA,"Pro","Very","Very",4,FALSE
"1230","Vaccines",NA,NA,"Pro",NA,"Pro","Very","Very",4,FALSE
"1231","Vaccines","Pro","Pro",NA,NA,NA,"Not at all","Not at all",0,TRUE
"1232","Trump","Pro",NA,"Pro",NA,NA,"Somewhat","Very",3,FALSE
"1233","Lockdowns","Anti",NA,"Anti",NA,NA,"Very","Very",4,FALSE
"1234","Vaccines","Pro",NA,"Anti",NA,NA,"Not at all","Not at all",0,TRUE
"1235","Lockdowns","Pro","Pro",NA,NA,NA,"Somewhat","Very",3,FALSE
"1236","Vaccines","Pro",NA,"Anti",NA,NA,"Not at all","Somewhat",1,TRUE
"1237","Trump",NA,"Pro",NA,"Neutral",NA,"Somewhat","Somewhat",2,FALSE
"1238","Masks",NA,NA,NA,"Pro","Pro","Very","Very",4,FALSE
"1239","Vaccines","Pro",NA,"Pro",NA,NA,"Somewhat","Very",3,FALSE
"1240","Vaccines","Pro",NA,"Anti",NA,NA,"Not at all","Somewhat",1,TRUE
"1241","Lockdowns",NA,NA,"Pro",NA,"Pro","Somewhat","Somewhat",2,FALSE
"1242","Vaccines","Pro",NA,"Anti",NA,NA,"Not at all","Not at all",0,TRUE
"1243","Lockdowns","Pro",NA,"Pro",NA,NA,"Very","Very",4,FALSE
"1244","Lockdowns",NA,NA,"Pro",NA,"Pro","Not at all","Not at all",0,TRUE
"1245","Trump",NA,NA,NA,"Neutral","Neutral","Somewhat","Somewhat",2,FALSE
"1246","Lockdowns","Pro",NA,"Pro",NA,NA,"Somewhat","Very",3,FALSE
"1247","Trump",NA,"Anti",NA,"Anti",NA,"Somewhat","Somewhat",2,FALSE
"1248","Vaccines","Pro","Pro",NA,NA,NA,"Very","Very",4,FALSE
"1249","Vaccines",NA,NA,NA,"Pro","Pro","Somewhat","Somewhat",2,FALSE
"1250","Masks",NA,NA,"Pro",NA,"Pro","Not at all","Somewhat",1,TRUE
"1251","Vaccines",NA,"Pro",NA,"Pro",NA,"Not at all","Somewhat",1,TRUE
"1252","Masks","Pro","Pro",NA,NA,NA,"Very","Very",4,FALSE
"1253","Vaccines",NA,NA,"Pro",NA,"Pro","Very","Very",4,FALSE
"1254","Vaccines","Pro",NA,"Pro",NA,NA,"Somewhat","Very",3,FALSE
"1255","Masks","Anti",NA,"Anti",NA,NA,"Somewhat","Very",3,FALSE
"1256","Vaccines","Pro","Pro",NA,NA,NA,"Very","Very",4,FALSE
"1257","Vaccines","Pro",NA,"Pro",NA,NA,"Somewhat","Somewhat",2,FALSE
"1258","Masks",NA,"Neutral",NA,"Pro",NA,"Not at all","Not at all",0,TRUE
"1259","Vaccines",NA,NA,"Pro",NA,"Pro","Very","Very",4,FALSE
"1260","Masks",NA,NA,NA,"Pro","Pro","Somewhat","Very",3,FALSE
"1261","Lockdowns",NA,"Anti",NA,"Anti",NA,"Very","Very",4,FALSE
"1262","Masks",NA,NA,"Neutral",NA,"Anti","Somewhat","Somewhat",2,FALSE
"1263","Vaccines",NA,NA,NA,"Pro","Pro","Very","Very",4,FALSE
"1264","Lockdowns","Anti",NA,"Anti",NA,NA,"Very","Very",4,FALSE
"1265","Vaccines","Pro","Pro",NA,NA,NA,"Very","Very",4,FALSE
"1266","Vaccines",NA,NA,"Pro",NA,"Pro","Somewhat","Somewhat",2,FALSE
"1267","Trump",NA,NA,"Pro",NA,"Pro","Somewhat","Somewhat",2,FALSE
"1268","Trump","Pro",NA,"Pro",NA,NA,"Very","Very",4,FALSE
"1269","Lockdowns","Neutral",NA,"Neutral",NA,NA,"Not at all","Not at all",0,TRUE
"1270","Vaccines",NA,NA,NA,"Pro","Pro","Very","Very",4,FALSE
"1271","Vaccines",NA,"Pro",NA,"Pro",NA,"Not at all","Not at all",0,TRUE
"1272","Trump",NA,NA,"Pro",NA,"Pro","Somewhat","Somewhat",2,FALSE
"1273","Vaccines","Pro",NA,"Pro",NA,NA,"Very","Very",4,FALSE
"1274","Vaccines",NA,"Anti",NA,"Anti",NA,"Somewhat","Very",3,FALSE
"1275","Vaccines","Pro",NA,"Pro",NA,NA,"Very","Very",4,FALSE
"1276","Trump",NA,NA,"Anti",NA,"Anti","Somewhat","Somewhat",2,FALSE
"1277","Vaccines","Pro",NA,"Pro",NA,NA,"Very","Very",4,FALSE
"1278","Vaccines",NA,"Pro",NA,"Pro",NA,"Not at all","Somewhat",1,TRUE
"1279","Vaccines","Pro",NA,"Pro",NA,NA,"Very","Very",4,FALSE
"1280","Vaccines",NA,NA,"Pro",NA,"Pro","Somewhat","Very",3,FALSE
"1281","Vaccines",NA,NA,NA,"Pro","Anti","Somewhat","Somewhat",2,FALSE
"1282","Vaccines","Anti","Anti",NA,NA,NA,"Somewhat","Very",3,FALSE
"1283","Vaccines",NA,NA,NA,"Pro","Pro","Very","Very",4,FALSE
"1284","Lockdowns","Neutral","Neutral",NA,NA,NA,"Not at all","Not at all",0,TRUE
"1285","Vaccines",NA,NA,"Pro",NA,"Pro","Somewhat","Somewhat",2,FALSE
"1286","Vaccines","Anti","Anti",NA,NA,NA,"Very","Very",4,FALSE
"1287","Vaccines","Pro",NA,"Anti",NA,NA,"Not at all","Not at all",0,TRUE
"1288","Lockdowns",NA,NA,"Neutral",NA,"Neutral","Somewhat","Somewhat",2,FALSE
"1289","Vaccines","Pro","Pro",NA,NA,NA,"Not at all","Somewhat",1,TRUE
"1290","Vaccines","Pro",NA,"Pro",NA,NA,"Very","Very",4,FALSE
"1291","Trump","Pro",NA,"Pro",NA,NA,"Very","Very",4,FALSE
"1292","Vaccines",NA,NA,NA,"Pro","Pro","Very","Very",4,FALSE
"1293","Vaccines",NA,NA,"Pro",NA,"Pro","Not at all","Somewhat",1,TRUE
"1294","Vaccines","Pro","Pro",NA,NA,NA,"Very","Very",4,FALSE
"1295","Vaccines","Pro","Pro",NA,NA,NA,"Not at all","Somewhat",1,TRUE
"1296","Vaccines",NA,"Anti",NA,"Anti",NA,"Somewhat","Somewhat",2,FALSE
"1297","Lockdowns","Neutral","Anti",NA,NA,NA,"Not at all","Not at all",0,TRUE
"1298","Vaccines",NA,"Pro",NA,"Pro",NA,"Very","Very",4,FALSE
"1299","Trump","Pro",NA,"Pro",NA,NA,"Somewhat","Very",3,FALSE
"1300","Vaccines",NA,"Pro",NA,"Pro",NA,"Somewhat","Somewhat",2,FALSE
"1301","Lockdowns","Anti",NA,"Anti",NA,NA,"Somewhat","Very",3,FALSE
"1302","Vaccines",NA,NA,"Pro",NA,"Pro","Somewhat","Somewhat",2,FALSE
"1303","Lockdowns","Pro",NA,"Neutral",NA,NA,"Not at all","Not at all",0,TRUE
"1304","Vaccines",NA,NA,"Pro",NA,"Pro","Very","Very",4,FALSE
"1305","Masks","Anti","Anti",NA,NA,NA,"Very","Very",4,FALSE
"1306","Trump","Anti",NA,"Neutral",NA,NA,"Not at all","Somewhat",1,TRUE
"1307","Vaccines",NA,NA,"Pro",NA,"Pro","Very","Very",4,FALSE
"1308","Vaccines",NA,"Pro",NA,"Pro",NA,"Very","Very",4,FALSE
"1309","Vaccines",NA,"Pro",NA,"Pro",NA,"Not at all","Very",2,TRUE
"1310","Vaccines","Pro","Pro",NA,NA,NA,"Very","Very",4,FALSE
"1311","Vaccines",NA,"Pro",NA,"Pro",NA,"Somewhat","Very",3,FALSE
"1312","Lockdowns","Pro","Pro",NA,NA,NA,"Somewhat","Somewhat",2,FALSE
"1313","Vaccines","Pro","Pro",NA,NA,NA,"Very","Very",4,FALSE
"1314","Vaccines","Pro","Pro",NA,NA,NA,"Very","Very",4,FALSE
"1315","Vaccines",NA,NA,NA,"Pro","Pro","Very","Very",4,FALSE
"1316","Masks",NA,NA,NA,"Pro","Pro","Somewhat","Very",3,FALSE
"1317","Trump","Pro","Pro",NA,NA,NA,"Very","Very",4,FALSE
"1318","Vaccines","Pro",NA,"Pro",NA,NA,"Somewhat","Very",3,FALSE
"1319","Trump",NA,"Neutral",NA,"Pro",NA,"Somewhat","Very",3,FALSE
"1320","Trump","Neutral",NA,"Neutral",NA,NA,"Somewhat","Very",3,FALSE
"1321","Vaccines",NA,NA,"Pro",NA,"Pro","Not at all","Somewhat",1,TRUE
"1322","Vaccines",NA,"Pro",NA,"Pro",NA,"Very","Very",4,FALSE
"1323","Vaccines","Pro","Pro",NA,NA,NA,"Very","Very",4,FALSE
"1324","Vaccines","Anti","Anti",NA,NA,NA,"Very","Very",4,FALSE
"1325","Lockdowns",NA,NA,"Pro",NA,"Pro","Somewhat","Very",3,FALSE
"1326","Vaccines",NA,"Anti",NA,"Anti",NA,"Somewhat","Somewhat",2,FALSE
"1327","Vaccines",NA,NA,"Pro",NA,"Pro","Very","Very",4,FALSE
"1328","Vaccines",NA,NA,NA,"Pro","Pro","Very","Very",4,FALSE
"1329","Vaccines",NA,"Anti",NA,"Pro",NA,"Somewhat","Very",3,FALSE
"1330","Vaccines",NA,NA,NA,"Anti","Anti","Very","Very",4,FALSE
"1331","Vaccines",NA,"Pro",NA,"Pro",NA,"Very","Very",4,FALSE
"1332","Lockdowns",NA,NA,NA,"Pro","Pro","Not at all","Somewhat",1,TRUE
"1333","Vaccines",NA,NA,"Pro",NA,"Pro","Very","Very",4,FALSE
"1334","Vaccines",NA,"Anti",NA,"Anti",NA,"Somewhat","Somewhat",2,FALSE
"1335","Vaccines",NA,NA,NA,"Pro","Pro","Not at all","Not at all",0,TRUE
"1336","Vaccines","Pro","Pro",NA,NA,NA,"Somewhat","Very",3,FALSE
"1337","Trump",NA,NA,"Neutral",NA,"Neutral","Not at all","Somewhat",1,TRUE
"1338","Vaccines","Pro",NA,"Pro",NA,NA,"Not at all","Very",2,TRUE
"1339","Vaccines","Pro","Pro",NA,NA,NA,"Very","Very",4,FALSE
"1340","Vaccines",NA,NA,"Pro",NA,"Pro","Very","Very",4,FALSE
"1341","Vaccines","Pro","Pro",NA,NA,NA,"Very","Very",4,FALSE
"1342","Vaccines",NA,"Pro",NA,"Anti",NA,"Not at all","Somewhat",1,TRUE
"1343","Vaccines","Pro",NA,"Pro",NA,NA,"Somewhat","Somewhat",2,FALSE
"1344","Vaccines","Pro",NA,"Pro",NA,NA,"Somewhat","Very",3,FALSE
"1345","Masks",NA,NA,"Neutral",NA,"Pro","Somewhat","Somewhat",2,FALSE
"1346","Vaccines",NA,NA,"Pro",NA,"Pro","Somewhat","Somewhat",2,FALSE
"1347","Vaccines","Anti",NA,"Anti",NA,NA,"Somewhat","Very",3,FALSE
"1348","Vaccines",NA,"Pro",NA,"Pro",NA,"Very","Very",4,FALSE
"1349","Vaccines",NA,NA,"Pro",NA,"Pro","Somewhat","Very",3,FALSE
"1350","Vaccines","Pro",NA,"Pro",NA,NA,"Very","Very",4,FALSE
"1351","Vaccines",NA,NA,"Pro",NA,"Pro","Somewhat","Very",3,FALSE
"1352","Vaccines",NA,"Pro",NA,"Pro",NA,"Very","Very",4,FALSE
"1353","Vaccines",NA,NA,NA,"Pro","Pro","Not at all","Not at all",0,TRUE
"1354","Vaccines",NA,NA,NA,"Pro","Pro","Very","Very",4,FALSE
"1355","Vaccines",NA,NA,"Pro",NA,"Pro","Not at all","Somewhat",1,TRUE
"1356","Vaccines",NA,"Pro",NA,"Pro",NA,"Very","Very",4,FALSE
"1357","Vaccines","Pro",NA,"Pro",NA,NA,"Not at all","Somewhat",1,TRUE
"1358","Vaccines",NA,"Pro",NA,"Pro",NA,"Somewhat","Very",3,FALSE
"1359","Vaccines",NA,NA,"Anti",NA,"Anti","Not at all","Somewhat",1,TRUE
"1360","Vaccines",NA,NA,NA,"Pro","Pro","Somewhat","Somewhat",2,FALSE
"1361","Vaccines",NA,NA,"Anti",NA,"Anti","Somewhat","Somewhat",2,FALSE
"1362","Vaccines",NA,NA,"Anti",NA,"Anti","Somewhat","Somewhat",2,FALSE
"1363","Lockdowns","Pro","Pro",NA,NA,NA,"Somewhat","Somewhat",2,FALSE
"1364","Vaccines","Pro","Pro",NA,NA,NA,"Very","Very",4,FALSE
"1365","Masks",NA,"Anti",NA,"Anti",NA,"Somewhat","Somewhat",2,FALSE
"1366","Lockdowns",NA,"Neutral",NA,"Pro",NA,"Not at all","Very",2,TRUE
"1367","Vaccines","Pro","Pro",NA,NA,NA,"Very","Very",4,FALSE
"1368","Vaccines","Pro","Pro",NA,NA,NA,"Somewhat","Very",3,FALSE
"1369","Vaccines",NA,"Pro",NA,"Pro",NA,"Somewhat","Very",3,FALSE
"1370","Vaccines",NA,"Pro",NA,"Pro",NA,"Very","Very",4,FALSE
"1371","Masks","Pro","Pro",NA,NA,NA,"Very","Very",4,FALSE
"1372","Vaccines","Pro",NA,"Pro",NA,NA,"Very","Very",4,FALSE
"1373","Vaccines","Pro","Pro",NA,NA,NA,"Very","Very",4,FALSE
"1374","Vaccines",NA,NA,NA,"Pro","Pro","Somewhat","Somewhat",2,FALSE
"1375","Vaccines","Pro","Anti",NA,NA,NA,"Not at all","Very",2,TRUE
"1376","Vaccines","Pro",NA,"Pro",NA,NA,"Somewhat","Somewhat",2,FALSE
"1377","Vaccines",NA,"Pro",NA,"Pro",NA,"Somewhat","Very",3,FALSE
"1378","Vaccines",NA,"Pro",NA,"Anti",NA,"Not at all","Very",2,TRUE
"1379","Vaccines",NA,NA,NA,"Anti","Anti","Somewhat","Very",3,FALSE
"1380","Masks","Pro",NA,"Pro",NA,NA,"Somewhat","Very",3,FALSE
"1381","Masks",NA,"Neutral",NA,"Pro",NA,"Somewhat","Somewhat",2,FALSE
"1382","Lockdowns","Neutral","Neutral",NA,NA,NA,"Not at all","Not at all",0,TRUE
"1383","Vaccines",NA,NA,NA,"Pro","Pro","Very","Very",4,FALSE
"1384","Vaccines","Pro",NA,"Pro",NA,NA,"Somewhat","Very",3,FALSE
"1385","Trump",NA,"Anti",NA,"Anti",NA,"Somewhat","Somewhat",2,FALSE
"1386","Vaccines",NA,"Pro",NA,"Pro",NA,"Not at all","Very",2,TRUE
"1387","Vaccines",NA,NA,NA,"Pro","Pro","Very","Very",4,FALSE
"1388","Trump",NA,NA,NA,"Pro","Pro","Not at all","Not at all",0,TRUE
"1389","Vaccines",NA,NA,"Pro",NA,"Pro","Somewhat","Somewhat",2,FALSE
"1390","Vaccines",NA,"Anti",NA,"Pro",NA,"Not at all","Very",2,TRUE
"1391","Vaccines",NA,NA,NA,"Pro","Pro","Very","Very",4,FALSE
"1392","Vaccines",NA,"Pro",NA,"Pro",NA,"Very","Very",4,FALSE
"1393","Vaccines",NA,NA,"Pro",NA,"Pro","Somewhat","Very",3,FALSE
"1394","Trump","Anti",NA,"Anti",NA,NA,"Somewhat","Very",3,FALSE
"1395","Vaccines",NA,NA,NA,"Pro","Pro","Very","Very",4,FALSE
"1396","Vaccines",NA,NA,"Pro",NA,"Pro","Somewhat","Somewhat",2,FALSE
"1397","Vaccines","Pro",NA,"Pro",NA,NA,"Somewhat","Somewhat",2,FALSE
"1398","Masks",NA,NA,"Anti",NA,"Pro","Not at all","Somewhat",1,TRUE
"1399","Vaccines",NA,NA,"Pro",NA,"Pro","Somewhat","Very",3,FALSE
"1400","Vaccines",NA,NA,NA,"Pro","Pro","Somewhat","Very",3,FALSE
"1401","Masks",NA,NA,NA,"Pro","Pro","Very","Very",4,FALSE
"1402","Vaccines",NA,NA,"Pro",NA,"Pro","Somewhat","Very",3,FALSE
"1403","Vaccines","Pro","Pro",NA,NA,NA,"Very","Very",4,FALSE
"1404","Masks",NA,NA,"Anti",NA,"Anti","Somewhat","Very",3,FALSE
"1405","Vaccines","Pro",NA,"Anti",NA,NA,"Not at all","Somewhat",1,TRUE
"1406","Vaccines","Anti",NA,"Anti",NA,NA,"Somewhat","Somewhat",2,FALSE
"1407","Masks","Pro",NA,"Pro",NA,NA,"Very","Very",4,FALSE
"1408","Vaccines","Pro",NA,"Pro",NA,NA,"Very","Very",4,FALSE
"1409","Vaccines",NA,NA,"Pro",NA,"Pro","Very","Very",4,FALSE
"1410","Masks",NA,NA,NA,"Neutral","Anti","Not at all","Somewhat",1,TRUE
"1411","Lockdowns","Pro",NA,"Neutral",NA,NA,"Somewhat","Somewhat",2,FALSE
"1412","Vaccines",NA,NA,"Anti",NA,"Anti","Somewhat","Somewhat",2,FALSE
"1413","Vaccines",NA,NA,"Pro",NA,"Pro","Somewhat","Somewhat",2,FALSE
"1414","Vaccines",NA,NA,NA,"Pro","Pro","Somewhat","Somewhat",2,FALSE
"1415","Vaccines",NA,NA,"Pro",NA,"Pro","Very","Very",4,FALSE
"1416","Vaccines","Pro",NA,"Pro",NA,NA,"Somewhat","Very",3,FALSE
"1417","Vaccines",NA,"Pro",NA,"Pro",NA,"Very","Very",4,FALSE
