"","trump_stance","lockdown_stance","mask_stance","vaccine_stance","survey_date","uid"
"1","Pro-Trump","Pro-Lockdown","Neutral",NA,2020-04-17,2
"2","Pro-Trump","Pro-Lockdown","Neutral",NA,2020-05-02,2
"3","Pro-Trump","Neutral","Neutral",NA,2020-05-28,2
"4","Pro-Trump","Neutral","Pro-Mask","Neutral",2020-10-04,2
"5","Pro-Biden","Pro-Lockdown","Pro-Mask","Neutral",2020-07-20,26
"6","Pro-Biden","Pro-Lockdown","Pro-Mask","Neutral",2020-10-04,26
"7","Pro-Trump","Pro-Lockdown",NA,"Pro-Vax",2020-11-27,26
"8","Pro-Trump","Pro-Lockdown",NA,"Neutral",2020-12-25,26
"9","Pro-Biden","Pro-Lockdown",NA,"Pro-Vax",2020-11-11,27
"10","Pro-Trump","Pro-Lockdown",NA,NA,2020-12-23,27
"11","Neutral","Pro-Lockdown","Pro-Mask","Pro-Vax",2020-08-22,29
"12","Neutral","Pro-Lockdown","Pro-Mask","Pro-Vax",2020-09-16,29
"13","Pro-Biden","Pro-Lockdown","Pro-Mask","Pro-Vax",2020-10-09,29
"14","Pro-Biden","Pro-Lockdown","Pro-Mask",NA,2020-05-30,37
"15","Pro-Biden","Neutral","Neutral","Neutral",2020-07-11,37
"16","Pro-Trump","Pro-Lockdown","Anti-Mask",NA,2020-04-21,39
"17","Pro-Trump","Pro-Lockdown","Anti-Mask",NA,2020-05-03,39
"18","Pro-Trump","Pro-Lockdown","Neutral","Neutral",2020-07-11,39
"19","Pro-Trump","Pro-Lockdown","Pro-Mask","Neutral",2020-07-31,39
"20","Pro-Trump","Pro-Lockdown","Neutral","Neutral",2020-08-15,39
"21","Pro-Trump","Pro-Lockdown","Pro-Mask","Neutral",2020-09-06,39
"22","Pro-Trump","Pro-Lockdown","Pro-Mask","Neutral",2020-10-04,39
"23","Pro-Trump","Pro-Lockdown",NA,"Neutral",2020-11-01,39
"24",NA,"Pro-Lockdown",NA,"Neutral",2020-11-07,39
"25",NA,"Neutral",NA,"Neutral",2020-12-22,39
"26",NA,"Pro-Lockdown",NA,"Anti-Vax",2021-02-06,39
"27","Neutral","Neutral","Neutral",NA,2020-05-04,42
"28","Neutral","Neutral","Neutral","Neutral",2020-07-17,42
"29",NA,"Neutral","Neutral","Neutral",2020-08-19,42
"30","Pro-Trump","Neutral","Neutral","Neutral",2020-09-15,42
"31","Pro-Biden","Pro-Lockdown","Pro-Mask",NA,2020-05-22,46
"32","Pro-Biden","Pro-Lockdown","Pro-Mask",NA,2020-06-16,46
"33","Pro-Biden","Pro-Lockdown","Pro-Mask",NA,2020-04-17,48
"34","Pro-Biden","Pro-Lockdown",NA,"Pro-Vax",2021-01-09,48
"35","Pro-Trump","Pro-Lockdown","Pro-Mask",NA,2020-04-20,53
"36","Pro-Trump","Neutral","Pro-Mask","Neutral",2020-08-16,53
"37","Pro-Trump",NA,NA,"Neutral",2020-10-25,53
"38","Pro-Trump","Neutral",NA,"Neutral",2020-12-19,53
"39","Pro-Trump","Neutral",NA,"Neutral",2021-02-12,53
"40","Neutral","Pro-Lockdown",NA,NA,2020-06-14,54
"41","Pro-Biden","Pro-Lockdown","Pro-Mask","Pro-Vax",2020-07-11,54
"42","Pro-Trump","Pro-Lockdown","Neutral",NA,2020-04-26,59
"43","Pro-Trump","Pro-Lockdown","Pro-Mask","Pro-Vax",2020-07-24,59
"44","Pro-Trump","Pro-Lockdown","Pro-Mask","Pro-Vax",2020-08-17,59
"45","Pro-Trump",NA,NA,"Pro-Vax",2020-11-29,59
"46","Pro-Trump","Neutral",NA,"Pro-Vax",2020-12-27,59
"47","Pro-Biden","Neutral","Neutral","Neutral",2020-08-23,63
"48","Pro-Biden","Neutral",NA,"Neutral",2020-10-24,63
"49","Pro-Biden","Pro-Lockdown","Pro-Mask",NA,2020-04-18,64
"50","Pro-Trump","Anti-Lockdown","Neutral",NA,2020-05-02,64
"51","Pro-Biden","Pro-Lockdown",NA,"Pro-Vax",2021-02-17,64
"52","Pro-Trump","Pro-Lockdown","Neutral",NA,2020-04-19,65
"53","Pro-Biden","Pro-Lockdown","Pro-Mask",NA,2020-05-03,65
"54","Neutral","Pro-Lockdown","Pro-Mask",NA,2020-04-18,66
"55","Pro-Trump","Pro-Lockdown",NA,NA,2020-06-21,66
"56","Pro-Trump","Pro-Lockdown","Pro-Mask","Pro-Vax",2020-07-18,66
"57","Pro-Trump","Neutral",NA,"Pro-Vax",2021-02-14,66
"58","Pro-Biden","Neutral",NA,"Pro-Vax",2021-01-02,68
"59","Pro-Biden","Pro-Lockdown",NA,"Pro-Vax",2021-02-16,68
"60","Pro-Trump","Pro-Lockdown",NA,"Pro-Vax",2020-07-24,74
"61","Pro-Trump","Pro-Lockdown","Pro-Mask","Pro-Vax",2020-08-04,74
"62","Pro-Trump","Pro-Lockdown","Pro-Mask","Neutral",2020-08-17,74
"63","Pro-Trump","Pro-Lockdown","Pro-Mask","Neutral",2020-09-09,74
"64","Pro-Trump","Pro-Lockdown",NA,NA,2021-02-28,74
"65","Pro-Trump","Neutral","Neutral",NA,2020-04-19,75
"66","Pro-Trump","Neutral","Neutral",NA,2020-05-05,75
"67","Pro-Trump","Neutral","Anti-Mask",NA,2020-05-28,75
"68","Pro-Trump","Anti-Lockdown","Anti-Mask","Neutral",2020-08-18,75
"69","Pro-Trump","Anti-Lockdown","Anti-Mask","Anti-Vax",2020-09-08,75
"70","Pro-Trump","Anti-Lockdown","Anti-Mask","Anti-Vax",2020-10-06,75
"71","Pro-Trump","Pro-Lockdown","Pro-Mask","Anti-Vax",2020-09-14,85
"72","Pro-Trump","Neutral","Pro-Mask","Anti-Vax",2020-10-07,85
"73","Pro-Trump","Pro-Lockdown",NA,"Anti-Vax",2020-10-25,85
"74","Pro-Biden","Pro-Lockdown","Pro-Mask","Pro-Vax",2020-09-18,88
"75","Pro-Biden","Pro-Lockdown","Pro-Mask","Pro-Vax",2020-10-04,88
"76","Neutral","Pro-Lockdown","Anti-Mask",NA,2020-04-23,98
"77","Neutral","Neutral","Neutral",NA,2020-06-17,98
"78","Neutral","Pro-Lockdown","Pro-Mask","Neutral",2020-07-14,98
"79","Pro-Biden","Neutral","Pro-Mask","Neutral",2020-09-06,103
"80","Pro-Biden","Neutral",NA,"Neutral",2020-10-27,103
"81","Pro-Biden","Pro-Lockdown",NA,"Neutral",2020-11-28,104
"82","Pro-Biden","Pro-Lockdown",NA,"Neutral",2020-12-27,104
"83","Neutral","Pro-Lockdown","Anti-Mask",NA,2020-04-27,105
"84",NA,"Pro-Lockdown","Anti-Mask",NA,2020-05-09,105
"85",NA,"Pro-Lockdown",NA,NA,2020-06-18,106
"86",NA,"Pro-Lockdown","Pro-Mask","Anti-Vax",2020-07-12,106
"87",NA,"Pro-Lockdown","Pro-Mask","Anti-Vax",2020-08-16,106
"88",NA,"Pro-Lockdown","Pro-Mask","Anti-Vax",2020-09-07,106
"89",NA,"Pro-Lockdown",NA,"Pro-Vax",2020-10-24,106
"90",NA,"Pro-Lockdown",NA,"Pro-Vax",2020-11-08,106
"91","Pro-Biden","Pro-Lockdown","Pro-Mask",NA,2020-05-20,109
"92","Pro-Biden","Pro-Lockdown",NA,NA,2020-06-12,109
"93","Pro-Biden","Pro-Lockdown","Pro-Mask","Pro-Vax",2020-08-23,109
"94","Pro-Trump","Neutral","Pro-Mask",NA,2020-04-18,110
"95","Pro-Trump","Neutral","Anti-Mask",NA,2020-05-08,110
"96","Pro-Trump","Neutral","Pro-Mask","Neutral",2020-10-22,112
"97","Pro-Trump","Neutral",NA,"Neutral",2020-10-27,112
"98",NA,"Neutral",NA,"Neutral",2021-01-02,112
"99","Pro-Trump","Pro-Lockdown","Neutral",NA,2020-04-21,114
"100","Pro-Trump","Pro-Lockdown","Anti-Mask",NA,2020-05-04,114
"101","Pro-Trump","Pro-Lockdown",NA,"Pro-Vax",2020-10-24,114
"102","Pro-Trump","Pro-Lockdown",NA,NA,2021-02-15,114
"103","Pro-Trump","Neutral","Pro-Mask",NA,2020-05-03,118
"104","Pro-Trump","Pro-Lockdown",NA,"Pro-Vax",2020-11-04,118
"105","Pro-Biden","Pro-Lockdown",NA,NA,2021-02-05,118
"106","Pro-Biden","Pro-Lockdown","Anti-Mask",NA,2020-04-18,120
"107","Pro-Biden","Pro-Lockdown","Neutral",NA,2020-05-06,120
"108","Pro-Biden","Pro-Lockdown","Neutral",NA,2020-05-28,120
"109","Pro-Biden","Pro-Lockdown","Neutral",NA,2020-06-22,120
"110","Pro-Biden","Pro-Lockdown","Neutral","Neutral",2020-07-13,120
"111","Pro-Biden","Pro-Lockdown",NA,"Neutral",2020-11-05,120
"112","Pro-Trump","Neutral","Anti-Mask",NA,2020-05-16,121
"113","Pro-Trump","Pro-Lockdown","Pro-Mask","Neutral",2020-07-24,121
"114","Pro-Trump","Neutral","Neutral","Anti-Vax",2020-09-17,121
"115","Pro-Biden","Pro-Lockdown","Neutral",NA,2020-04-17,122
"116","Pro-Biden","Pro-Lockdown",NA,"Pro-Vax",2020-12-26,122
"117","Pro-Trump","Neutral",NA,NA,2020-06-15,123
"118","Pro-Trump","Neutral",NA,"Neutral",2021-01-03,123
"119",NA,"Anti-Lockdown",NA,"Neutral",2021-02-07,123
"120",NA,NA,NA,"Anti-Vax",2020-10-24,133
"121",NA,"Anti-Lockdown",NA,"Anti-Vax",2020-11-21,133
"122","Pro-Trump","Anti-Lockdown","Neutral","Neutral",2020-08-15,140
"123","Pro-Trump","Anti-Lockdown","Neutral","Neutral",2020-09-12,140
"124","Pro-Trump","Anti-Lockdown","Neutral","Neutral",2020-10-12,140
"125","Neutral","Neutral","Neutral",NA,2020-06-18,143
"126","Pro-Trump","Anti-Lockdown","Anti-Mask","Neutral",2020-07-25,143
"127","Pro-Trump","Anti-Lockdown","Neutral","Neutral",2020-10-18,143
"128","Pro-Biden","Pro-Lockdown","Pro-Mask","Anti-Vax",2020-09-19,153
"129","Pro-Biden","Pro-Lockdown",NA,"Pro-Vax",2021-02-20,153
"130","Pro-Biden","Pro-Lockdown","Neutral",NA,2020-05-11,154
"131","Pro-Biden","Pro-Lockdown","Pro-Mask","Pro-Vax",2020-07-25,154
"132","Pro-Biden","Pro-Lockdown",NA,NA,2020-06-25,157
"133","Pro-Biden","Pro-Lockdown","Pro-Mask","Pro-Vax",2020-07-12,157
"134","Pro-Biden","Pro-Lockdown","Pro-Mask","Pro-Vax",2020-08-15,157
"135","Pro-Biden","Pro-Lockdown",NA,"Pro-Vax",2021-01-09,157
"136","Pro-Biden","Pro-Lockdown",NA,NA,2021-02-15,157
"137","Pro-Trump","Neutral","Anti-Mask",NA,2020-05-19,165
"138","Pro-Trump","Neutral",NA,"Anti-Vax",2020-10-22,165
"139","Pro-Trump",NA,NA,"Anti-Vax",2020-11-27,165
"140","Pro-Trump","Neutral",NA,"Anti-Vax",2020-12-19,165
"141","Pro-Biden","Pro-Lockdown","Pro-Mask",NA,2020-04-23,174
"142","Pro-Biden","Pro-Lockdown","Pro-Mask",NA,2020-05-12,174
"143","Pro-Trump","Anti-Lockdown","Pro-Mask","Pro-Vax",2020-09-17,175
"144","Pro-Trump","Neutral","Pro-Mask","Pro-Vax",2020-10-08,175
"145","Pro-Trump","Anti-Lockdown","Anti-Mask",NA,2020-06-15,176
"146","Pro-Trump","Anti-Lockdown",NA,"Pro-Vax",2021-02-21,176
"147","Pro-Trump","Neutral",NA,NA,2020-06-13,178
"148","Pro-Trump","Anti-Lockdown","Anti-Mask","Pro-Vax",2020-07-16,178
"149","Pro-Trump","Neutral","Anti-Mask","Pro-Vax",2020-08-17,178
"150","Neutral","Neutral","Pro-Mask","Anti-Vax",2020-08-23,182
"151","Neutral","Neutral","Pro-Mask","Anti-Vax",2020-09-17,182
"152","Pro-Biden","Neutral",NA,"Anti-Vax",2020-10-24,182
"153","Pro-Biden","Pro-Lockdown","Neutral",NA,2020-05-27,183
"154","Pro-Biden","Pro-Lockdown",NA,"Pro-Vax",2021-01-10,183
"155","Pro-Biden","Neutral","Pro-Mask",NA,2020-05-06,185
"156","Pro-Biden","Pro-Lockdown","Pro-Mask",NA,2020-05-28,185
"157","Pro-Biden","Pro-Lockdown",NA,NA,2020-06-23,185
"158","Pro-Trump","Neutral","Pro-Mask",NA,2020-04-17,187
"159","Pro-Trump","Neutral","Neutral",NA,2020-05-04,187
"160","Pro-Trump","Neutral","Anti-Mask",NA,2020-05-27,187
"161","Pro-Trump","Neutral",NA,NA,2020-06-23,187
"162","Pro-Trump","Neutral","Anti-Mask","Neutral",2020-07-23,187
"163","Pro-Trump","Neutral","Anti-Mask","Neutral",2020-09-12,187
"164","Pro-Trump","Neutral","Neutral","Neutral",2020-10-19,187
"165","Pro-Trump","Neutral",NA,"Neutral",2020-10-30,187
"166","Pro-Trump","Neutral",NA,"Neutral",2020-12-30,187
"167","Pro-Trump","Neutral","Anti-Mask",NA,2020-04-18,191
"168","Pro-Biden","Neutral","Anti-Mask",NA,2020-05-03,191
"169","Pro-Trump","Neutral",NA,NA,2020-06-22,191
"170","Pro-Trump","Neutral",NA,"Neutral",2020-10-30,191
"171",NA,"Neutral",NA,"Neutral",2020-11-04,191
"172","Pro-Trump","Neutral","Neutral",NA,2020-04-18,196
"173","Pro-Trump","Anti-Lockdown","Anti-Mask",NA,2020-05-03,196
"174","Pro-Trump","Anti-Lockdown","Anti-Mask",NA,2020-05-19,196
"175","Pro-Trump","Anti-Lockdown","Anti-Mask","Anti-Vax",2020-08-22,196
"176","Pro-Biden","Pro-Lockdown",NA,"Pro-Vax",2021-01-03,198
"177",NA,"Pro-Lockdown",NA,"Pro-Vax",2021-02-14,198
"178","Pro-Biden","Neutral","Neutral",NA,2020-04-20,199
"179","Neutral","Neutral","Neutral",NA,2020-05-09,199
"180","Pro-Biden","Pro-Lockdown","Pro-Mask",NA,2020-05-04,203
"181","Pro-Biden","Pro-Lockdown",NA,"Pro-Vax",2020-11-29,203
"182","Pro-Biden","Pro-Lockdown",NA,"Neutral",2020-12-27,203
"183","Pro-Biden","Pro-Lockdown",NA,NA,2021-02-09,203
"184","Pro-Biden","Neutral",NA,"Pro-Vax",2020-07-19,208
"185","Pro-Biden","Neutral","Neutral","Pro-Vax",2020-09-13,208
"186","Pro-Biden","Pro-Lockdown","Pro-Mask","Pro-Vax",2020-10-21,208
"187","Pro-Biden","Neutral",NA,"Pro-Vax",2021-01-01,208
"188","Pro-Biden","Neutral",NA,"Pro-Vax",2021-02-07,208
"189","Pro-Biden","Neutral","Pro-Mask","Pro-Vax",2020-09-13,215
"190","Pro-Biden","Neutral","Neutral","Neutral",2020-10-10,215
"191","Pro-Biden","Neutral",NA,"Pro-Vax",2021-01-01,215
"192","Pro-Biden","Pro-Lockdown","Pro-Mask",NA,2020-05-18,217
"193","Pro-Biden","Pro-Lockdown",NA,NA,2020-06-27,217
"194","Pro-Biden","Pro-Lockdown","Pro-Mask","Pro-Vax",2020-07-18,217
"195","Pro-Biden","Pro-Lockdown",NA,"Pro-Vax",2021-01-01,217
"196","Pro-Biden","Pro-Lockdown","Neutral",NA,2020-04-18,220
"197","Pro-Biden","Neutral","Pro-Mask",NA,2020-05-07,220
"198","Pro-Biden","Pro-Lockdown",NA,"Neutral",2020-10-31,223
"199","Pro-Biden","Pro-Lockdown",NA,"Pro-Vax",2020-11-28,223
"200","Pro-Biden","Pro-Lockdown","Anti-Mask",NA,2020-05-04,224
"201","Pro-Biden","Pro-Lockdown",NA,"Neutral",2020-11-09,224
"202","Pro-Biden","Pro-Lockdown","Pro-Mask","Pro-Vax",2020-07-05,225
"203","Pro-Biden","Pro-Lockdown","Pro-Mask","Pro-Vax",2020-07-12,225
"204","Pro-Biden","Pro-Lockdown","Pro-Mask","Neutral",2020-08-15,225
"205","Pro-Biden","Pro-Lockdown","Neutral",NA,2020-04-18,226
"206","Pro-Biden","Pro-Lockdown","Pro-Mask",NA,2020-06-21,226
"207","Pro-Biden","Pro-Lockdown","Pro-Mask","Neutral",2020-07-19,226
"208","Pro-Biden","Pro-Lockdown","Pro-Mask","Pro-Vax",2020-07-31,226
"209","Pro-Biden","Pro-Lockdown","Neutral",NA,2020-05-16,227
"210","Pro-Biden","Pro-Lockdown","Neutral",NA,2020-06-27,227
"211","Pro-Biden","Pro-Lockdown","Pro-Mask",NA,2020-05-26,228
"212","Pro-Biden","Pro-Lockdown","Pro-Mask",NA,2020-06-11,228
"213","Pro-Biden","Pro-Lockdown",NA,NA,2020-06-26,228
"214","Pro-Trump","Neutral","Pro-Mask",NA,2020-04-17,230
"215","Pro-Trump","Neutral","Pro-Mask","Neutral",2020-10-17,230
"216","Pro-Trump","Neutral",NA,"Neutral",2020-11-25,230
"217","Pro-Trump","Neutral",NA,"Neutral",2020-12-21,230
"218","Pro-Trump","Anti-Lockdown",NA,"Neutral",2021-02-06,230
"219","Neutral","Pro-Lockdown","Pro-Mask",NA,2020-05-07,232
"220","Neutral","Pro-Lockdown",NA,"Neutral",2020-07-19,232
"221","Neutral","Neutral","Pro-Mask","Neutral",2020-08-08,232
"222","Pro-Biden","Neutral",NA,"Neutral",2020-11-09,232
"223","Pro-Biden","Pro-Lockdown","Pro-Mask",NA,2020-04-19,235
"224","Pro-Biden","Pro-Lockdown",NA,NA,2020-06-23,235
"225","Pro-Biden","Pro-Lockdown","Pro-Mask","Neutral",2020-07-13,235
"226","Pro-Biden","Pro-Lockdown","Pro-Mask","Neutral",2020-10-21,235
"227",NA,"Pro-Lockdown",NA,"Neutral",2020-11-09,235
"228","Pro-Trump","Neutral",NA,"Anti-Vax",2020-07-21,237
"229","Pro-Trump","Neutral","Anti-Mask","Anti-Vax",2020-08-24,237
"230","Pro-Trump","Neutral","Anti-Mask","Anti-Vax",2020-09-21,237
"231","Pro-Trump","Neutral","Anti-Mask","Anti-Vax",2020-10-05,237
"232","Pro-Trump","Neutral",NA,"Anti-Vax",2020-10-26,237
"233","Pro-Trump",NA,NA,"Anti-Vax",2020-11-04,237
"234","Pro-Trump","Neutral",NA,"Anti-Vax",2020-12-18,237
"235","Pro-Trump","Anti-Lockdown",NA,"Anti-Vax",2021-02-16,237
"236","Pro-Biden","Pro-Lockdown","Anti-Mask",NA,2020-04-19,239
"237","Pro-Biden","Pro-Lockdown",NA,"Neutral",2020-11-22,239
"238","Pro-Biden","Pro-Lockdown",NA,"Pro-Vax",2020-12-26,239
"239","Pro-Biden","Pro-Lockdown",NA,"Pro-Vax",2021-02-15,239
"240","Pro-Biden","Neutral","Pro-Mask","Pro-Vax",2020-08-24,241
"241","Pro-Biden","Neutral","Pro-Mask","Neutral",2020-09-21,241
"242","Pro-Biden","Pro-Lockdown","Pro-Mask","Neutral",2020-08-19,242
"243","Pro-Biden","Pro-Lockdown","Pro-Mask","Pro-Vax",2020-10-04,242
"244","Pro-Biden","Pro-Lockdown",NA,"Pro-Vax",2020-10-25,242
"245","Pro-Biden","Pro-Lockdown",NA,"Pro-Vax",2020-12-26,242
"246","Pro-Biden","Pro-Lockdown",NA,"Neutral",2020-11-09,244
"247","Pro-Biden","Pro-Lockdown",NA,"Neutral",2021-01-03,244
"248","Pro-Biden","Pro-Lockdown","Pro-Mask",NA,2020-04-20,246
"249","Pro-Biden","Pro-Lockdown","Pro-Mask",NA,2020-05-03,246
"250","Pro-Biden","Pro-Lockdown","Neutral",NA,2020-05-30,246
"251","Pro-Biden","Pro-Lockdown","Pro-Mask","Pro-Vax",2020-07-24,246
"252","Pro-Biden","Pro-Lockdown","Pro-Mask","Neutral",2020-10-16,246
"253","Pro-Biden","Neutral",NA,"Neutral",2020-11-02,246
"254","Pro-Biden","Neutral","Neutral",NA,2020-06-16,247
"255","Pro-Biden","Neutral",NA,"Pro-Vax",2020-07-11,247
"256","Pro-Trump","Neutral","Neutral",NA,2020-04-17,249
"257","Pro-Trump","Anti-Lockdown","Anti-Mask",NA,2020-05-04,249
"258",NA,"Anti-Lockdown",NA,NA,2020-06-22,251
"259",NA,"Anti-Lockdown",NA,"Anti-Vax",2020-12-28,251
"260","Pro-Trump","Pro-Lockdown","Neutral",NA,2020-05-06,255
"261","Pro-Biden","Neutral","Pro-Mask","Neutral",2020-10-05,255
"262","Pro-Biden","Pro-Lockdown",NA,"Neutral",2020-07-11,260
"263","Pro-Biden","Pro-Lockdown","Pro-Mask","Neutral",2020-08-05,260
"264","Pro-Biden","Pro-Lockdown","Neutral","Neutral",2020-08-17,260
"265","Pro-Biden","Pro-Lockdown","Pro-Mask","Neutral",2020-09-20,260
"266","Pro-Biden","Pro-Lockdown",NA,"Pro-Vax",2020-12-31,265
"267","Pro-Biden","Pro-Lockdown",NA,"Pro-Vax",2021-02-07,265
"268","Pro-Biden","Pro-Lockdown","Pro-Mask","Neutral",2020-08-12,272
"269","Pro-Biden","Pro-Lockdown","Pro-Mask","Neutral",2020-09-10,272
"270","Pro-Biden","Neutral",NA,NA,2020-06-19,275
"271","Pro-Biden","Neutral","Pro-Mask","Pro-Vax",2020-08-09,275
"272","Pro-Biden","Pro-Lockdown",NA,"Pro-Vax",2021-01-03,276
"273","Pro-Biden","Pro-Lockdown",NA,"Pro-Vax",2021-02-13,276
"274","Pro-Biden","Pro-Lockdown","Pro-Mask",NA,2020-05-26,279
"275","Pro-Biden","Pro-Lockdown","Pro-Mask","Pro-Vax",2020-07-17,279
"276","Pro-Trump","Anti-Lockdown",NA,"Anti-Vax",2021-01-02,283
"277","Pro-Trump","Anti-Lockdown",NA,"Neutral",2021-02-05,283
"278","Pro-Biden","Pro-Lockdown",NA,NA,2020-04-17,288
"279","Pro-Biden","Pro-Lockdown","Neutral",NA,2020-05-04,288
"280","Pro-Biden","Pro-Lockdown","Pro-Mask",NA,2020-06-13,289
"281","Pro-Biden","Pro-Lockdown","Pro-Mask","Neutral",2020-07-13,289
"282","Pro-Biden","Pro-Lockdown","Pro-Mask","Pro-Vax",2020-08-03,289
"283","Pro-Biden","Pro-Lockdown","Pro-Mask","Neutral",2020-09-12,289
"284","Pro-Biden","Pro-Lockdown","Neutral","Neutral",2020-08-16,291
"285","Pro-Biden","Neutral","Pro-Mask","Neutral",2020-09-17,291
"286","Pro-Trump","Neutral","Neutral",NA,2020-05-05,293
"287","Pro-Trump","Neutral",NA,NA,2020-06-16,293
"288","Pro-Biden","Pro-Lockdown","Pro-Mask",NA,2020-06-14,294
"289","Pro-Biden","Pro-Lockdown","Pro-Mask","Pro-Vax",2020-07-12,294
"290","Pro-Biden","Pro-Lockdown","Pro-Mask","Pro-Vax",2020-09-14,294
"291","Pro-Trump","Pro-Lockdown","Anti-Mask",NA,2020-04-17,295
"292","Pro-Trump","Neutral","Pro-Mask",NA,2020-05-02,295
"293","Pro-Biden","Neutral","Neutral","Neutral",2020-09-05,299
"294","Pro-Trump","Pro-Lockdown",NA,"Pro-Vax",2020-10-05,299
"295","Pro-Trump","Anti-Lockdown","Anti-Mask",NA,2020-05-17,308
"296","Pro-Trump","Anti-Lockdown","Anti-Mask","Neutral",2020-08-22,308
"297","Pro-Biden","Pro-Lockdown","Pro-Mask",NA,2020-05-30,311
"298","Pro-Biden","Pro-Lockdown","Pro-Mask","Anti-Vax",2020-07-11,311
"299","Pro-Biden","Pro-Lockdown",NA,"Anti-Vax",2021-01-01,311
"300","Pro-Biden","Pro-Lockdown","Pro-Mask",NA,2020-06-20,314
"301","Pro-Biden","Neutral","Pro-Mask","Neutral",2020-10-10,314
"302","Pro-Biden","Pro-Lockdown","Pro-Mask",NA,2020-05-04,317
"303","Pro-Biden","Pro-Lockdown","Pro-Mask",NA,2020-05-25,317
"304","Pro-Biden","Pro-Lockdown",NA,NA,2020-06-27,317
"305","Pro-Biden","Pro-Lockdown","Pro-Mask","Neutral",2020-07-17,317
"306","Pro-Biden","Pro-Lockdown",NA,"Neutral",2020-10-28,317
"307","Pro-Biden","Pro-Lockdown",NA,"Neutral",2020-12-24,317
"308","Pro-Biden","Pro-Lockdown",NA,"Pro-Vax",2021-02-11,317
"309","Pro-Trump","Neutral","Neutral",NA,2020-06-21,322
"310","Pro-Trump","Neutral","Anti-Mask","Neutral",2020-08-12,322
"311","Pro-Trump","Anti-Lockdown","Anti-Mask","Anti-Vax",2020-09-17,322
"312","Pro-Trump","Neutral",NA,"Neutral",2020-12-31,322
"313","Pro-Trump","Neutral",NA,"Neutral",2021-02-14,322
"314",NA,"Pro-Lockdown","Neutral",NA,2020-05-03,328
"315","Neutral","Pro-Lockdown","Pro-Mask",NA,2020-05-27,328
"316","Pro-Biden","Pro-Lockdown","Neutral",NA,2020-06-17,328
"317","Pro-Trump","Neutral","Anti-Mask",NA,2020-05-20,332
"318","Pro-Trump","Neutral","Pro-Mask","Neutral",2020-09-06,332
"319","Pro-Trump","Neutral","Neutral","Neutral",2020-10-04,332
"320","Pro-Trump","Anti-Lockdown","Anti-Mask","Anti-Vax",2020-09-18,339
"321","Pro-Trump","Neutral","Anti-Mask","Anti-Vax",2020-11-09,339
"322","Pro-Trump","Anti-Lockdown","Anti-Mask",NA,2020-04-18,340
"323","Pro-Trump","Anti-Lockdown",NA,"Neutral",2021-02-22,340
"324","Pro-Biden","Pro-Lockdown","Neutral",NA,2020-05-05,342
"325","Pro-Biden","Pro-Lockdown","Neutral",NA,2020-05-26,342
"326","Pro-Biden","Pro-Lockdown",NA,NA,2020-06-16,342
"327","Pro-Biden","Neutral",NA,"Pro-Vax",2020-12-27,342
"328","Neutral","Neutral","Neutral",NA,2020-05-08,345
"329",NA,"Neutral","Pro-Mask","Neutral",2020-07-11,345
"330","Pro-Biden","Neutral","Pro-Mask","Pro-Vax",2020-08-23,348
"331","Pro-Biden","Neutral","Pro-Mask","Pro-Vax",2020-09-12,348
"332","Pro-Biden","Neutral","Pro-Mask","Pro-Vax",2020-10-11,348
"333","Pro-Biden","Neutral",NA,"Pro-Vax",2020-11-20,348
"334","Pro-Biden","Neutral",NA,"Pro-Vax",2020-12-21,348
"335","Pro-Biden","Neutral",NA,"Pro-Vax",2021-02-07,348
"336","Pro-Trump","Anti-Lockdown","Anti-Mask","Neutral",2020-09-13,356
"337","Pro-Trump","Anti-Lockdown","Anti-Mask","Anti-Vax",2020-10-05,356
"338","Pro-Trump","Anti-Lockdown",NA,"Neutral",2020-11-18,356
"339","Pro-Biden","Pro-Lockdown",NA,"Pro-Vax",2020-07-23,358
"340","Pro-Biden","Pro-Lockdown",NA,"Neutral",2020-10-31,358
"341","Pro-Biden","Neutral",NA,"Neutral",2020-11-07,358
"342","Pro-Biden","Pro-Lockdown",NA,"Neutral",2020-12-25,358
"343",NA,"Neutral",NA,"Pro-Vax",2020-07-22,368
"344",NA,"Neutral","Pro-Mask","Neutral",2020-09-12,368
"345","Pro-Biden","Neutral",NA,"Neutral",2020-10-24,368
"346",NA,"Pro-Lockdown","Pro-Mask",NA,2020-05-21,369
"347","Pro-Trump","Neutral","Neutral",NA,2020-06-17,369
"348","Pro-Trump","Neutral",NA,"Neutral",2020-10-26,369
"349",NA,"Neutral","Pro-Mask",NA,2020-04-17,375
"350",NA,"Neutral","Pro-Mask",NA,2020-06-20,375
"351",NA,"Pro-Lockdown","Pro-Mask","Pro-Vax",2020-07-11,375
"352",NA,"Pro-Lockdown","Pro-Mask","Neutral",2020-07-31,375
"353",NA,"Neutral","Pro-Mask","Neutral",2020-08-15,375
"354","Pro-Trump","Pro-Lockdown","Pro-Mask","Neutral",2020-10-18,375
"355","Pro-Trump","Neutral",NA,"Neutral",2020-10-30,375
"356","Pro-Trump","Neutral",NA,"Anti-Vax",2020-11-20,375
"357","Pro-Biden","Pro-Lockdown",NA,"Pro-Vax",2020-07-21,378
"358","Pro-Biden","Pro-Lockdown","Pro-Mask","Pro-Vax",2020-08-21,378
"359",NA,NA,NA,"Pro-Vax",2020-11-06,378
"360","Pro-Trump","Neutral","Pro-Mask","Neutral",2020-08-09,383
"361","Pro-Trump","Pro-Lockdown","Pro-Mask","Pro-Vax",2020-09-09,383
"362","Pro-Biden","Pro-Lockdown","Pro-Mask",NA,2020-04-17,387
"363","Pro-Biden","Pro-Lockdown","Pro-Mask",NA,2020-05-13,387
"364","Pro-Biden","Pro-Lockdown",NA,"Neutral",2020-12-24,387
"365","Pro-Trump","Anti-Lockdown","Anti-Mask",NA,2020-05-06,388
"366","Pro-Trump","Anti-Lockdown",NA,"Neutral",2020-12-26,388
"367","Pro-Biden","Pro-Lockdown","Pro-Mask","Anti-Vax",2020-10-22,391
"368","Pro-Biden","Pro-Lockdown",NA,"Anti-Vax",2020-10-24,391
"369",NA,"Neutral",NA,"Anti-Vax",2020-11-07,391
"370",NA,"Pro-Lockdown",NA,"Anti-Vax",2020-12-28,391
"371","Pro-Biden","Neutral",NA,"Pro-Vax",2021-01-04,401
"372","Pro-Biden","Pro-Lockdown",NA,NA,2021-02-19,401
"373",NA,"Pro-Lockdown","Anti-Mask",NA,2020-04-17,403
"374",NA,"Neutral","Anti-Mask","Anti-Vax",2020-10-17,403
"375",NA,"Neutral",NA,"Anti-Vax",2020-10-30,403
"376",NA,"Neutral",NA,"Anti-Vax",2020-11-20,403
"377",NA,"Anti-Lockdown",NA,"Anti-Vax",2020-12-21,403
"378","Pro-Biden","Pro-Lockdown","Neutral",NA,2020-05-22,406
"379","Pro-Biden","Pro-Lockdown","Pro-Mask",NA,2020-06-09,406
"380","Pro-Biden","Pro-Lockdown","Pro-Mask",NA,2020-06-17,406
"381","Pro-Biden","Pro-Lockdown",NA,"Anti-Vax",2021-01-02,410
"382","Pro-Biden","Pro-Lockdown",NA,"Anti-Vax",2021-02-14,410
"383","Pro-Trump","Neutral","Pro-Mask",NA,2020-04-17,418
"384","Pro-Trump","Neutral","Pro-Mask",NA,2020-05-03,418
"385",NA,"Neutral","Pro-Mask","Neutral",2020-08-16,418
"386","Pro-Biden","Pro-Lockdown","Pro-Mask",NA,2020-04-17,422
"387","Pro-Biden","Pro-Lockdown","Pro-Mask","Neutral",2020-07-19,422
"388","Neutral","Anti-Lockdown","Anti-Mask",NA,2020-04-18,425
"389","Neutral","Anti-Lockdown","Anti-Mask",NA,2020-05-09,425
"390","Pro-Trump","Anti-Lockdown","Anti-Mask",NA,2020-05-27,425
"391","Pro-Trump","Anti-Lockdown","Anti-Mask","Anti-Vax",2020-10-20,425
"392","Pro-Trump",NA,"Anti-Mask","Anti-Vax",2020-10-26,425
"393","Pro-Trump",NA,"Anti-Mask","Anti-Vax",2020-11-07,425
"394","Pro-Trump","Anti-Lockdown","Anti-Mask","Anti-Vax",2021-01-01,425
"395","Pro-Biden","Pro-Lockdown","Pro-Mask",NA,2020-04-24,427
"396","Pro-Biden","Pro-Lockdown","Pro-Mask","Anti-Vax",2020-07-12,427
"397","Pro-Biden","Pro-Lockdown","Pro-Mask",NA,2020-04-24,428
"398","Pro-Biden","Pro-Lockdown","Pro-Mask",NA,2020-06-20,428
"399","Pro-Biden","Pro-Lockdown","Neutral","Neutral",2020-09-06,428
"400","Pro-Biden","Pro-Lockdown","Pro-Mask","Neutral",2020-10-04,428
"401","Pro-Biden","Pro-Lockdown",NA,"Neutral",2020-11-02,428
"402","Pro-Biden","Pro-Lockdown",NA,"Neutral",2020-11-27,428
"403","Pro-Biden","Pro-Lockdown",NA,"Pro-Vax",2020-12-25,428
"404","Pro-Biden","Pro-Lockdown",NA,"Pro-Vax",2021-02-18,428
"405","Pro-Biden","Pro-Lockdown",NA,NA,2020-06-28,429
"406","Pro-Biden","Pro-Lockdown","Pro-Mask","Pro-Vax",2020-09-18,429
"407","Pro-Biden","Pro-Lockdown",NA,"Pro-Vax",2021-01-03,429
"408",NA,"Pro-Lockdown","Neutral",NA,2020-05-07,430
"409",NA,"Pro-Lockdown","Anti-Mask",NA,2020-05-25,430
"410","Pro-Biden","Pro-Lockdown","Neutral",NA,2020-04-20,433
"411","Pro-Biden","Pro-Lockdown","Neutral",NA,2020-05-25,433
"412","Pro-Biden","Pro-Lockdown","Pro-Mask","Neutral",2020-07-12,433
"413","Pro-Biden","Pro-Lockdown","Neutral","Neutral",2020-08-16,433
"414","Pro-Biden","Pro-Lockdown","Pro-Mask","Neutral",2020-10-11,433
"415","Pro-Biden","Pro-Lockdown",NA,"Pro-Vax",2020-12-19,433
"416","Pro-Biden","Pro-Lockdown",NA,"Pro-Vax",2021-02-07,433
"417","Pro-Biden","Pro-Lockdown","Neutral",NA,2020-04-17,436
"418","Pro-Biden","Pro-Lockdown","Neutral",NA,2020-05-02,436
"419","Pro-Biden","Pro-Lockdown","Neutral",NA,2020-05-26,436
"420","Pro-Trump","Neutral","Neutral",NA,2020-04-17,451
"421","Pro-Trump","Anti-Lockdown","Pro-Mask",NA,2020-06-28,451
"422","Pro-Trump","Anti-Lockdown",NA,"Pro-Vax",2021-02-21,451
"423","Pro-Trump","Neutral","Neutral",NA,2020-04-18,455
"424","Pro-Trump","Neutral","Neutral",NA,2020-05-02,455
"425","Pro-Trump","Neutral","Pro-Mask",NA,2020-05-31,455
"426","Pro-Trump","Neutral",NA,NA,2020-06-18,455
"427","Pro-Trump","Neutral","Pro-Mask",NA,2020-05-24,458
"428","Pro-Trump","Neutral","Neutral",NA,2020-06-08,458
"429","Pro-Trump","Pro-Lockdown","Anti-Mask",NA,2020-05-30,460
"430","Pro-Trump","Pro-Lockdown","Pro-Mask",NA,2020-06-18,460
"431",NA,"Neutral","Anti-Mask",NA,2020-04-19,461
"432",NA,"Neutral","Anti-Mask",NA,2020-05-03,461
"433",NA,"Pro-Lockdown",NA,"Neutral",2020-11-07,461
"434","Pro-Trump","Anti-Lockdown","Anti-Mask","Anti-Vax",2020-10-17,463
"435","Pro-Trump","Anti-Lockdown",NA,"Anti-Vax",2020-10-25,463
"436","Pro-Trump","Pro-Lockdown","Neutral","Neutral",2020-09-11,468
"437",NA,"Neutral","Neutral","Anti-Vax",2020-10-09,468
"438",NA,"Neutral",NA,"Anti-Vax",2020-10-30,468
"439",NA,"Neutral",NA,"Neutral",2020-11-09,468
"440",NA,"Pro-Lockdown",NA,"Anti-Vax",2020-12-17,468
"441",NA,"Pro-Lockdown","Pro-Mask",NA,2020-05-26,472
"442","Pro-Trump","Anti-Lockdown",NA,"Neutral",2020-11-03,472
"443","Pro-Trump","Neutral",NA,"Neutral",2021-01-02,472
"444","Pro-Trump","Anti-Lockdown",NA,"Neutral",2021-02-15,472
"445","Pro-Biden","Pro-Lockdown","Pro-Mask",NA,2020-05-19,476
"446","Pro-Biden","Pro-Lockdown","Pro-Mask","Pro-Vax",2020-07-07,476
"447","Pro-Biden","Pro-Lockdown","Neutral","Pro-Vax",2020-07-12,476
"448","Neutral","Pro-Lockdown","Pro-Mask","Pro-Vax",2020-08-22,477
"449","Neutral","Pro-Lockdown","Pro-Mask","Pro-Vax",2020-09-09,477
"450","Neutral","Pro-Lockdown","Pro-Mask","Pro-Vax",2020-10-14,477
"451","Neutral","Pro-Lockdown",NA,"Pro-Vax",2020-11-01,477
"452","Pro-Biden","Pro-Lockdown",NA,NA,2020-06-21,485
"453","Pro-Biden","Neutral","Pro-Mask","Anti-Vax",2020-08-01,485
"454",NA,"Neutral","Neutral","Anti-Vax",2020-08-16,485
"455","Pro-Biden","Neutral","Pro-Mask","Anti-Vax",2020-10-10,485
"456","Pro-Biden","Pro-Lockdown",NA,"Anti-Vax",2021-02-06,485
"457","Pro-Biden","Pro-Lockdown","Pro-Mask","Pro-Vax",2020-09-27,488
"458","Pro-Biden","Neutral",NA,"Pro-Vax",2020-11-09,488
"459","Pro-Biden","Neutral",NA,"Pro-Vax",2021-01-07,488
"460","Pro-Trump","Anti-Lockdown",NA,NA,2020-06-14,489
"461","Pro-Trump","Anti-Lockdown","Anti-Mask","Anti-Vax",2020-07-11,489
"462",NA,"Pro-Lockdown","Neutral",NA,2020-06-06,492
"463",NA,"Pro-Lockdown","Pro-Mask",NA,2020-06-19,492
"464","Pro-Biden","Pro-Lockdown","Pro-Mask",NA,2020-05-16,504
"465","Pro-Biden","Pro-Lockdown",NA,"Neutral",2020-11-08,504
"466","Pro-Trump","Anti-Lockdown","Anti-Mask","Anti-Vax",2020-09-05,509
"467","Pro-Trump","Neutral","Anti-Mask","Anti-Vax",2020-10-05,509
"468",NA,"Pro-Lockdown","Pro-Mask",NA,2020-05-27,511
"469","Neutral","Pro-Lockdown","Pro-Mask","Neutral",2020-07-12,511
"470",NA,"Pro-Lockdown","Pro-Mask","Neutral",2020-08-17,511
"471","Neutral","Pro-Lockdown",NA,"Neutral",2020-11-01,511
"472","Pro-Trump","Anti-Lockdown",NA,"Neutral",2020-11-09,513
"473","Pro-Trump","Anti-Lockdown",NA,"Neutral",2020-12-26,513
"474","Neutral","Neutral","Neutral",NA,2020-04-18,523
"475","Pro-Trump","Neutral","Neutral",NA,2020-05-09,523
"476","Pro-Biden","Pro-Lockdown","Anti-Mask",NA,2020-04-17,530
"477","Pro-Biden","Pro-Lockdown","Anti-Mask",NA,2020-05-02,530
"478","Pro-Biden","Pro-Lockdown","Pro-Mask","Pro-Vax",2020-07-24,530
"479","Pro-Biden","Pro-Lockdown",NA,"Neutral",2020-11-27,530
"480","Pro-Biden","Pro-Lockdown","Neutral",NA,2020-05-04,536
"481","Pro-Biden","Pro-Lockdown","Neutral",NA,2020-05-29,536
"482",NA,"Pro-Lockdown",NA,NA,2020-06-19,538
"483","Neutral","Pro-Lockdown","Neutral","Pro-Vax",2020-08-01,538
"484","Pro-Biden","Pro-Lockdown","Pro-Mask","Neutral",2020-10-03,538
"485","Pro-Trump","Neutral","Neutral",NA,2020-04-18,542
"486","Pro-Trump","Neutral","Anti-Mask",NA,2020-05-04,542
"487","Pro-Trump","Anti-Lockdown","Anti-Mask",NA,2020-05-28,542
"488","Pro-Trump","Neutral","Neutral",NA,2020-06-28,542
"489","Pro-Trump","Neutral","Anti-Mask","Neutral",2020-07-24,542
"490","Pro-Trump","Neutral",NA,"Anti-Vax",2021-02-14,542
"491","Pro-Biden","Neutral",NA,NA,2020-06-28,544
"492","Pro-Biden","Neutral","Pro-Mask","Neutral",2020-07-15,544
"493","Pro-Biden","Neutral",NA,"Pro-Vax",2021-02-21,544
"494","Pro-Biden","Pro-Lockdown","Anti-Mask",NA,2020-04-17,545
"495","Pro-Biden","Pro-Lockdown","Neutral",NA,2020-05-02,545
"496","Pro-Biden","Pro-Lockdown","Neutral",NA,2020-05-28,545
"497","Pro-Biden","Pro-Lockdown","Pro-Mask",NA,2020-06-07,545
"498","Pro-Biden","Pro-Lockdown","Neutral",NA,2020-06-17,545
"499","Pro-Biden","Pro-Lockdown","Pro-Mask","Neutral",2020-07-13,545
"500","Pro-Biden","Pro-Lockdown","Neutral","Neutral",2020-08-16,545
"501","Pro-Biden","Pro-Lockdown","Neutral","Neutral",2020-09-06,545
"502","Pro-Biden","Pro-Lockdown","Pro-Mask","Neutral",2020-10-05,545
"503","Pro-Biden","Pro-Lockdown",NA,"Neutral",2020-10-25,545
"504","Pro-Biden","Pro-Lockdown",NA,"Neutral",2020-11-23,545
"505","Pro-Biden","Pro-Lockdown",NA,"Pro-Vax",2021-02-14,545
"506","Neutral","Pro-Lockdown","Pro-Mask","Anti-Vax",2020-09-14,547
"507","Pro-Biden","Pro-Lockdown",NA,"Anti-Vax",2021-02-05,547
"508","Pro-Biden","Pro-Lockdown","Pro-Mask",NA,2020-05-23,549
"509","Pro-Biden","Pro-Lockdown","Pro-Mask","Pro-Vax",2020-08-09,549
"510","Pro-Biden","Pro-Lockdown",NA,"Neutral",2020-12-27,549
"511","Pro-Trump","Anti-Lockdown",NA,"Anti-Vax",2020-12-18,550
"512","Pro-Trump","Anti-Lockdown",NA,"Anti-Vax",2021-02-20,550
"513","Pro-Trump","Neutral","Anti-Mask",NA,2020-06-21,552
"514","Pro-Trump","Neutral","Anti-Mask","Anti-Vax",2020-07-14,552
"515","Pro-Trump","Anti-Lockdown","Anti-Mask","Neutral",2020-08-03,559
"516","Pro-Trump","Anti-Lockdown","Anti-Mask","Pro-Vax",2020-10-05,559
"517","Pro-Biden","Pro-Lockdown",NA,NA,2020-06-22,561
"518","Pro-Biden","Pro-Lockdown",NA,"Pro-Vax",2020-11-21,561
"519","Pro-Biden","Pro-Lockdown","Pro-Mask","Pro-Vax",2020-08-17,580
"520","Pro-Biden","Pro-Lockdown",NA,"Pro-Vax",2020-11-09,580
"521","Pro-Biden","Pro-Lockdown",NA,"Neutral",2020-11-02,582
"522","Pro-Biden","Pro-Lockdown",NA,"Anti-Vax",2020-12-31,582
"523","Pro-Biden","Pro-Lockdown","Pro-Mask",NA,2020-04-24,584
"524","Pro-Biden","Pro-Lockdown","Pro-Mask","Pro-Vax",2020-07-12,584
"525","Pro-Biden","Pro-Lockdown",NA,"Pro-Vax",2020-10-04,584
"526","Pro-Biden","Pro-Lockdown",NA,NA,2021-01-03,584
"527","Neutral","Pro-Lockdown","Pro-Mask",NA,2020-05-09,585
"528",NA,"Neutral","Pro-Mask",NA,2020-06-23,585
"529",NA,"Pro-Lockdown","Pro-Mask","Neutral",2020-07-13,585
"530",NA,"Neutral","Pro-Mask","Anti-Vax",2020-09-13,587
"531",NA,"Pro-Lockdown",NA,"Anti-Vax",2020-10-27,587
"532",NA,"Pro-Lockdown",NA,"Neutral",2021-01-09,587
"533","Pro-Biden","Pro-Lockdown","Neutral",NA,2020-04-17,589
"534","Pro-Biden","Pro-Lockdown","Neutral",NA,2020-05-05,589
"535","Pro-Biden","Pro-Lockdown","Pro-Mask",NA,2020-05-27,589
"536","Pro-Biden","Pro-Lockdown","Pro-Mask",NA,2020-05-21,597
"537",NA,"Pro-Lockdown",NA,NA,2020-06-28,597
"538",NA,"Pro-Lockdown","Pro-Mask","Neutral",2020-08-19,597
"539","Pro-Biden","Pro-Lockdown",NA,"Neutral",2020-11-14,608
"540","Pro-Biden","Pro-Lockdown",NA,"Neutral",2021-02-14,608
"541","Pro-Biden","Pro-Lockdown",NA,NA,2020-06-21,611
"542","Pro-Biden","Pro-Lockdown","Pro-Mask","Pro-Vax",2020-07-19,611
"543","Pro-Biden","Pro-Lockdown","Pro-Mask","Neutral",2020-09-15,611
"544","Pro-Biden","Pro-Lockdown","Pro-Mask","Neutral",2020-10-20,611
"545","Pro-Biden","Pro-Lockdown","Pro-Mask","Neutral",2020-09-16,619
"546","Pro-Biden","Pro-Lockdown",NA,"Pro-Vax",2020-12-27,619
"547",NA,"Pro-Lockdown",NA,"Neutral",2020-07-24,622
"548","Pro-Biden","Pro-Lockdown",NA,"Neutral",2020-11-03,622
"549","Pro-Biden","Pro-Lockdown",NA,"Neutral",2020-11-13,622
"550","Neutral","Neutral","Pro-Mask",NA,2020-05-22,631
"551","Neutral","Pro-Lockdown","Pro-Mask","Pro-Vax",2020-10-17,631
"552","Pro-Biden","Pro-Lockdown","Pro-Mask","Neutral",2020-08-09,632
"553","Pro-Biden","Pro-Lockdown","Pro-Mask","Anti-Vax",2020-09-10,632
"554",NA,"Neutral",NA,"Anti-Vax",2020-12-21,633
"555",NA,"Neutral",NA,"Pro-Vax",2021-02-14,633
"556","Pro-Biden","Anti-Lockdown","Neutral","Neutral",2020-10-22,634
"557","Pro-Biden",NA,NA,"Pro-Vax",2020-11-23,634
"558",NA,"Pro-Lockdown","Pro-Mask",NA,2020-04-20,639
"559","Pro-Trump","Neutral","Pro-Mask",NA,2020-05-10,639
"560","Pro-Trump","Pro-Lockdown","Neutral",NA,2020-05-30,639
"561","Pro-Biden","Neutral","Pro-Mask","Neutral",2020-10-20,642
"562","Pro-Biden","Pro-Lockdown",NA,"Pro-Vax",2021-02-08,642
"563","Pro-Biden","Pro-Lockdown","Neutral",NA,2020-04-17,649
"564","Pro-Biden","Pro-Lockdown","Neutral",NA,2020-05-04,649
"565","Pro-Biden","Pro-Lockdown","Pro-Mask",NA,2020-05-19,649
"566","Pro-Biden","Neutral","Pro-Mask","Anti-Vax",2020-09-08,649
"567","Pro-Biden","Pro-Lockdown","Pro-Mask","Neutral",2020-10-05,666
"568","Pro-Biden","Pro-Lockdown",NA,"Pro-Vax",2020-10-25,666
"569","Pro-Biden","Pro-Lockdown",NA,"Pro-Vax",2020-11-21,666
"570","Pro-Biden","Pro-Lockdown","Pro-Mask",NA,2020-06-07,667
"571","Pro-Biden","Pro-Lockdown",NA,NA,2020-06-17,667
"572","Pro-Trump","Pro-Lockdown","Anti-Mask",NA,2020-04-19,673
"573","Pro-Trump","Neutral","Anti-Mask",NA,2020-05-03,673
"574","Pro-Trump","Neutral","Neutral",NA,2020-05-19,673
"575","Pro-Trump","Neutral","Anti-Mask",NA,2020-04-17,679
"576","Pro-Trump","Anti-Lockdown","Anti-Mask",NA,2020-05-26,679
"577","Pro-Trump","Neutral","Anti-Mask","Neutral",2020-09-24,681
"578","Pro-Trump",NA,NA,"Neutral",2020-11-09,681
"579","Pro-Biden","Pro-Lockdown","Pro-Mask",NA,2020-05-07,683
"580","Pro-Biden","Pro-Lockdown","Neutral",NA,2020-05-26,683
"581","Pro-Biden","Pro-Lockdown","Pro-Mask","Pro-Vax",2020-07-20,683
"582","Pro-Biden","Pro-Lockdown","Pro-Mask","Pro-Vax",2020-09-20,686
"583","Pro-Biden","Pro-Lockdown",NA,"Pro-Vax",2020-11-26,686
"584",NA,"Pro-Lockdown","Pro-Mask",NA,2020-05-31,689
"585","Pro-Biden","Pro-Lockdown","Pro-Mask","Pro-Vax",2020-07-19,689
"586","Pro-Biden","Pro-Lockdown","Pro-Mask",NA,2020-06-15,692
"587",NA,"Neutral","Pro-Mask","Neutral",2020-07-19,692
"588","Pro-Biden","Pro-Lockdown",NA,"Neutral",2020-11-29,692
"589","Pro-Biden","Pro-Lockdown","Pro-Mask","Neutral",2020-07-21,698
"590","Pro-Biden","Pro-Lockdown","Pro-Mask","Neutral",2020-09-18,698
"591","Pro-Biden","Pro-Lockdown","Pro-Mask","Neutral",2020-10-09,698
"592","Pro-Biden","Pro-Lockdown","Neutral",NA,2020-05-03,699
"593","Pro-Biden","Pro-Lockdown","Neutral",NA,2020-05-30,699
"594","Pro-Biden","Pro-Lockdown","Pro-Mask",NA,2020-06-23,699
"595",NA,"Pro-Lockdown",NA,"Neutral",2020-11-02,699
"596",NA,"Pro-Lockdown",NA,"Neutral",2021-01-03,699
"597","Pro-Biden","Pro-Lockdown","Pro-Mask",NA,2020-05-24,703
"598","Pro-Biden","Pro-Lockdown",NA,NA,2020-06-14,703
"599","Pro-Biden",NA,NA,"Neutral",2020-10-26,703
"600","Pro-Biden","Pro-Lockdown",NA,"Neutral",2021-02-22,703
"601","Pro-Biden","Pro-Lockdown","Pro-Mask",NA,2020-06-15,704
"602","Pro-Biden","Pro-Lockdown","Pro-Mask","Neutral",2020-07-11,704
"603","Pro-Biden","Neutral","Pro-Mask","Pro-Vax",2020-08-13,704
"604","Pro-Biden","Pro-Lockdown","Pro-Mask","Neutral",2020-09-10,704
"605","Pro-Biden","Neutral",NA,"Pro-Vax",2021-01-03,704
"606","Pro-Biden","Pro-Lockdown","Pro-Mask","Neutral",2020-08-10,711
"607","Pro-Biden","Pro-Lockdown",NA,"Pro-Vax",2020-11-23,711
"608","Pro-Biden","Pro-Lockdown",NA,"Pro-Vax",2021-02-16,711
"609","Pro-Biden","Pro-Lockdown","Neutral",NA,2020-06-06,714
"610","Pro-Biden","Pro-Lockdown",NA,"Anti-Vax",2020-07-13,714
"611","Pro-Biden","Pro-Lockdown","Pro-Mask","Anti-Vax",2020-08-08,714
"612","Pro-Biden","Pro-Lockdown","Pro-Mask",NA,2020-06-15,717
"613","Pro-Biden","Pro-Lockdown","Pro-Mask","Pro-Vax",2020-07-11,717
"614","Pro-Biden","Neutral","Neutral",NA,2020-04-20,718
"615","Pro-Biden","Neutral","Anti-Mask",NA,2020-05-03,718
"616","Neutral","Pro-Lockdown","Pro-Mask",NA,2020-06-22,738
"617",NA,"Pro-Lockdown",NA,"Neutral",2021-01-05,738
"618",NA,"Pro-Lockdown",NA,"Neutral",2021-02-20,738
"619","Pro-Biden","Pro-Lockdown","Anti-Mask",NA,2020-05-30,742
"620","Pro-Biden","Pro-Lockdown",NA,NA,2020-06-20,742
"621","Pro-Biden","Pro-Lockdown",NA,"Pro-Vax",2020-07-20,742
"622","Pro-Biden","Pro-Lockdown","Pro-Mask","Pro-Vax",2020-08-16,742
"623","Pro-Biden","Pro-Lockdown","Pro-Mask","Pro-Vax",2020-09-17,742
"624","Pro-Biden","Pro-Lockdown",NA,"Pro-Vax",2020-10-26,742
"625","Pro-Biden","Pro-Lockdown",NA,"Pro-Vax",2020-11-29,742
"626","Pro-Biden","Pro-Lockdown",NA,"Pro-Vax",2020-12-26,742
"627","Pro-Biden","Pro-Lockdown",NA,"Pro-Vax",2021-02-07,742
"628",NA,"Pro-Lockdown","Anti-Mask",NA,2020-04-17,743
"629","Neutral","Pro-Lockdown","Anti-Mask",NA,2020-05-09,743
"630","Neutral","Pro-Lockdown","Pro-Mask",NA,2020-04-18,745
"631","Neutral","Neutral",NA,NA,2020-06-21,745
"632","Pro-Biden","Neutral","Pro-Mask","Neutral",2020-09-12,745
"633","Pro-Biden","Neutral","Pro-Mask","Neutral",2020-10-04,745
"634","Pro-Biden","Neutral",NA,"Pro-Vax",2021-01-04,745
"635","Pro-Biden","Neutral",NA,"Pro-Vax",2021-02-13,745
"636","Pro-Biden","Pro-Lockdown","Pro-Mask","Neutral",2020-07-05,746
"637","Pro-Biden","Pro-Lockdown","Pro-Mask","Neutral",2020-08-10,746
"638","Pro-Biden","Pro-Lockdown","Neutral",NA,2020-04-19,749
"639","Pro-Biden","Neutral",NA,"Pro-Vax",2020-10-06,749
"640","Pro-Biden",NA,NA,"Neutral",2020-10-29,749
"641","Pro-Biden","Pro-Lockdown",NA,"Pro-Vax",2020-11-29,749
"642","Pro-Biden","Pro-Lockdown","Pro-Mask",NA,2020-05-03,750
"643","Pro-Biden","Pro-Lockdown","Pro-Mask",NA,2020-05-26,750
"644","Pro-Biden","Pro-Lockdown","Pro-Mask",NA,2020-06-16,750
"645","Pro-Biden","Pro-Lockdown","Pro-Mask",NA,2020-04-19,764
"646","Pro-Biden","Neutral","Pro-Mask",NA,2020-05-28,764
"647","Pro-Biden","Pro-Lockdown","Neutral","Pro-Vax",2020-08-22,764
"648","Pro-Trump","Neutral","Anti-Mask",NA,2020-04-18,766
"649","Pro-Trump","Anti-Lockdown","Anti-Mask",NA,2020-05-02,766
"650","Pro-Trump","Anti-Lockdown","Anti-Mask",NA,2020-05-26,766
"651","Pro-Trump","Anti-Lockdown","Anti-Mask",NA,2020-06-20,766
"652","Pro-Trump","Anti-Lockdown","Anti-Mask","Neutral",2020-10-19,766
"653","Pro-Trump","Anti-Lockdown",NA,"Neutral",2020-11-01,766
"654","Pro-Trump","Anti-Lockdown",NA,"Neutral",2021-01-06,766
"655","Pro-Biden","Pro-Lockdown","Pro-Mask",NA,2020-06-07,772
"656","Pro-Trump","Neutral",NA,"Anti-Vax",2020-12-28,772
"657","Pro-Biden","Pro-Lockdown","Neutral",NA,2020-04-24,776
"658","Pro-Biden","Pro-Lockdown","Neutral",NA,2020-05-03,776
"659","Pro-Biden","Pro-Lockdown","Pro-Mask",NA,2020-05-30,779
"660","Pro-Biden","Pro-Lockdown","Pro-Mask","Neutral",2020-07-11,779
"661","Pro-Biden","Pro-Lockdown","Pro-Mask",NA,2020-05-22,783
"662","Pro-Biden","Pro-Lockdown","Pro-Mask","Neutral",2020-07-21,783
"663","Pro-Biden","Pro-Lockdown","Pro-Mask",NA,2020-04-18,798
"664","Pro-Trump","Neutral","Pro-Mask",NA,2020-05-04,798
"665","Pro-Trump","Pro-Lockdown","Pro-Mask",NA,2020-05-17,798
"666","Pro-Trump","Pro-Lockdown","Pro-Mask",NA,2020-05-05,799
"667","Pro-Trump","Pro-Lockdown","Pro-Mask","Neutral",2020-07-24,799
"668","Pro-Trump","Pro-Lockdown","Pro-Mask","Neutral",2020-08-16,799
"669","Pro-Trump","Pro-Lockdown","Neutral","Neutral",2020-09-11,799
"670","Pro-Trump","Pro-Lockdown",NA,"Anti-Vax",2021-01-01,799
"671","Pro-Trump","Pro-Lockdown",NA,"Neutral",2021-02-06,799
"672",NA,"Pro-Lockdown","Neutral",NA,2020-04-20,802
"673",NA,"Pro-Lockdown","Pro-Mask",NA,2020-05-03,802
"674","Neutral","Pro-Lockdown","Pro-Mask",NA,2020-05-19,802
"675","Pro-Biden","Pro-Lockdown","Anti-Mask",NA,2020-04-27,805
"676","Pro-Biden","Pro-Lockdown","Pro-Mask",NA,2020-05-05,805
"677","Pro-Biden","Pro-Lockdown",NA,NA,2020-06-23,811
"678","Pro-Biden","Pro-Lockdown","Pro-Mask","Pro-Vax",2020-07-19,811
"679","Pro-Trump","Neutral",NA,"Anti-Vax",2020-11-11,815
"680","Pro-Trump","Neutral",NA,"Neutral",2021-01-09,815
"681","Pro-Trump","Pro-Lockdown",NA,"Neutral",2021-02-14,815
"682","Neutral","Pro-Lockdown",NA,NA,2020-06-23,819
"683","Pro-Biden",NA,NA,"Pro-Vax",2020-11-22,819
"684","Pro-Trump","Neutral",NA,"Neutral",2020-11-02,821
"685","Pro-Trump","Neutral",NA,"Neutral",2020-11-06,821
"686","Pro-Trump","Neutral",NA,"Anti-Vax",2021-02-13,821
"687","Pro-Biden","Pro-Lockdown","Pro-Mask",NA,2020-05-17,823
"688","Pro-Biden","Pro-Lockdown","Pro-Mask","Pro-Vax",2020-08-16,823
"689","Pro-Biden","Pro-Lockdown",NA,"Pro-Vax",2020-11-04,823
"690",NA,"Pro-Lockdown","Neutral",NA,2020-04-23,828
"691","Pro-Trump","Neutral","Neutral",NA,2020-05-26,828
"692","Pro-Biden","Pro-Lockdown","Pro-Mask","Pro-Vax",2020-08-03,830
"693","Pro-Biden","Pro-Lockdown","Pro-Mask","Neutral",2020-10-19,830
"694",NA,"Pro-Lockdown",NA,NA,2020-06-21,831
"695",NA,"Pro-Lockdown","Pro-Mask","Pro-Vax",2020-08-17,831
"696",NA,"Neutral","Neutral",NA,2020-05-03,832
"697","Pro-Trump","Neutral","Anti-Mask",NA,2020-05-28,832
"698","Pro-Biden","Neutral",NA,"Neutral",2020-11-09,836
"699","Pro-Biden","Pro-Lockdown",NA,"Pro-Vax",2021-01-01,836
"700","Pro-Biden","Pro-Lockdown",NA,NA,2021-02-13,836
"701","Neutral","Neutral","Anti-Mask",NA,2020-05-27,838
"702","Pro-Biden","Neutral",NA,NA,2020-06-17,838
"703","Pro-Trump","Anti-Lockdown","Anti-Mask",NA,2020-05-07,840
"704","Pro-Trump","Anti-Lockdown","Anti-Mask",NA,2020-05-28,840
"705","Neutral","Pro-Lockdown",NA,NA,2020-06-18,846
"706","Neutral","Pro-Lockdown","Pro-Mask","Neutral",2020-07-17,846
"707",NA,"Pro-Lockdown","Pro-Mask","Anti-Vax",2020-08-11,846
"708","Pro-Biden","Pro-Lockdown","Pro-Mask",NA,2020-06-18,853
"709","Pro-Biden","Pro-Lockdown",NA,"Pro-Vax",2020-11-12,853
"710","Pro-Biden","Pro-Lockdown",NA,"Pro-Vax",2021-01-02,853
"711","Pro-Biden","Pro-Lockdown","Pro-Mask",NA,2020-04-17,855
"712","Pro-Biden","Pro-Lockdown","Pro-Mask",NA,2020-05-02,855
"713","Pro-Biden","Pro-Lockdown","Pro-Mask","Pro-Vax",2020-07-19,855
"714","Pro-Biden","Pro-Lockdown","Pro-Mask","Pro-Vax",2020-09-13,855
"715","Pro-Biden","Pro-Lockdown","Pro-Mask","Pro-Vax",2020-10-03,855
"716","Pro-Biden","Pro-Lockdown",NA,"Pro-Vax",2020-11-14,855
"717","Pro-Biden","Pro-Lockdown","Neutral",NA,2020-04-20,859
"718","Pro-Biden","Pro-Lockdown","Pro-Mask",NA,2020-05-12,859
"719","Neutral","Neutral","Pro-Mask",NA,2020-04-26,860
"720","Pro-Trump","Neutral","Pro-Mask",NA,2020-05-10,860
"721","Pro-Biden","Pro-Lockdown","Pro-Mask",NA,2020-04-25,861
"722","Pro-Biden","Pro-Lockdown",NA,"Neutral",2020-07-19,861
"723","Pro-Trump","Anti-Lockdown","Pro-Mask","Neutral",2020-08-16,867
"724","Pro-Trump","Neutral","Anti-Mask","Neutral",2020-10-07,867
"725","Pro-Trump","Anti-Lockdown","Anti-Mask","Neutral",2020-10-25,867
"726",NA,"Neutral","Anti-Mask",NA,2020-04-18,870
"727",NA,"Neutral","Neutral","Neutral",2020-07-20,870
"728",NA,"Neutral","Neutral","Neutral",2020-10-10,870
"729",NA,"Neutral",NA,"Neutral",2020-10-25,870
"730",NA,"Neutral",NA,"Neutral",2020-12-24,870
"731","Pro-Trump","Neutral","Neutral",NA,2020-05-31,875
"732","Pro-Trump","Neutral","Neutral","Pro-Vax",2020-07-19,875
"733","Pro-Trump","Neutral","Pro-Mask","Pro-Vax",2020-08-16,875
"734","Pro-Trump","Neutral","Pro-Mask","Pro-Vax",2020-09-10,875
"735","Pro-Trump","Neutral",NA,"Pro-Vax",2020-10-26,875
"736",NA,"Neutral","Pro-Mask",NA,2020-04-18,881
"737",NA,"Neutral","Pro-Mask",NA,2020-05-03,881
"738","Neutral","Pro-Lockdown","Anti-Mask",NA,2020-04-20,888
"739","Neutral","Neutral","Pro-Mask",NA,2020-05-13,888
"740","Neutral","Pro-Lockdown","Pro-Mask","Neutral",2020-08-17,888
"741","Pro-Biden","Pro-Lockdown","Pro-Mask","Neutral",2020-10-19,896
"742","Pro-Biden","Pro-Lockdown",NA,"Neutral",2020-10-25,896
"743","Pro-Biden","Pro-Lockdown",NA,"Pro-Vax",2021-01-03,896
"744","Pro-Biden","Pro-Lockdown","Pro-Mask","Pro-Vax",2020-07-11,902
"745","Pro-Biden","Neutral",NA,"Neutral",2020-11-02,902
"746","Pro-Biden","Pro-Lockdown",NA,"Pro-Vax",2021-01-01,902
"747","Pro-Biden","Neutral",NA,"Pro-Vax",2021-02-19,902
"748","Neutral","Pro-Lockdown","Pro-Mask",NA,2020-04-23,916
"749","Pro-Biden","Pro-Lockdown",NA,"Anti-Vax",2020-11-09,916
"750","Pro-Biden","Pro-Lockdown",NA,"Pro-Vax",2020-11-10,920
"751","Pro-Biden","Pro-Lockdown",NA,"Pro-Vax",2021-01-01,920
"752","Pro-Biden","Pro-Lockdown",NA,"Pro-Vax",2021-02-13,920
"753","Pro-Biden","Pro-Lockdown","Pro-Mask",NA,2020-05-29,924
"754","Pro-Biden","Pro-Lockdown","Pro-Mask","Pro-Vax",2020-08-22,924
"755","Pro-Biden","Pro-Lockdown","Pro-Mask",NA,2020-06-13,926
"756","Pro-Biden","Pro-Lockdown","Neutral","Pro-Vax",2020-07-12,926
"757","Pro-Biden","Pro-Lockdown",NA,"Neutral",2020-10-18,926
"758","Pro-Trump","Neutral","Anti-Mask",NA,2020-04-17,928
"759","Pro-Trump","Anti-Lockdown","Anti-Mask",NA,2020-05-02,928
"760",NA,"Pro-Lockdown",NA,NA,2020-05-02,932
"761",NA,"Pro-Lockdown","Pro-Mask",NA,2020-05-25,932
"762",NA,"Pro-Lockdown","Pro-Mask",NA,2020-06-06,932
"763",NA,"Pro-Lockdown",NA,NA,2020-06-15,932
"764",NA,"Pro-Lockdown","Pro-Mask","Neutral",2020-07-04,932
"765",NA,"Pro-Lockdown",NA,"Pro-Vax",2020-07-11,932
"766","Pro-Trump","Pro-Lockdown","Neutral","Pro-Vax",2020-07-31,932
"767","Pro-Trump","Pro-Lockdown",NA,"Pro-Vax",2020-10-29,932
"768","Pro-Trump",NA,NA,"Pro-Vax",2020-11-04,932
"769","Pro-Trump","Pro-Lockdown",NA,"Pro-Vax",2020-12-17,932
"770","Pro-Trump","Pro-Lockdown","Neutral",NA,2020-06-28,937
"771","Pro-Trump","Neutral","Pro-Mask","Anti-Vax",2020-10-17,937
"772","Pro-Biden","Pro-Lockdown","Neutral",NA,2020-05-27,939
"773","Pro-Biden","Pro-Lockdown","Pro-Mask","Pro-Vax",2020-07-05,939
"774","Pro-Biden","Pro-Lockdown","Pro-Mask","Pro-Vax",2020-07-13,939
"775","Pro-Biden","Neutral","Pro-Mask","Pro-Vax",2020-09-07,939
"776",NA,"Neutral",NA,NA,2020-06-12,943
"777","Pro-Biden","Pro-Lockdown",NA,"Neutral",2021-02-15,943
"778","Pro-Biden",NA,"Pro-Mask",NA,2020-05-08,947
"779","Pro-Biden","Pro-Lockdown","Pro-Mask","Neutral",2020-08-11,947
"780","Pro-Biden",NA,"Pro-Mask","Neutral",2020-09-13,947
"781","Pro-Trump","Pro-Lockdown",NA,NA,2020-06-20,952
"782","Pro-Trump","Neutral","Pro-Mask","Pro-Vax",2020-07-13,952
"783","Pro-Trump","Neutral","Anti-Mask",NA,2020-05-27,958
"784","Pro-Trump","Neutral","Anti-Mask","Anti-Vax",2020-09-13,958
"785",NA,"Pro-Lockdown","Neutral",NA,2020-05-21,961
"786","Pro-Biden","Neutral","Neutral",NA,2020-06-09,961
"787","Pro-Biden","Pro-Lockdown","Pro-Mask",NA,2020-04-21,966
"788","Pro-Biden","Pro-Lockdown","Anti-Mask",NA,2020-05-10,966
"789","Pro-Biden","Pro-Lockdown","Pro-Mask","Neutral",2020-10-03,968
"790","Pro-Biden","Pro-Lockdown",NA,"Neutral",2021-02-12,968
"791","Pro-Biden","Pro-Lockdown",NA,"Pro-Vax",2020-07-19,970
"792","Neutral","Pro-Lockdown","Pro-Mask","Neutral",2020-09-15,970
"793",NA,"Neutral","Pro-Mask","Neutral",2020-08-15,973
"794",NA,"Neutral","Pro-Mask","Neutral",2020-09-11,973
"795","Pro-Biden","Pro-Lockdown","Pro-Mask","Neutral",2020-09-08,974
"796","Pro-Biden","Pro-Lockdown",NA,"Pro-Vax",2020-10-30,974
"797","Pro-Biden","Pro-Lockdown",NA,"Pro-Vax",2020-11-05,974
"798","Pro-Biden","Pro-Lockdown",NA,"Pro-Vax",2020-12-27,974
"799","Pro-Biden","Pro-Lockdown","Pro-Mask",NA,2020-05-03,978
"800","Pro-Biden","Pro-Lockdown","Pro-Mask",NA,2020-06-12,978
"801","Pro-Biden","Pro-Lockdown","Pro-Mask",NA,2020-06-23,981
"802","Pro-Biden","Pro-Lockdown","Pro-Mask","Pro-Vax",2020-07-11,981
"803","Pro-Biden","Pro-Lockdown","Pro-Mask","Pro-Vax",2020-08-19,981
"804","Pro-Biden","Pro-Lockdown","Pro-Mask","Neutral",2020-09-05,981
"805","Pro-Biden","Pro-Lockdown","Pro-Mask","Anti-Vax",2020-10-17,981
"806",NA,"Neutral","Neutral",NA,2020-06-06,982
"807",NA,"Neutral","Neutral","Anti-Vax",2020-07-18,982
"808",NA,"Neutral","Neutral","Neutral",2020-08-01,982
"809",NA,"Anti-Lockdown",NA,"Anti-Vax",2020-10-24,982
"810",NA,"Neutral",NA,"Anti-Vax",2020-11-22,982
"811","Pro-Biden","Pro-Lockdown",NA,"Pro-Vax",2020-12-28,986
"812","Pro-Biden","Neutral",NA,"Pro-Vax",2021-02-08,986
"813",NA,"Pro-Lockdown","Pro-Mask",NA,2020-05-06,988
"814","Neutral","Pro-Lockdown","Pro-Mask",NA,2020-05-20,988
"815","Pro-Biden","Pro-Lockdown",NA,"Pro-Vax",2020-10-05,990
"816","Pro-Biden",NA,NA,"Pro-Vax",2020-10-26,990
"817","Pro-Biden","Pro-Lockdown",NA,"Pro-Vax",2020-12-26,990
"818","Pro-Trump","Pro-Lockdown","Pro-Mask","Pro-Vax",2020-10-10,992
"819","Pro-Trump","Pro-Lockdown",NA,"Pro-Vax",2020-10-25,992
"820","Pro-Trump",NA,NA,"Neutral",2020-11-20,992
"821","Pro-Biden","Pro-Lockdown","Anti-Mask",NA,2020-04-21,995
"822","Pro-Biden","Pro-Lockdown",NA,"Pro-Vax",2021-02-21,995
"823","Pro-Biden","Neutral","Pro-Mask",NA,2020-04-18,1000
"824","Pro-Biden",NA,"Pro-Mask",NA,2020-05-02,1000
"825","Pro-Biden","Pro-Lockdown","Neutral",NA,2020-05-25,1000
"826","Pro-Biden","Pro-Lockdown","Pro-Mask","Neutral",2020-08-01,1000
"827","Pro-Trump","Pro-Lockdown","Anti-Mask","Neutral",2020-09-22,1007
"828","Pro-Trump","Pro-Lockdown",NA,"Neutral",2020-10-02,1007
"829","Pro-Trump","Pro-Lockdown",NA,"Neutral",2020-10-26,1007
"830","Pro-Biden","Pro-Lockdown",NA,"Neutral",2020-12-16,1007
"831","Pro-Biden","Pro-Lockdown","Pro-Mask",NA,2020-05-08,1013
"832","Pro-Biden","Pro-Lockdown","Pro-Mask","Pro-Vax",2020-07-17,1013
"833","Pro-Trump","Neutral","Anti-Mask","Anti-Vax",2020-11-09,1017
"834","Pro-Trump","Neutral","Anti-Mask","Anti-Vax",2020-12-26,1017
"835","Pro-Trump","Neutral","Anti-Mask","Anti-Vax",2021-02-14,1017
"836","Pro-Biden","Pro-Lockdown",NA,NA,2020-06-24,1024
"837","Pro-Biden","Pro-Lockdown",NA,"Pro-Vax",2020-12-24,1024
"838","Pro-Trump","Pro-Lockdown",NA,NA,2020-06-13,1025
"839","Pro-Trump","Pro-Lockdown","Pro-Mask","Neutral",2020-07-24,1025
"840","Pro-Trump","Neutral","Pro-Mask","Neutral",2020-08-11,1025
"841","Pro-Trump","Anti-Lockdown","Anti-Mask",NA,2020-05-05,1036
"842","Pro-Trump",NA,NA,"Anti-Vax",2020-11-17,1036
"843","Pro-Biden","Neutral","Pro-Mask",NA,2020-06-27,1041
"844","Pro-Biden","Neutral",NA,"Neutral",2020-07-22,1041
"845","Pro-Biden","Neutral",NA,"Neutral",2021-01-01,1041
"846","Pro-Trump","Pro-Lockdown","Pro-Mask",NA,2020-06-19,1047
"847","Pro-Trump","Pro-Lockdown","Pro-Mask","Pro-Vax",2020-07-13,1047
"848","Neutral","Pro-Lockdown","Pro-Mask",NA,2020-04-18,1049
"849",NA,"Pro-Lockdown","Pro-Mask","Pro-Vax",2020-08-15,1049
"850",NA,"Pro-Lockdown",NA,"Pro-Vax",2021-01-03,1049
"851","Neutral","Pro-Lockdown",NA,NA,2020-06-13,1052
"852","Neutral","Pro-Lockdown",NA,"Neutral",2020-10-31,1052
"853",NA,NA,NA,"Neutral",2020-11-04,1052
"854","Neutral","Neutral","Neutral",NA,2020-06-16,1060
"855","Neutral","Pro-Lockdown","Pro-Mask","Pro-Vax",2020-08-03,1060
"856","Pro-Biden","Pro-Lockdown",NA,"Pro-Vax",2020-12-21,1060
"857","Pro-Biden","Pro-Lockdown","Pro-Mask","Neutral",2020-07-24,1061
"858","Pro-Biden","Pro-Lockdown","Pro-Mask","Pro-Vax",2020-09-18,1061
"859","Pro-Biden","Pro-Lockdown","Pro-Mask",NA,2020-04-18,1064
"860","Pro-Biden","Pro-Lockdown","Pro-Mask","Anti-Vax",2020-07-11,1064
"861","Pro-Biden","Pro-Lockdown","Pro-Mask","Anti-Vax",2020-08-15,1064
"862",NA,"Pro-Lockdown","Neutral",NA,2020-04-18,1078
"863",NA,"Pro-Lockdown","Neutral",NA,2020-05-03,1078
"864",NA,"Pro-Lockdown","Pro-Mask",NA,2020-05-26,1078
"865","Neutral","Pro-Lockdown","Pro-Mask",NA,2020-06-21,1078
"866","Neutral","Pro-Lockdown","Pro-Mask","Pro-Vax",2020-07-21,1078
"867","Pro-Trump","Anti-Lockdown","Anti-Mask","Anti-Vax",2020-09-13,1083
"868","Pro-Trump","Anti-Lockdown",NA,"Anti-Vax",2020-12-25,1083
"869","Pro-Biden","Pro-Lockdown","Neutral",NA,2020-04-17,1086
"870",NA,"Pro-Lockdown",NA,"Anti-Vax",2021-01-09,1086
"871","Pro-Trump","Anti-Lockdown","Neutral",NA,2020-05-28,1092
"872","Pro-Trump","Neutral","Neutral",NA,2020-06-11,1092
"873","Pro-Trump","Anti-Lockdown","Anti-Mask","Anti-Vax",2020-08-16,1092
"874","Pro-Trump","Anti-Lockdown","Anti-Mask","Pro-Vax",2020-10-06,1092
"875","Pro-Trump","Anti-Lockdown",NA,"Anti-Vax",2021-01-10,1092
"876","Pro-Trump","Neutral","Neutral",NA,2020-06-18,1094
"877","Pro-Trump","Neutral","Pro-Mask","Pro-Vax",2020-08-22,1094
"878","Pro-Biden","Pro-Lockdown",NA,"Pro-Vax",2020-10-11,1099
"879","Pro-Trump",NA,NA,"Pro-Vax",2020-10-26,1099
"880","Pro-Biden","Pro-Lockdown",NA,"Pro-Vax",2020-11-18,1099
"881","Pro-Biden",NA,NA,"Neutral",2020-12-28,1099
"882","Pro-Biden","Neutral",NA,"Pro-Vax",2021-02-06,1099
"883","Pro-Biden","Pro-Lockdown",NA,NA,2020-06-15,1101
"884","Pro-Biden","Pro-Lockdown","Neutral","Neutral",2020-07-12,1101
"885","Pro-Biden","Pro-Lockdown",NA,"Pro-Vax",2020-11-05,1105
"886","Pro-Biden","Pro-Lockdown",NA,"Neutral",2021-01-01,1105
"887","Pro-Biden","Pro-Lockdown","Pro-Mask",NA,2020-05-24,1107
"888","Pro-Biden","Pro-Lockdown",NA,NA,2020-06-16,1107
"889","Pro-Biden","Pro-Lockdown","Pro-Mask","Neutral",2020-09-12,1107
"890",NA,"Pro-Lockdown",NA,NA,2020-06-20,1110
"891","Neutral","Neutral",NA,"Neutral",2020-10-17,1110
"892",NA,"Neutral",NA,"Neutral",2020-12-23,1110
"893","Pro-Biden","Pro-Lockdown",NA,"Neutral",2020-11-09,1112
"894","Pro-Biden","Pro-Lockdown",NA,"Anti-Vax",2020-12-27,1112
"895","Neutral","Pro-Lockdown","Anti-Mask",NA,2020-06-22,1113
"896","Pro-Biden","Pro-Lockdown","Pro-Mask","Anti-Vax",2020-10-20,1113
"897",NA,"Pro-Lockdown",NA,"Neutral",2020-10-24,1113
"898",NA,"Pro-Lockdown",NA,"Neutral",2020-12-20,1113
"899",NA,"Pro-Lockdown",NA,"Pro-Vax",2021-02-09,1113
"900","Pro-Biden","Pro-Lockdown","Neutral",NA,2020-05-16,1116
"901","Pro-Biden","Pro-Lockdown","Pro-Mask","Pro-Vax",2020-08-09,1116
"902","Pro-Biden","Pro-Lockdown",NA,"Pro-Vax",2020-12-21,1122
"903","Pro-Biden","Pro-Lockdown",NA,"Pro-Vax",2021-02-28,1122
