<?xml version="1.0" encoding="UTF-8"?>
<typeSystemDescription xmlns="http://uima.apache.org/resourceSpecifier">
	<name>KallimachosPipelineTypesystem</name>
	<description />
	<version>1.0</version>
	<vendor />
	<types>
		<typeDescription>
			<name>de.uniwue.tueba.Sentence</name>
			<description />
			<supertypeName>uima.tcas.Annotation</supertypeName>
			<features>
				<featureDescription>
					<name>ID</name>
					<description />
					<rangeTypeName>uima.cas.String</rangeTypeName>
				</featureDescription>
			</features>
		</typeDescription>
		<typeDescription>
			<name>de.uniwue.tueba.Token</name>
			<description />
			<supertypeName>uima.tcas.Annotation</supertypeName>
			<features>
				<featureDescription>
					<name>ParseBit</name>
					<description />
					<rangeTypeName>uima.cas.String</rangeTypeName>
				</featureDescription>
				<featureDescription>
					<name>Lemma</name>
					<description />
					<rangeTypeName>uima.cas.String</rangeTypeName>
				</featureDescription>
				<featureDescription>
					<name>POS</name>
					<description />
					<rangeTypeName>uima.cas.String</rangeTypeName>
				</featureDescription>
				<featureDescription>
					<name>WordSense</name>
					<description />
					<rangeTypeName>uima.cas.String</rangeTypeName>
				</featureDescription>
				<featureDescription>
					<name>Coreference</name>
					<description />
					<rangeTypeName>uima.cas.String</rangeTypeName>
				</featureDescription>
				<featureDescription>
					<name>NamedEntity</name>
					<description />
					<rangeTypeName>uima.cas.String</rangeTypeName>
				</featureDescription>
			</features>
		</typeDescription>
				<typeDescription>
			<name>de.uniwue.kallimachos.type.XMLType</name>
			<description/>
			<supertypeName>uima.tcas.Annotation</supertypeName>
			<features>
				<featureDescription>
					<name>TagName</name>
					<description/>
					<rangeTypeName>uima.cas.String</rangeTypeName>
				</featureDescription>
				<featureDescription>
					<name>Attributes</name>
					<description/>
					<rangeTypeName>uima.cas.StringArray</rangeTypeName>
				</featureDescription>
				<featureDescription>
					<name>Parent</name>
					<description/>
					<rangeTypeName>uima.tcas.Annotation</rangeTypeName>
				</featureDescription>
				<featureDescription>
					<name>Children</name>
					<description/>
					<rangeTypeName>uima.cas.FSArray</rangeTypeName>
					<elementType>uima.tcas.Annotation</elementType>
				</featureDescription>
			</features>
		</typeDescription>
		<typeDescription>
			<name>de.uniwue.kalimachos.coref.type.TeiType</name>
			<description/>
			<supertypeName>uima.tcas.Annotation</supertypeName>
			<features>
				<featureDescription>
					<name>TagName</name>
					<description/>
					<rangeTypeName>uima.cas.String</rangeTypeName>
				</featureDescription>
				<featureDescription>
					<name>Attributes</name>
					<description/>
					<rangeTypeName>uima.cas.String</rangeTypeName>
				</featureDescription>
				<featureDescription>
					<name>Parent</name>
					<description/>
					<rangeTypeName>uima.tcas.Annotation</rangeTypeName>
				</featureDescription>
				<featureDescription>
					<name>Children</name>
					<description/>
					<rangeTypeName>uima.cas.FSArray</rangeTypeName>
					<elementType>uima.tcas.Annotation</elementType>
				</featureDescription>
			</features>
		</typeDescription>
		<typeDescription>
			<name>de.uniwue.kalimachos.coref.type.NamedEntity</name>
			<description />
			<supertypeName>uima.tcas.Annotation</supertypeName>
			<features>
				<featureDescription>
					<name>Name</name>
					<description />
					<rangeTypeName>uima.cas.String</rangeTypeName>
				</featureDescription>
				<featureDescription>
					<name>ID</name>
					<description />
					<rangeTypeName>uima.cas.String</rangeTypeName>
				</featureDescription>
				<featureDescription>
					<name>SystemID</name>
					<description />
					<rangeTypeName>uima.cas.String</rangeTypeName>
				</featureDescription>
								<featureDescription>
					<name>MappedID</name>
					<description />
					<rangeTypeName>uima.cas.String</rangeTypeName>
				</featureDescription>
				<featureDescription>
					<name>CoreNamedEntity</name>
					<description>The Type of the annotation, vaid values are:
						Core//Appleativ Abstrakta//Appelativ: part of fictional world
					</description>
					<rangeTypeName>uima.cas.String</rangeTypeName>
				</featureDescription>
				<featureDescription>
					<name>Numerus</name>
					<description />
					<rangeTypeName>uima.cas.String</rangeTypeName>
				</featureDescription>
				<featureDescription>
					<name>Pseudo</name>
					<description />
					<rangeTypeName>uima.cas.String</rangeTypeName>
				</featureDescription>
				<featureDescription>
					<name>CoreRange</name>
					<description>Contains the Span that represents the Core-Feature
					</description>
					<rangeTypeName>uima.cas.String</rangeTypeName>
				</featureDescription>
				<featureDescription>
					<name>Gender</name>
					<description />
					<rangeTypeName>uima.cas.String</rangeTypeName>
				</featureDescription>
				<featureDescription>
					<name>Uncertain</name>
					<description />
					<rangeTypeName>uima.cas.String</rangeTypeName>
				</featureDescription>
				<featureDescription>
					<name>NEType</name>
					<description>Appelativ Abstrakta // Core // Appleativ teil der
						fikt. Welt
					</description>
					<rangeTypeName>uima.cas.String</rangeTypeName>
				</featureDescription>
				<featureDescription>
					<name>IsImportant</name>
					<description />
					<rangeTypeName>uima.cas.String</rangeTypeName>
				</featureDescription>
				<featureDescription>
					<name>ResolvedReference</name>
					<description />
					<rangeTypeName>uima.tcas.Annotation</rangeTypeName>
				</featureDescription>
				<featureDescription>
					<name>Person</name>
					<description />
					<rangeTypeName>uima.cas.String</rangeTypeName>
				</featureDescription>
				<featureDescription>
					<name>Construction</name>
					<description />
					<rangeTypeName>uima.cas.String</rangeTypeName>
				</featureDescription>
				<featureDescription>
					<name>SemanticCategory</name>
					<description />
					<rangeTypeName>uima.cas.String</rangeTypeName>
				</featureDescription>
				<featureDescription>
					<name>SyntacticCategory</name>
					<description />
					<rangeTypeName>uima.cas.String</rangeTypeName>
				</featureDescription>
			</features>
		</typeDescription>
		<typeDescription>
			<name>NounPhraseDetection.GoldNps</name>
			<description>Type defined in null.NounPhraseDetection</description>
			<supertypeName>uima.tcas.Annotation</supertypeName>
		</typeDescription>
		<typeDescription>
			<name>NounPhraseDetection.CombNP</name>
			<description>Type defined in null.NounPhraseDetection</description>
			<supertypeName>uima.tcas.Annotation</supertypeName>
		</typeDescription>
		<typeDescription>
			<name>de.uniwue.kalimachos.coref.type.NamedEntityCompare</name>
			<description />
			<supertypeName>uima.tcas.Annotation</supertypeName>
			<features>
				<featureDescription>
					<name>Name</name>
					<description />
					<rangeTypeName>uima.cas.String</rangeTypeName>
				</featureDescription>
				<featureDescription>
					<name>ID</name>
					<description />
					<rangeTypeName>uima.cas.String</rangeTypeName>
				</featureDescription>
				<featureDescription>
					<name>CoreNamedEntity</name>
					<description />
					<rangeTypeName>uima.cas.String</rangeTypeName>
				</featureDescription>
				<featureDescription>
					<name>Numerus</name>
					<description />
					<rangeTypeName>uima.cas.String</rangeTypeName>
				</featureDescription>
				<featureDescription>
					<name>Pseudo</name>
					<description />
					<rangeTypeName>uima.cas.String</rangeTypeName>
				</featureDescription>
			</features>
		</typeDescription>
		<typeDescription>
			<name>de.uniwue.kalimachos.coref.type.HeuristikToken</name>
			<description />
			<supertypeName>uima.tcas.Annotation</supertypeName>
		</typeDescription>
		<typeDescription>
			<name>de.uniwue.kalimachos.coref.type.athenWarningType</name>
			<description />
			<supertypeName>uima.tcas.Annotation</supertypeName>
			<features>
				<featureDescription>
					<name>ErrorMessage</name>
					<description />
					<rangeTypeName>uima.cas.String</rangeTypeName>
				</featureDescription>
				<featureDescription>
					<name>ErrorType</name>
					<description />
					<rangeTypeName>uima.cas.String</rangeTypeName>
				</featureDescription>

			</features>
		</typeDescription>
		<typeDescription>
			<name>de.uniwue.kalimachos.coref.type.WSDType</name>
			<description />
			<supertypeName>uima.tcas.Annotation</supertypeName>
			<features>
				<featureDescription>
					<name>Category</name>
					<description />
					<rangeTypeName>uima.cas.String</rangeTypeName>
				</featureDescription>
				<featureDescription>
					<name>Candidates</name>
					<description />
					<rangeTypeName>uima.cas.String</rangeTypeName>
				</featureDescription>
			</features>
		</typeDescription>
		<typeDescription>
			<name>de.uniwue.kalimachos.coref.type.AlreadyHandled</name>
			<description />
			<supertypeName>uima.tcas.Annotation</supertypeName>
			<features>
				<featureDescription>
					<name>Change</name>
					<description />
					<rangeTypeName>uima.cas.String</rangeTypeName>
				</featureDescription>
			</features>
		</typeDescription>
		<typeDescription>
			<name>de.uniwue.kalimachos.coref.type.TP</name>
			<description />
			<supertypeName>uima.tcas.Annotation</supertypeName>
		</typeDescription>
		<typeDescription>
			<name>de.uniwue.kalimachos.coref.type.FP</name>
			<description />
			<supertypeName>uima.tcas.Annotation</supertypeName>
		</typeDescription>
		<typeDescription>
			<name>de.uniwue.kalimachos.coref.type.FN</name>
			<description />
			<supertypeName>uima.tcas.Annotation</supertypeName>
		</typeDescription>
		<typeDescription>
			<name>de.uniwue.kalimachos.coref.type.WSDAlreadyHandled</name>
			<description />
			<supertypeName>uima.tcas.Annotation</supertypeName>
		</typeDescription>
		<typeDescription>
			<name>de.uniwue.kalimachos.coref.type.Sentence</name>
			<description />
			<supertypeName>uima.tcas.Annotation</supertypeName>
			<features>
				<featureDescription>
					<name>ConstituencyParse</name>
					<description>Full output of Stanford</description>
					<rangeTypeName>uima.cas.String</rangeTypeName>
				</featureDescription>
				<featureDescription>
					<name>Dialekt</name>
					<description />
					<rangeTypeName>uima.cas.String</rangeTypeName>
				</featureDescription>
			</features>
		</typeDescription>
		<typeDescription>
			<name>de.uniwue.kalimachos.coref.type.Token</name>
			<description />
			<supertypeName>uima.tcas.Annotation</supertypeName>
		</typeDescription>
		<typeDescription>
			<name>de.uniwue.kallimachos.coref.type.SubwordToken</name>
			<description />
			<supertypeName>uima.tcas.Annotation</supertypeName>
		</typeDescription>
		<typeDescription>
			<name>de.uniwue.kalimachos.coref.type.POS</name>
			<description />
			<supertypeName>uima.tcas.Annotation</supertypeName>
			<features>
				<featureDescription>
					<name>POSTag</name>
					<description />
					<rangeTypeName>uima.cas.String</rangeTypeName>
				</featureDescription>
				<featureDescription>
					<name>Lemma</name>
					<description />
					<rangeTypeName>uima.cas.String</rangeTypeName>
				</featureDescription>
				<featureDescription>
					<name>Stem</name>
					<description />
					<rangeTypeName>uima.cas.String</rangeTypeName>
				</featureDescription>
				<featureDescription>
					<name>CompoundSplit</name>
					<description>Has the split of a compound word in the form
						&lt;part&gt; &lt;part&gt;...</description>
					<rangeTypeName>uima.cas.String</rangeTypeName>
				</featureDescription>
				<featureDescription>
					<name>DialektArray</name>
					<description />
					<rangeTypeName>uima.cas.StringArray</rangeTypeName>
				</featureDescription>
				<featureDescription>
					<name>CoveringSentence</name>
					<description />
					<rangeTypeName>uima.tcas.Annotation</rangeTypeName>
				</featureDescription>
				<featureDescription>
					<name>ClassifierTemp</name>
					<description>This field can be abused to store information in the
						token
					</description>
					<rangeTypeName>uima.cas.String</rangeTypeName>
				</featureDescription>
				<featureDescription>
					<name>Confidence</name>
					<description />
					<rangeTypeName>uima.cas.String</rangeTypeName>
				</featureDescription>
				<featureDescription>
					<name>ClassifierTemp2</name>
					<description />
					<rangeTypeName>uima.cas.String</rangeTypeName>
				</featureDescription>
				<featureDescription>
					<name>ClassifierTemp3</name>
					<description />
					<rangeTypeName>uima.cas.String</rangeTypeName>
				</featureDescription>
			</features>
		</typeDescription>
		<typeDescription>
			<name>de.uniwue.kalimachos.coref.type.Chunk</name>
			<description />
			<supertypeName>uima.tcas.Annotation</supertypeName>
			<features>
				<featureDescription>
					<name>ChunkType</name>
					<description />
					<rangeTypeName>uima.cas.String</rangeTypeName>
				</featureDescription>
			</features>
		</typeDescription>
		<typeDescription>
			<name>de.uniwue.kalimachos.coref.type.Morphology</name>
			<description />
			<supertypeName>uima.tcas.Annotation</supertypeName>
			<features>
				<featureDescription>
					<name>Gender</name>
					<description />
					<rangeTypeName>uima.cas.String</rangeTypeName>
				</featureDescription>
				<featureDescription>
					<name>Kasus</name>
					<description />
					<rangeTypeName>uima.cas.String</rangeTypeName>
				</featureDescription>
				<featureDescription>
					<name>Number</name>
					<description />
					<rangeTypeName>uima.cas.String</rangeTypeName>
				</featureDescription>
				<featureDescription>
					<name>Komparation</name>
					<description />
					<rangeTypeName>uima.cas.String</rangeTypeName>
				</featureDescription>
				<featureDescription>
					<name>Person</name>
					<description />
					<rangeTypeName>uima.cas.String</rangeTypeName>
				</featureDescription>
			</features>
		</typeDescription>
		<typeDescription>
			<name>de.uniwue.kalimachos.coref.type.DependencyParse</name>
			<description />
			<supertypeName>uima.tcas.Annotation</supertypeName>
			<features>
				<featureDescription>
					<name>Headname</name>
					<description />
					<rangeTypeName>uima.cas.String</rangeTypeName>
				</featureDescription>
				<featureDescription>
					<name>WordNumber</name>
					<description />
					<rangeTypeName>uima.cas.Integer</rangeTypeName>
				</featureDescription>
				<featureDescription>
					<name>DependencyRelation</name>
					<description />
					<rangeTypeName>uima.cas.String</rangeTypeName>
				</featureDescription>
				<featureDescription>
					<name>HeadAnnotation</name>
					<description>The Annotation where it points to !</description>
					<rangeTypeName>uima.tcas.Annotation</rangeTypeName>
				</featureDescription>
			</features>
		</typeDescription>
		<typeDescription>
			<name>de.uniwue.kalimachos.coref.type.StanFordNamedEntity</name>
			<description />
			<supertypeName>uima.tcas.Annotation</supertypeName>
			<features>
				<featureDescription>
					<name>EntityType</name>
					<description />
					<rangeTypeName>uima.cas.String</rangeTypeName>
				</featureDescription>
			</features>
		</typeDescription>
		<typeDescription>
			<name>de.uniwue.kalimachos.coref.type.StanfordParse</name>
			<description />
			<supertypeName>uima.tcas.Annotation</supertypeName>
			<features>
				<featureDescription>
					<name>Children</name>
					<description />
					<rangeTypeName>uima.cas.String</rangeTypeName>
				</featureDescription>
				<featureDescription>
					<name>PhraseType</name>
					<description />
					<rangeTypeName>uima.cas.String</rangeTypeName>
				</featureDescription>
				<featureDescription>
					<name>ChildrenAnnos</name>
					<description />
					<rangeTypeName>uima.cas.FSArray</rangeTypeName>
					<elementType>uima.tcas.Annotation</elementType>
				</featureDescription>
				<featureDescription>
					<name>Parent</name>
					<description />
					<rangeTypeName>uima.tcas.Annotation</rangeTypeName>
				</featureDescription>
			</features>
		</typeDescription>
		<typeDescription>
			<name>de.uniwue.kalimachos.coref.type.ChallengeNE</name>
			<description />
			<supertypeName>uima.tcas.Annotation</supertypeName>
			<features>
				<featureDescription>
					<name>FirstNE</name>
					<description />
					<rangeTypeName>uima.cas.String</rangeTypeName>
				</featureDescription>
				<featureDescription>
					<name>SecondNE</name>
					<description />
					<rangeTypeName>uima.cas.String</rangeTypeName>
				</featureDescription>
			</features>
		</typeDescription>
		<typeDescription>
			<name>de.uniwue.kalimachos.coref.type.JRCNamedEntity</name>
			<description />
			<supertypeName>uima.tcas.Annotation</supertypeName>
			<features>
				<featureDescription>
					<name>EntityType</name>
					<description />
					<rangeTypeName>uima.cas.String</rangeTypeName>
				</featureDescription>
			</features>
		</typeDescription>
		<typeDescription>
			<name>de.uniwue.kalimachos.coref.type.OpenNlpMaxEntPerson</name>
			<description />
			<supertypeName>uima.tcas.Annotation</supertypeName>
		</typeDescription>
		<typeDescription>
			<name>de.uniwue.kalimachos.coref.type.finalPrepPhrase</name>
			<description />
			<supertypeName>uima.tcas.Annotation</supertypeName>
		</typeDescription>
		<typeDescription>
			<name>de.uniwue.kalimachos.coref.type.temporalPrepPhrase</name>
			<description />
			<supertypeName>uima.tcas.Annotation</supertypeName>
		</typeDescription>
		<typeDescription>
			<name>de.uniwue.kalimachos.coref.type.germaNetSemantics</name>
			<description />
			<supertypeName>uima.tcas.Annotation</supertypeName>
			<features>
				<featureDescription>
					<name>Categorie</name>
					<description />
					<rangeTypeName>uima.cas.StringArray</rangeTypeName>
				</featureDescription>
			</features>
		</typeDescription>
		<typeDescription>
			<name>de.uniwue.kalimachos.coref.type.PolarityClue</name>
			<description />
			<supertypeName>uima.tcas.Annotation</supertypeName>
			<features>
				<featureDescription>
					<name>polarityClue</name>
					<description />
					<rangeTypeName>uima.cas.String</rangeTypeName>
				</featureDescription>
			</features>
		</typeDescription>
		<typeDescription>
			<name>de.uniwue.kalimachos.coref.type.AttributeType</name>
			<description />
			<supertypeName>uima.tcas.Annotation</supertypeName>
			<features>
				<featureDescription>
					<name>ID</name>
					<description>Points to the ID of the Person where this attribute
						belongs to
					</description>
					<rangeTypeName>uima.cas.String</rangeTypeName>
				</featureDescription>
			</features>
		</typeDescription>
		<typeDescription>
			<name>de.uniwue.kalimachos.coref.type.Attribute</name>
			<description>This Annotation is used in ATHEN for the relation view
			</description>
			<supertypeName>uima.tcas.Annotation</supertypeName>
			<features>
				<featureDescription>
					<name>AttributeID</name>
					<description>this is the id of the person this attribute is
						attached to.
						this allows only a feature to mentionCluster mapping
						but since each
						instance of a person itself has a list of attributes
						attached to
						that appearance it seems okay
					</description>
					<rangeTypeName>uima.cas.String</rangeTypeName>
				</featureDescription>
				<featureDescription>
					<name>Priority</name>
					<description>An important Attribute ????</description>
					<rangeTypeName>uima.cas.String</rangeTypeName>
				</featureDescription>
				<featureDescription>
					<name>Temporary</name>
					<description>is it a temporary Attreibute ? ( actually its a
						boolean but i hate to distinguish in my app)
					</description>
					<rangeTypeName>uima.cas.String</rangeTypeName>
				</featureDescription>
				<featureDescription>
					<name>Category</name>
					<description />
					<rangeTypeName>uima.cas.String</rangeTypeName>
				</featureDescription>
				<featureDescription>
					<name>NamedEntity</name>
					<description />
					<rangeTypeName>de.uniwue.kalimachos.coref.type.NamedEntity
					</rangeTypeName>
				</featureDescription>
				<featureDescription>
					<name>Uncertain</name>
					<description />
					<rangeTypeName>uima.cas.String</rangeTypeName>
				</featureDescription>
			</features>
		</typeDescription>
		<typeDescription>
			<name>de.uniwue.kalimachos.coref.type.AttributeAlreadyHandled</name>
			<description />
			<supertypeName>uima.tcas.Annotation</supertypeName>
		</typeDescription>
		<typeDescription>
			<name>de.uniwue.kalimachos.coref.type.DummyPersonColorOverride</name>
			<description />
			<supertypeName>uima.tcas.Annotation</supertypeName>
			<features>
				<featureDescription>
					<name>Value</name>
					<description />
					<rangeTypeName>uima.cas.String</rangeTypeName>
				</featureDescription>
			</features>
		</typeDescription>
		<typeDescription>
			<name>de.uniwue.kalimachos.coref.type.NEDummyHighlightType</name>
			<description />
			<supertypeName>uima.tcas.Annotation</supertypeName>
		</typeDescription>
		<typeDescription>
			<name>de.uniwue.kalimachos.coref.type.ChunkOverride</name>
			<description />
			<supertypeName>uima.tcas.Annotation</supertypeName>
		</typeDescription>
		<typeDescription>
			<name>de.uniwue.kalimachos.coref.type.NPChunk</name>
			<description />
			<supertypeName>uima.tcas.Annotation</supertypeName>
		</typeDescription>
		<typeDescription>
			<name>de.uniwue.kalimachos.coref.type.DepOverride</name>
			<description />
			<supertypeName>uima.tcas.Annotation</supertypeName>
		</typeDescription>
		<typeDescription>
			<name>de.uniwue.kalimachos.coref.type.DSOverride</name>
			<description />
			<supertypeName>uima.tcas.Annotation</supertypeName>
		</typeDescription>
		<typeDescription>
			<name>de.uniwue.kalimachos.coref.type.DirectSpeech</name>
			<description />
			<supertypeName>uima.tcas.Annotation</supertypeName>
			<features>
				<featureDescription>
					<name>ID</name>
					<description />
					<rangeTypeName>uima.cas.String</rangeTypeName>
				</featureDescription>
				<featureDescription>
					<name>Speaker</name>
					<description />
					<rangeTypeName>uima.tcas.Annotation</rangeTypeName>
				</featureDescription>
				<featureDescription>
					<name>SpokenTo</name>
					<description />
					<rangeTypeName>uima.tcas.Annotation</rangeTypeName>
				</featureDescription>
				<featureDescription>
					<name>SpeakerArray</name>
					<description />
					<rangeTypeName>uima.cas.FSArray</rangeTypeName>
					<elementType>uima.tcas.Annotation</elementType>
				</featureDescription>
				<featureDescription>
					<name>Contexts</name>
					<description />
					<rangeTypeName>uima.cas.FSArray</rangeTypeName>
					<elementType>de.uniwue.kalimachos.coref.type.DirectSpeechContext</elementType>
				</featureDescription>
				<featureDescription>
					<name>SpokenToArray</name>
					<description />
					<rangeTypeName>uima.cas.FSArray</rangeTypeName>
					<elementType>uima.tcas.Annotation</elementType>
				</featureDescription>
				<featureDescription>
					<name>Category</name>
					<description />
					<rangeTypeName>uima.cas.String</rangeTypeName>
				</featureDescription>
				<featureDescription>
					<name>UnknownSpeaker</name>
					<description />
					<rangeTypeName>uima.cas.String</rangeTypeName>
				</featureDescription>
				<featureDescription>
					<name>UnknownSpokenTo</name>
					<description />
					<rangeTypeName>uima.cas.String</rangeTypeName>
				</featureDescription>
			</features>
		</typeDescription>
		<typeDescription>
			<name>de.uniwue.kalimachos.coref.type.DirectSpeechSystem</name>
			<description />
			<supertypeName>uima.tcas.Annotation</supertypeName>
			<features>
				<featureDescription>
					<name>ID</name>
					<description />
					<rangeTypeName>uima.cas.String</rangeTypeName>
				</featureDescription>
				<featureDescription>
					<name>SpeakerRule</name>
					<description />
					<rangeTypeName>uima.cas.String</rangeTypeName>
				</featureDescription>
				<featureDescription>
					<name>SpokenToRule</name>
					<description />
					<rangeTypeName>uima.cas.String</rangeTypeName>
				</featureDescription>
				<featureDescription>
					<name>SpeakerConfidence</name>
					<description />
					<rangeTypeName>uima.cas.Integer</rangeTypeName>
				</featureDescription>
				<featureDescription>
					<name>SpokenToConfidence</name>
					<description />
					<rangeTypeName>uima.cas.Integer</rangeTypeName>
				</featureDescription>
				<featureDescription>
					<name>Speaker</name>
					<description />
					<rangeTypeName>de.uniwue.kalimachos.coref.type.NamedEntity
					</rangeTypeName>
				</featureDescription>
				<featureDescription>
					<name>SpokenTo</name>
					<description />
					<rangeTypeName>de.uniwue.kalimachos.coref.type.NamedEntity
					</rangeTypeName>
				</featureDescription>
			</features>
		</typeDescription>
		<typeDescription>
			<name>de.uniwue.kalimachos.coref.type.SpeechVerb</name>
			<description />
			<supertypeName>uima.tcas.Annotation</supertypeName>
		</typeDescription>
		<typeDescription>
			<name>de.uniwue.kalimachos.coref.type.DialogType</name>
			<description />
			<supertypeName>uima.tcas.Annotation</supertypeName>
		</typeDescription>
		<typeDescription>
			<name>de.uniwue.kalimachos.coref.type.TeiType</name>
			<description />
			<supertypeName>uima.tcas.Annotation</supertypeName>
			<features>
				<featureDescription>
					<name>TagName</name>
					<description />
					<rangeTypeName>uima.cas.String</rangeTypeName>
				</featureDescription>
				<featureDescription>
					<name>Attributes</name>
					<description />
					<rangeTypeName>uima.cas.String</rangeTypeName>
				</featureDescription>
				<featureDescription>
					<name>Parent</name>
					<description />
					<rangeTypeName>uima.tcas.Annotation</rangeTypeName>
				</featureDescription>
				<featureDescription>
					<name>Children</name>
					<description />
					<rangeTypeName>uima.cas.FSArray</rangeTypeName>
					<elementType>uima.tcas.Annotation</elementType>
				</featureDescription>
			</features>
		</typeDescription>
		<typeDescription>
			<name>de.uniwue.kalimachos.coref.type.Chapter</name>
			<description />
			<supertypeName>uima.tcas.Annotation</supertypeName>
			<features>
				<featureDescription>
					<name>Enumeration</name>
					<description />
					<rangeTypeName>uima.cas.String</rangeTypeName>
				</featureDescription>
			</features>
		</typeDescription>
		<typeDescription>
			<name>de.uniwue.kalimachos.coref.type.Paragraph</name>
			<description />
			<supertypeName>uima.tcas.Annotation</supertypeName>
			<features>
				<featureDescription>
					<name>PragraphType</name>
					<description />
					<rangeTypeName>uima.cas.String</rangeTypeName>
				</featureDescription>
								<featureDescription>
					<name>MetaInfo</name>
					<description />
					<rangeTypeName>uima.cas.String</rangeTypeName>
				</featureDescription>
			</features>
		</typeDescription>
		<typeDescription>
			<name>de.uniwue.kalimachos.coref.type.Scene</name>
			<description />
			<supertypeName>uima.tcas.Annotation</supertypeName>
			<features>
				<featureDescription>
					<name>Scenetype</name>
					<description />
					<rangeTypeName>uima.cas.String</rangeTypeName>
				</featureDescription>
			</features>
		</typeDescription>
		<typeDescription>
			<name>de.uniwue.kalimachos.coref.type.Mentiontype</name>
			<description/>
			<supertypeName>uima.tcas.Annotation</supertypeName>
			<features>
				<featureDescription>
					<name>CoveringSentence</name>
					<description/>
					<rangeTypeName>uima.tcas.Annotation
					</rangeTypeName>
				</featureDescription>
				<featureDescription>
					<name>CoveringDirectSpeech</name>
					<description/>
					<rangeTypeName>uima.tcas.Annotation
					</rangeTypeName>
				</featureDescription>
				<featureDescription>
					<name>CoveringChunk</name>
					<description/>
					<rangeTypeName>uima.tcas.Annotation
					</rangeTypeName>
				</featureDescription>
				<featureDescription>
					<name>MentionType</name>
					<description/>
					<rangeTypeName>uima.cas.String</rangeTypeName>
				</featureDescription>
				<featureDescription>
					<name>Gender</name>
					<description/>
					<rangeTypeName>uima.cas.String</rangeTypeName>
				</featureDescription>
				<featureDescription>
					<name>Numerus</name>
					<description/>
					<rangeTypeName>uima.cas.String</rangeTypeName>
				</featureDescription>
				<featureDescription>
					<name>Person</name>
					<description/>
					<rangeTypeName>uima.cas.String</rangeTypeName>
				</featureDescription>
				<featureDescription>
					<name>Construction</name>
					<description/>
					<rangeTypeName>uima.cas.String</rangeTypeName>
				</featureDescription>
				<featureDescription>
					<name>Age</name>
					<description/>
					<rangeTypeName>uima.cas.String</rangeTypeName>
				</featureDescription>
				<featureDescription>
					<name>AdditionalInformation</name>
					<description/>
					<rangeTypeName>uima.cas.StringArray</rangeTypeName>
				</featureDescription>
			</features>
		</typeDescription>
		<typeDescription>
			<name>de.uniwue.kalimachos.coref.type.Sentencepart</name>
			<description />
			<supertypeName>uima.tcas.Annotation</supertypeName>
			<features>
				<featureDescription>
					<name>PartType</name>
					<description>Either Parataxis or hypotaxis</description>
					<rangeTypeName>uima.cas.String</rangeTypeName>
				</featureDescription>
			</features>
		</typeDescription>
		<typeDescription>
			<name>de.salsa.sentence</name>
			<description />
			<supertypeName>uima.tcas.Annotation</supertypeName>
			<features>
				<featureDescription>
					<name>SentId</name>
					<description />
					<rangeTypeName>uima.cas.String</rangeTypeName>
				</featureDescription>
			</features>
		</typeDescription>
		<typeDescription>
			<name>de.salsa.token</name>
			<description />
			<supertypeName>uima.tcas.Annotation</supertypeName>
			<features>
				<featureDescription>
					<name>Word</name>
					<description />
					<rangeTypeName>uima.cas.String</rangeTypeName>
				</featureDescription>
				<featureDescription>
					<name>Morph</name>
					<description />
					<rangeTypeName>uima.cas.String</rangeTypeName>
				</featureDescription>
				<featureDescription>
					<name>Gender</name>
					<description />
					<rangeTypeName>uima.cas.String</rangeTypeName>
				</featureDescription>
				<featureDescription>
					<name>Case</name>
					<description />
					<rangeTypeName>uima.cas.String</rangeTypeName>
				</featureDescription>
				<featureDescription>
					<name>Lemma</name>
					<description />
					<rangeTypeName>uima.cas.String</rangeTypeName>
				</featureDescription>
				<featureDescription>
					<name>Id</name>
					<description />
					<rangeTypeName>uima.cas.String</rangeTypeName>
				</featureDescription>
				<featureDescription>
					<name>Person</name>
					<description />
					<rangeTypeName>uima.cas.String</rangeTypeName>
				</featureDescription>
				<featureDescription>
					<name>Tense</name>
					<description />
					<rangeTypeName>uima.cas.String</rangeTypeName>
				</featureDescription>
				<featureDescription>
					<name>Mood</name>
					<description />
					<rangeTypeName>uima.cas.String</rangeTypeName>
				</featureDescription>
				<featureDescription>
					<name>Degree</name>
					<description />
					<rangeTypeName>uima.cas.String</rangeTypeName>
				</featureDescription>
				<featureDescription>
					<name>Pos</name>
					<description />
					<rangeTypeName>uima.cas.String</rangeTypeName>
				</featureDescription>
				<featureDescription>
					<name>Number</name>
					<description />
					<rangeTypeName>uima.cas.String</rangeTypeName>
				</featureDescription>
				<featureDescription>
					<name>none</name>
					<description />
					<rangeTypeName>uima.cas.String</rangeTypeName>
				</featureDescription>
			</features>
		</typeDescription>
		<typeDescription>
			<name>de.salsa.nonterminal</name>
			<description />
			<supertypeName>uima.tcas.Annotation</supertypeName>
			<features>
				<featureDescription>
					<name>edges</name>
					<description>An array of edges, each entry consists out of 2 parts
						1. an id of a token ( or a nonterminal itself )
						2. syntatctic
						category of that edge

						both are stored as 1 string with those 2
						attributes separated by a
						colon ':'
					</description>
					<rangeTypeName>uima.cas.StringArray</rangeTypeName>
				</featureDescription>
				<featureDescription>
					<name>Id</name>
					<description />
					<rangeTypeName>uima.cas.String</rangeTypeName>
				</featureDescription>
				<featureDescription>
					<name>Category</name>
					<description />
					<rangeTypeName>uima.cas.String</rangeTypeName>
				</featureDescription>
			</features>
		</typeDescription>
		<typeDescription>
			<name>de.salsa.frame</name>
			<description />
			<supertypeName>uima.tcas.Annotation</supertypeName>
			<features>
				<featureDescription>
					<name>Name</name>
					<description />
					<rangeTypeName>uima.cas.String</rangeTypeName>
				</featureDescription>
				<featureDescription>
					<name>Id</name>
					<description />
					<rangeTypeName>uima.cas.String</rangeTypeName>
				</featureDescription>
				<featureDescription>
					<name>Target</name>
					<description />
					<rangeTypeName>uima.cas.String</rangeTypeName>
				</featureDescription>
				<featureDescription>
					<name>FrameEntries</name>
					<description>Contains framentries, each entry has 3 entires itself,
						id;name;idref

						those are separated by a colon ':'
					</description>
					<rangeTypeName>uima.cas.StringArray</rangeTypeName>
				</featureDescription>
			</features>
		</typeDescription>
		<typeDescription>
			<name>de.uniwue.kalimachos.coref.type.Speaker</name>
			<description />
			<supertypeName>uima.tcas.Annotation</supertypeName>
		</typeDescription>
		<typeDescription>
			<name>de.uniwue.kalimachos.coref.type.Interaktion</name>
			<description />
			<supertypeName>uima.tcas.Annotation</supertypeName>
			<features>
				<featureDescription>
					<name>Agent</name>
					<description />
					<rangeTypeName>uima.tcas.Annotation</rangeTypeName>
				</featureDescription>
				<featureDescription>
					<name>Recipient</name>
					<description />
					<rangeTypeName>uima.tcas.Annotation</rangeTypeName>
				</featureDescription>
			</features>
		</typeDescription>
		<typeDescription>
			<name>de.uniwue.kalimachos.coref.type.Conversation</name>
			<description />
			<supertypeName>de.uniwue.kalimachos.coref.type.Interaktion
			</supertypeName>
			<features>
				<featureDescription>
					<name>Directspeech</name>
					<description />
					<rangeTypeName>uima.tcas.Annotation</rangeTypeName>
				</featureDescription>
			</features>
		</typeDescription>
		<typeDescription>
			<name>de.uniwue.kalimachos.coref.type.Phrase</name>
			<description />
			<supertypeName>uima.tcas.Annotation</supertypeName>
			<features>
				<featureDescription>
					<name>Type</name>
					<description />
					<rangeTypeName>uima.cas.String</rangeTypeName>
				</featureDescription>
				<featureDescription>
					<name>Head</name>
					<description />
					<rangeTypeName>uima.tcas.Annotation</rangeTypeName>
				</featureDescription>
			</features>
		</typeDescription>
		<typeDescription>
			<name>de.uniwue.kalimachos.coref.type.RFTagType</name>
			<description />
			<supertypeName>uima.tcas.Annotation</supertypeName>
			<features>
				<featureDescription>
					<name>Tag</name>
					<description />
					<rangeTypeName>uima.cas.String</rangeTypeName>
				</featureDescription>
			</features>
		</typeDescription>
		<typeDescription>
			<name>de.uniwue.kalimachos.coref.type.Relation</name>
			<description />
			<supertypeName>uima.tcas.Annotation</supertypeName>
			<features>
				<featureDescription>
					<name>Agens</name>
					<description />
					<rangeTypeName>uima.tcas.Annotation</rangeTypeName>
				</featureDescription>
				<featureDescription>
					<name>Agens2</name>
					<description />
					<rangeTypeName>uima.tcas.Annotation</rangeTypeName>
				</featureDescription>
				<featureDescription>
					<name>Type</name>
					<description />
					<rangeTypeName>uima.cas.String</rangeTypeName>
				</featureDescription>
				<featureDescription>
					<name>Description</name>
					<description />
					<rangeTypeName>uima.cas.String</rangeTypeName>
				</featureDescription>
				<featureDescription>
					<name>Confidence</name>
					<description />
					<rangeTypeName>uima.cas.String</rangeTypeName>
				</featureDescription>
				<featureDescription>
					<name>Attribut</name>
					<description />
					<rangeTypeName>uima.tcas.Annotation</rangeTypeName>
				</featureDescription>
				<featureDescription>
					<name>Subjectivity</name>
					<description>Scope: Erzähler/ Person/ Unbekannt</description>
					<rangeTypeName>uima.cas.String</rangeTypeName>
				</featureDescription>
				<featureDescription>
					<name>Tempus</name>
					<description>Ist das Attribut aktuell vergangen oder in der zukunft
					</description>
					<rangeTypeName>uima.cas.String</rangeTypeName>
				</featureDescription>
				<featureDescription>
					<name>Explicity</name>
					<description>ist das Attribut explizit genannt oder implizit
					</description>
					<rangeTypeName>uima.cas.String</rangeTypeName>
				</featureDescription>
				<featureDescription>
					<name>Truth</name>
					<description>Kann man damit rechnen, dass das Attribut der Wahrheit
						entspricht ?
					</description>
					<rangeTypeName>uima.cas.String</rangeTypeName>
				</featureDescription>
				<featureDescription>
					<name>Konjunktiv</name>
					<description>Ist das Attribut im konjunktiv genannt ?</description>
					<rangeTypeName>uima.cas.String</rangeTypeName>
				</featureDescription>
			</features>
		</typeDescription>
		<typeDescription>
			<name>de.uniwue.kalimachos.coref.type.FamilyRelationIndicator</name>
			<description />
			<supertypeName>uima.tcas.Annotation</supertypeName>
		</typeDescription>
		<typeDescription>
			<name>de.uniwue.kalimachos.coref.type.DirectSpeechContext</name>
			<description />
			<supertypeName>uima.tcas.Annotation</supertypeName>
			<features>
				<featureDescription>
					<name>ContextType</name>
					<description />
					<rangeTypeName>uima.cas.String</rangeTypeName>
				</featureDescription>
				<featureDescription>
					<name>ContextBoundLevel</name>
					<description />
					<rangeTypeName>uima.cas.String</rangeTypeName>
				</featureDescription>
				<featureDescription>
					<name>Context</name>
					<description />
					<rangeTypeName>uima.cas.String</rangeTypeName>
				</featureDescription>
				<featureDescription>
					<name>DirectSpeech</name>
					<description />
					<rangeTypeName>uima.tcas.Annotation</rangeTypeName>
				</featureDescription>
			</features>
		</typeDescription>
		<typeDescription>
			<name>de.uniwue.kalimachos.coref.type.DummyAccessType</name>
			<description>Type with highest priority to assure correct indexes
			</description>
			<supertypeName>uima.tcas.Annotation</supertypeName>
		</typeDescription>
		<typeDescription>
			<name>de.uniwue.kallimachos.coref.type.Scene</name>
			<description />
			<supertypeName>uima.tcas.Annotation</supertypeName>
			<features>
				<featureDescription>
					<name>SceneMarker</name>
					<description>All Scenemarker in this scene, they indicate the
						beginning or end of this scene
					</description>
					<rangeTypeName>uima.cas.FSArray</rangeTypeName>
					<elementType>de.uniwue.kallimachos.coref.type.SceneMarker
					</elementType>
				</featureDescription>
				<featureDescription>
					<name>Type</name>
					<description />
					<rangeTypeName>uima.cas.String</rangeTypeName>
				</featureDescription>
				<featureDescription>
					<name>Link</name>
					<description>A scene can be linked to another scene</description>
					<rangeTypeName>de.uniwue.kalimachos.coref.type.Scene
					</rangeTypeName>
				</featureDescription>
				<featureDescription>
					<name>Name</name>
					<description />
					<rangeTypeName>uima.cas.String</rangeTypeName>
				</featureDescription>
				<featureDescription>
					<name>Covered</name>
					<description>is that scene embedded in another scene?</description>
					<rangeTypeName>uima.cas.String</rangeTypeName>
				</featureDescription>
			</features>
		</typeDescription>
		<typeDescription>
			<name>de.uniwue.kallimachos.coref.type.SceneMarker</name>
			<description />
			<supertypeName>uima.tcas.Annotation</supertypeName>
			<features>
				<featureDescription>
					<name>Type</name>
					<description />
					<rangeTypeName>uima.cas.String</rangeTypeName>
				</featureDescription>
			</features>
		</typeDescription>
		<typeDescription>
			<name>de.uniwue.medIE.Attribute</name>
			<description />
			<supertypeName>uima.tcas.Annotation</supertypeName>
			<features>
				<featureDescription>
					<name>IsGold</name>
					<description />
					<rangeTypeName>uima.cas.String</rangeTypeName>
				</featureDescription>
				<featureDescription>
					<name>Values</name>
					<description />
					<rangeTypeName>uima.cas.FSArray</rangeTypeName>
				</featureDescription>
				<featureDescription>
					<name>ID</name>
					<description />
					<rangeTypeName>uima.cas.String</rangeTypeName>
				</featureDescription>
			</features>
		</typeDescription>
		<typeDescription>
			<name>de.uniwue.medIE.Value</name>
			<description />
			<supertypeName>uima.tcas.Annotation</supertypeName>
			<features>
				<featureDescription>
					<name>IsGold</name>
					<description />
					<rangeTypeName>uima.cas.String</rangeTypeName>
				</featureDescription>
				<featureDescription>
					<name>Attribute</name>
					<description />
					<rangeTypeName>uima.tcas.Annotation</rangeTypeName>
				</featureDescription>
				<featureDescription>
					<name>ID</name>
					<description />
					<rangeTypeName>uima.cas.String</rangeTypeName>
				</featureDescription>
			</features>
		</typeDescription>
		<typeDescription>
			<name>de.uniwue.medIE.Eval</name>
			<description />
			<supertypeName>uima.tcas.Annotation</supertypeName>
			<features>
				<featureDescription>
					<name>Type</name>
					<description />
					<rangeTypeName>uima.cas.String</rangeTypeName>
				</featureDescription>
			</features>
		</typeDescription>
		<typeDescription>
			<name>de.uniwue.kallimachos.coref.type.GrammaticUnit</name>
			<description />
			<supertypeName>uima.tcas.Annotation</supertypeName>
			<features>
				<featureDescription>
					<name>Phrasetype</name>
					<description />
					<rangeTypeName>uima.cas.String</rangeTypeName>
				</featureDescription>
				<featureDescription>
					<name>ID</name>
					<description />
					<rangeTypeName>uima.cas.String</rangeTypeName>
				</featureDescription>
				<featureDescription>
					<name>Semantic</name>
					<description />
					<rangeTypeName>uima.cas.String</rangeTypeName>
				</featureDescription>
				<featureDescription>
					<name>SemanticRole</name>
					<description />
					<rangeTypeName>uima.cas.String</rangeTypeName>
				</featureDescription>
				<featureDescription>
					<name>SyntacticHead</name>
					<description />
					<rangeTypeName>uima.tcas.Annotation</rangeTypeName>
				</featureDescription>
				<featureDescription>
					<name>SyntacticRole</name>
					<description />
					<rangeTypeName>uima.cas.String</rangeTypeName>
				</featureDescription>
				<featureDescription>
					<name>Layer</name>
					<description>The Layer in the tree</description>
					<rangeTypeName>uima.cas.String</rangeTypeName>
				</featureDescription>
				<featureDescription>
					<name>IsSelected</name>
					<description>UI Only</description>
					<rangeTypeName>uima.cas.String</rangeTypeName>
				</featureDescription>
				<featureDescription>
					<name>Parsefather</name>
					<description />
					<rangeTypeName>uima.tcas.Annotation</rangeTypeName>
				</featureDescription>
				<featureDescription>
					<name>Parsechildren</name>
					<description />
					<rangeTypeName>uima.cas.FSArray</rangeTypeName>
					<elementType>uima.tcas.Annotation</elementType>
				</featureDescription>
			</features>
		</typeDescription>
		<typeDescription>
			<name>de.uniwue.medIE.Conceptgold</name>
			<description />
			<supertypeName>uima.tcas.Annotation</supertypeName>
			<features>
				<featureDescription>
					<name>RelatedTo</name>
					<description />
					<rangeTypeName>uima.tcas.Annotation</rangeTypeName>
				</featureDescription>
				<featureDescription>
					<name>Type</name>
					<description>BOOL,BOOL_PLUS,CHOICE, etc...</description>
					<rangeTypeName>uima.cas.String</rangeTypeName>
				</featureDescription>
				<featureDescription>
					<name>NodeType</name>
					<description>Atteribute/Value/Objectattribute etc...</description>
					<rangeTypeName>uima.cas.String</rangeTypeName>
				</featureDescription>
				<featureDescription>
					<name>ConceptID</name>
					<description />
					<rangeTypeName>uima.cas.String</rangeTypeName>
				</featureDescription>
				<featureDescription>
					<name>IsGold</name>
					<description />
					<rangeTypeName>uima.cas.String</rangeTypeName>
				</featureDescription>
			</features>
		</typeDescription>
		<typeDescription>
			<name>de.uniwue.medIE.Concept</name>
			<description />
			<supertypeName>uima.tcas.Annotation</supertypeName>
			<features>
				<featureDescription>
					<name>RelatedTo</name>
					<description />
					<rangeTypeName>uima.tcas.Annotation</rangeTypeName>
				</featureDescription>
				<featureDescription>
					<name>Type</name>
					<description>BOOL,BOOL_PLUS,CHOICE, etc...</description>
					<rangeTypeName>uima.cas.String</rangeTypeName>
				</featureDescription>
				<featureDescription>
					<name>NodeType</name>
					<description>Atteribute/Value/Objectattribute etc...</description>
					<rangeTypeName>uima.cas.String</rangeTypeName>
				</featureDescription>
				<featureDescription>
					<name>ConceptID</name>
					<description />
					<rangeTypeName>uima.cas.String</rangeTypeName>
				</featureDescription>
				<featureDescription>
					<name>IsGold</name>
					<description />
					<rangeTypeName>uima.cas.String</rangeTypeName>
				</featureDescription>
			</features>
		</typeDescription>
		<typeDescription>
			<name>de.uniwue.kalimachos.coref.type.PreciseConstruct</name>
			<description />
			<supertypeName>uima.tcas.Annotation</supertypeName>
			<features>
				<featureDescription>
					<name>InvolvedEntities</name>
					<description />
					<rangeTypeName>uima.cas.String</rangeTypeName>
				</featureDescription>
			</features>
		</typeDescription>
		<typeDescription>
			<name>de.uniwue.kalimachos.coref.type.PreciseConstructCandidate
			</name>
			<description />
			<supertypeName>uima.tcas.Annotation</supertypeName>
			<features>
				<featureDescription>
					<name>InvolvedEntities</name>
					<description />
					<rangeTypeName>uima.cas.String</rangeTypeName>
				</featureDescription>
			</features>
		</typeDescription>
		<typeDescription>
			<name>de.uniwue.kalimachos.coref.type.AppMarker</name>
			<description />
			<supertypeName>uima.tcas.Annotation</supertypeName>
		</typeDescription>
		<typeDescription>
			<name>de.uniwue.kalimachos.coref.type.Possessive</name>
			<description />
			<supertypeName>uima.tcas.Annotation</supertypeName>
		</typeDescription>
		<typeDescription>
			<name>de.uniwue.kalimachos.coref.type.Reflexive</name>
			<description />
			<supertypeName>uima.tcas.Annotation</supertypeName>
		</typeDescription>
		<typeDescription>
			<name>de.uniwue.kalimachos.coref.type.Apposition</name>
			<description />
			<supertypeName>uima.tcas.Annotation</supertypeName>
		</typeDescription>
		<typeDescription>
			<name>de.uniwue.mk.kallimachos.ie.IEEntity</name>
			<description />
			<supertypeName>uima.tcas.Annotation</supertypeName>
			<features>
				<featureDescription>
					<name>Category</name>
					<description />
					<rangeTypeName>uima.cas.String</rangeTypeName>
				</featureDescription>
				<featureDescription>
					<name>URI</name>
					<description />
					<rangeTypeName>uima.cas.String</rangeTypeName>
				</featureDescription>
				<featureDescription>
					<name>ConstructedBy</name>
					<description />
					<rangeTypeName>uima.cas.String</rangeTypeName>
				</featureDescription>
				<featureDescription>
					<name>datatype</name>
					<description />
					<rangeTypeName>uima.cas.String</rangeTypeName>
				</featureDescription>
				<featureDescription>
					<name>owlid</name>
					<description />
					<rangeTypeName>uima.cas.String</rangeTypeName>
				</featureDescription>
				<featureDescription>
					<name>postprocessing</name>
					<description />
					<rangeTypeName>uima.tcas.Annotation</rangeTypeName>
				</featureDescription>
			</features>
		</typeDescription>
		<typeDescription>
			<name>de.uniwue.mk.kallimachos.ie.IECount</name>
			<description />
			<supertypeName>uima.tcas.Annotation</supertypeName>
			<features>
				<featureDescription>
					<name>number</name>
					<description />
					<rangeTypeName>uima.cas.String</rangeTypeName>
				</featureDescription>
				<featureDescription>
					<name>owlid</name>
					<description />
					<rangeTypeName>uima.cas.String</rangeTypeName>
				</featureDescription>
			</features>
		</typeDescription>
		<typeDescription>
			<name>de.uniwue.mk.kallimachos.ie.IEPostprocessing</name>
			<description />
			<supertypeName>uima.tcas.Annotation</supertypeName>
			<features>
				<featureDescription>
					<name>result</name>
					<description />
					<rangeTypeName>uima.cas.String</rangeTypeName>
				</featureDescription>
				<featureDescription>
					<name>datatype</name>
					<description />
					<rangeTypeName>uima.cas.String</rangeTypeName>
				</featureDescription>
			</features>
		</typeDescription>
		<typeDescription>
			<name>de.uniwue.mk.kallimachos.ie.IECountGold</name>
			<description />
			<supertypeName>uima.tcas.Annotation</supertypeName>
			<features>
				<featureDescription>
					<name>number</name>
					<description />
					<rangeTypeName>uima.cas.String</rangeTypeName>
				</featureDescription>
				<featureDescription>
					<name>owlid</name>
					<description />
					<rangeTypeName>uima.cas.String</rangeTypeName>
				</featureDescription>
			</features>
		</typeDescription>
		<typeDescription>
			<name>de.uniwue.mk.kallimachos.ie.IEPostprocessingGold</name>
			<description />
			<supertypeName>uima.tcas.Annotation</supertypeName>
			<features>
				<featureDescription>
					<name>result</name>
					<description />
					<rangeTypeName>uima.cas.String</rangeTypeName>
				</featureDescription>
				<featureDescription>
					<name>datatype</name>
					<description />
					<rangeTypeName>uima.cas.String</rangeTypeName>
				</featureDescription>
			</features>
		</typeDescription>
		<typeDescription>
			<name>de.uniwue.mk.kallimachos.ie.IEEntityGold</name>
			<description />
			<supertypeName>uima.tcas.Annotation</supertypeName>
			<features>
				<featureDescription>
					<name>Category</name>
					<description />
					<rangeTypeName>uima.cas.String</rangeTypeName>
				</featureDescription>
				<featureDescription>
					<name>ConstructedBy</name>
					<description />
					<rangeTypeName>uima.cas.String</rangeTypeName>
				</featureDescription>
				<featureDescription>
					<name>datatype</name>
					<description />
					<rangeTypeName>uima.cas.String</rangeTypeName>
				</featureDescription>
				<featureDescription>
					<name>owlid</name>
					<description />
					<rangeTypeName>uima.cas.String</rangeTypeName>
				</featureDescription>
				<featureDescription>
					<name>postprocessing</name>
					<description />
					<rangeTypeName>uima.tcas.Annotation</rangeTypeName>
				</featureDescription>
			</features>
		</typeDescription>
		<typeDescription>
			<name>de.uniwue.mk.kallimachos.ie.IERelation</name>
			<description />
			<supertypeName>uima.tcas.Annotation</supertypeName>
			<features>
				<featureDescription>
					<name>EntityFrom</name>
					<description />
					<rangeTypeName>uima.tcas.Annotation</rangeTypeName>
				</featureDescription>
				<featureDescription>
					<name>EntityTo</name>
					<description />
					<rangeTypeName>uima.tcas.Annotation</rangeTypeName>
				</featureDescription>
				<featureDescription>
					<name>Label</name>
					<description />
					<rangeTypeName>uima.cas.String</rangeTypeName>
				</featureDescription>
				<featureDescription>
					<name>DisplayLabel</name>
					<description />
					<rangeTypeName>uima.cas.String</rangeTypeName>
				</featureDescription>
			</features>
		</typeDescription>
		<typeDescription>
			<name>de.uniwue.mk.kallimachos.ie.IERelationGold</name>
			<description />
			<supertypeName>uima.tcas.Annotation</supertypeName>
			<features>
				<featureDescription>
					<name>EntityFrom</name>
					<description />
					<rangeTypeName>uima.tcas.Annotation</rangeTypeName>
				</featureDescription>
				<featureDescription>
					<name>EntityTo</name>
					<description />
					<rangeTypeName>uima.tcas.Annotation</rangeTypeName>
				</featureDescription>
				<featureDescription>
					<name>Label</name>
					<description />
					<rangeTypeName>uima.cas.String</rangeTypeName>
				</featureDescription>
				<featureDescription>
					<name>DisplayLabel</name>
					<description />
					<rangeTypeName>uima.cas.String</rangeTypeName>
				</featureDescription>
			</features>
		</typeDescription>
		<typeDescription>
			<name>de.uniwue.mk.kall.Dialog</name>
			<description />
			<supertypeName>uima.tcas.Annotation</supertypeName>
			<features>
				<featureDescription>
					<name>Sprechakte</name>
					<description>An array of all sprechakten in a dialog</description>
					<rangeTypeName>uima.cas.FSArray</rangeTypeName>
					<elementType>uima.tcas.Annotation</elementType>
				</featureDescription>
			</features>
		</typeDescription>
		<typeDescription>
			<name>de.uniwue.mk.kall.Sprechakt</name>
			<description />
			<supertypeName>uima.tcas.Annotation</supertypeName>
			<features>
				<featureDescription>
					<name>Aufbau</name>
					<description />
					<rangeTypeName>uima.cas.FSArray</rangeTypeName>
					<elementType>uima.tcas.Annotation</elementType>
				</featureDescription>
				<featureDescription>
					<name>Figurenreferenzen</name>
					<description />
					<rangeTypeName>uima.cas.FSArray</rangeTypeName>
					<elementType>uima.tcas.Annotation</elementType>
				</featureDescription>
				<featureDescription>
					<name>AnzahlVorkommen</name>
					<description />
					<rangeTypeName>uima.cas.StringArray</rangeTypeName>
					<elementType>uima.tcas.Annotation</elementType>
				</featureDescription>
			</features>
		</typeDescription>
		<typeDescription>
			<name>de.uniwue.mk.kall.SprechaktText</name>
			<description />
			<supertypeName>uima.tcas.Annotation</supertypeName>
		</typeDescription>
		
		<typeDescription>
			<name>de.uniwue.nappi.Region</name>
			<description />
			<supertypeName>uima.cas.TOP</supertypeName>
			<features>
				<featureDescription>
					<name>Coordinates</name>
					<description>Stores the (alternating) x and y coordinates
					</description>
					<rangeTypeName>uima.cas.IntegerArray</rangeTypeName>
				</featureDescription>
				<featureDescription>
					<name>AccordingPage</name>
					<description />
					<rangeTypeName>de.uniwue.nappi.Page</rangeTypeName>
				</featureDescription>
				<featureDescription>
					<name>RegionType</name>
					<description />
					<rangeTypeName>uima.cas.String</rangeTypeName>
				</featureDescription>
				<featureDescription>
					<name>ID</name>
					<description />
					<rangeTypeName>uima.cas.String</rangeTypeName>
				</featureDescription>
			</features>
		</typeDescription>
		<typeDescription>
			<name>de.uniwue.nappi.ImageRegion</name>
			<description />
			<supertypeName>de.uniwue.nappi.Region</supertypeName>
			<features>
				<featureDescription>
					<name>ImageData</name>
					<description>This should be the bytes of the image data
					</description>
					<rangeTypeName>uima.cas.IntegerArray</rangeTypeName>
				</featureDescription>
				<featureDescription>
					<name>ImageFormat</name>
					<description>In order to read the data the format needs to be
						specified (such as PNG or JPEG,...)
					</description>
					<rangeTypeName>uima.cas.String</rangeTypeName>
				</featureDescription>
			</features>
		</typeDescription>
		<typeDescription>
			<name>de.uniwue.nappi.TextRegion</name>
			<description />
			<supertypeName>de.uniwue.nappi.Region</supertypeName>
			<features>
				<featureDescription>
					<name>Text</name>
					<description>The text that is stored in this text region
					</description>
					<rangeTypeName>uima.cas.String</rangeTypeName>
				</featureDescription>
			</features>
		</typeDescription>
		<typeDescription>
			<name>de.uniwue.nappi.Page</name>
			<description />
			<supertypeName>uima.cas.TOP</supertypeName>
			<features>
				<featureDescription>
					<name>ImageWidth</name>
					<description />
					<rangeTypeName>uima.cas.Integer</rangeTypeName>
				</featureDescription>
				<featureDescription>
					<name>ImageHeight</name>
					<description />
					<rangeTypeName>uima.cas.Integer</rangeTypeName>
				</featureDescription>
				<featureDescription>
					<name>ImageFileName</name>
					<description />
					<rangeTypeName>uima.cas.String</rangeTypeName>
				</featureDescription>
				<featureDescription>
					<name>Contents</name>
					<description>Contains all regions that are contained on this page
					</description>
					<rangeTypeName>uima.cas.FSArray</rangeTypeName>
					<elementType>de.uniwue.nappi.Region</elementType>
				</featureDescription>
				<featureDescription>
					<name>ByteOffsetFrom</name>
					<description />
					<rangeTypeName>uima.cas.Integer</rangeTypeName>
				</featureDescription>
				<featureDescription>
					<name>ByteOffsetEnd</name>
					<description />
					<rangeTypeName>uima.cas.Integer</rangeTypeName>
				</featureDescription>
				<featureDescription>
					<name>PageNumber</name>
					<description />
					<rangeTypeName>uima.cas.Integer</rangeTypeName>
				</featureDescription>
			</features>
		</typeDescription>
		<typeDescription>
			<name>de.uniwue.mk.kallimachos.ie.LocationReference</name>
			<description/>
			<supertypeName>uima.tcas.Annotation</supertypeName>
			<features>
				<featureDescription>
					<name>Category</name>
					<description/>
					<rangeTypeName>uima.cas.String</rangeTypeName>
				</featureDescription>
			</features>
		</typeDescription>
		<typeDescription>
			<name>de.uniwue.kallimachos.DocumentMetadata</name>
			<description />
			<supertypeName>uima.cas.TOP</supertypeName>
			<features>
				<featureDescription>
					<name>Title</name>
					<description>The title of the document</description>
					<rangeTypeName>uima.cas.String</rangeTypeName>
				</featureDescription>
				<featureDescription>
					<name>Author</name>
					<description>The author of the document</description>
					<rangeTypeName>uima.cas.String</rangeTypeName>
				</featureDescription>
				<featureDescription>
					<name>Year</name>
					<description>The year when the document was created</description>
					<rangeTypeName>uima.cas.String</rangeTypeName>
				</featureDescription>
				<featureDescription>
					<name>Genre</name>
					<description>The genre of the document</description>
					<rangeTypeName>uima.cas.String</rangeTypeName>
				</featureDescription>
				<featureDescription>
					<name>FileName</name>
					<description>The name of the file where the document is stored</description>
					<rangeTypeName>uima.cas.String</rangeTypeName>
				</featureDescription>
				<featureDescription>
					<name>FileFormat</name>
					<description>The format of the file where the document is stored</description>
					<rangeTypeName>uima.cas.String</rangeTypeName>
				</featureDescription>
				<featureDescription>
					<name>CreationDate</name>
					<description>The date when the file containing the document has been created</description>
					<rangeTypeName>uima.cas.String</rangeTypeName>
				</featureDescription>
			</features>
		</typeDescription>
	</types>
</typeSystemDescription>
