doc-id,token
abcnews.go.com/Health/Alzheimers/alzheimers-disease-doctors-prescribe-skin-cancer-drug/story,"While other treatments targeting beta-amyloid have shown promise in mouse models , they 've been >>>largely unsuccessful in humans<<< ."
abcnews.go.com/Health/Diet/michigan-track-kids-weight-statewide-registry/story,"Others questioned the policy 's use of BMI , an obesity metric some pediatricians call >>>oversimplified and misleading<<< , especially in children ."
abcnews.go.com/Politics/sarah-palin-defends-korea-slip-tongue-blasts-media/story,"The possible 2012 contender grabbed headlines when she said on Glenn Beck 's radio show Wednesday that "" We got ta stand with our >>>North Korean<<< allies . """
abcnews.go.com/Technology/supermoon-lights-sky-impresses-skywatchers/story,"Did last night 's rare >>>"" supermoon ""<<< live up to its hype ?"
abcnews.go.com/US/tiny-tim-houstons-beloved-fat-cat-dies/story,"But after he was diagnosed in January with an >>>"" undefinable "" and "" aggressive "" rare tumor<<< in his elbow , which then Frei theorized spread to his lungs and heart , she decided to let Tim cheat on his diet ."
