doc-id,token
abcnews.go.com/Business/nike-air-jordan-xi-concord-shopping-frenzy/story,The arrival of Nike 's new Air Jordan 11 Retro Concords in stores >>>just in time for Christmas<<< brought pandemonium all over the country .
abcnews.go.com/Health/women-experience-depression-anxiety-cdc-data-shows/story,"Now amid a global crisis mode , there is further stress on the groups most vulnerable to the virus itself , >>>most vulnerable to its socioeconomic impact<<< and yet least likely to receive mental health support ."
abcnews.go.com/Politics/coronavirus-relief-negotiations-hit-wall-talks-merging-aid/story,"After five days with no outreach , Treasury Secretary Steven Mnuchin called House Speaker Nancy Pelosi on Wednesday to discuss >>>a way forward<<< , but the speaker , in a joint statement with Senate Democratic Leader Chuck Schumer , made clear that the conversation failed to break the intractable logjam ."
abcnews.go.com/Politics/hillary-clinton-shake-off-email-scandal/story,"The State Department said >>>earlier this month<<< that it would be releasing thousands of additional emails the FBI had uncovered on its own , but the number of those additional emails was not announced until a judge 's hearing Monday ."
abcnews.go.com/Politics/note-middle-stirs-life-warren-scrutiny/story,"Big picture : Having some young , progressive energy from those two congresswomen could be a boon for the senator as he continues to both make his pitch broadly and >>>hone his lines against Warren<<< ."
