doc-id,token
abcnews.go.com/ABC_Univision/Politics/immigration-fails-blame-democrats/story,"The vote , which limited debate on a border security amendment , passed >>>67-27<<< ."
abcnews.go.com/GMA/year-tips-makeup-trends-2011-include-grownup-glitter/story,So you 're counting down to >>>2011<<< .
abcnews.go.com/Health/september-11-toxic-world-trade-center-dust-cloud/story,Among the lasting images of >>>9/11<<< are images of nearly everyone and everything in the immediate vicinity of the World Trade Center covered in thick dust .
abcnews.go.com/Politics/ukraine-controversy-impeachment-inquiry-potentially-politically-perilous-biden/story,"Trump 's accusations of corruption focus on action Biden took as vice president in >>>2014<<< , when he led the Obama administration 's efforts to root out corruption in Kiev in the wake of the Ukrainian revolution ."
abcnews.go.com/US/911-truthers-continue-offer-alternate-claims-sept-11/story,"One group of so-called >>>9/11<<< "" truthers "" believes "" controlled demolitions "" brought down the two towers of the World Trade Center and an adjacent skyscraper ."
