doc-id,token
abcnews.go.com/Politics/OTUS/republicans-repeal-obamacare/story,"Also , the same House >>>a<<< lready voted to repeal the law in January 2011 , during the same Congress that is up for re-election in November ."
abcnews.go.com/Politics/fbi-warns-copycat-attacks-domestic-extremists-wake-el/story,">>>The<<< U.S. Secret Service , in its most recent report , says in 2018 , 41 % of the cases had a pre-selected target ."
abcnews.go.com/Politics/pence-canceled-north-korea-human-rights-speech-trump/story,"Vice President Mike Pence was expected to give a speech on North Korea 's human rights abuses last week , adding firepower to >>>an<<< announcement of new sanctions and the release of a report on dictator Kim Jong Un 's brutal rule ."
abcnews.go.com/Politics/white-house-press-secretary-sarah-sanders-called-claiming/story,"In November , >>>a<<< nationwide review conducted by ABC News identified at least 17 criminal cases where Trump 's name was invoked in direct connection with violent acts , threats of violence or allegations of assault ."
abcnews.go.com/US/school-closures-put-children-risk/story,"In the United States , many schools will be closed for the rest of the academic year due to >>>the<<< coronavirus pandemic , prompting experts to warn how that could lead to detrimental mental health consequences in students and an increase in child abuse ."
