doc-id,token
abcnews.go.com/Entertainment/oscars-host-jimmy-kimmel-preparing-standoff-nominee-matt/story,"Damon is nominated as a producer on "" Manchester by the Sea , "" starring >>>Casey Affleck , the younger brother of Damon 's friend and "" Good Will Hunting "" co-star Ben Affleck<<< . """
abcnews.go.com/International/isis-beating-iraqis-kurds-lacks-heart-ammo/story,>>>How Iraq Spiraled Out Of Control<<<
abcnews.go.com/Politics/note-obama-esper-calm-trumps-anxious-america/story,"The president 's alarming statements have sent shockwaves through military circles this week >>>and riled governors , mayors and concerned residents<<< alike ."
abcnews.go.com/US/blood-patrick-frazees-mistress-brings-shocking-testimony-murder/story,">>>Prosecutors allege Patrick Frazee attacked his fiance , Kelsey Berreth , with a baseball bat<<< at her Woodland Park , Colorado , home on Thanksgiving Day 2018 while the couple 's 1-year-old daughter , Kaylee , sat in a playpen in a back room ."
abcnews.go.com/US/words-live-event-good-morning-america/story,">>>"" Your Three Words ""<<< became a weekly "" GMA "" segment where three words sent in by viewers are set to video and aired on TV and online ."
