doc-id,token
abcnews.go.com/Blotter/abc-news-investigations-year-fashion-die/story,The U.S. companies say their clothing was manufactured at Tazreen >>>without<<< their .
abcnews.go.com/Politics/10-qualifying-candidates-share-debate-stage-1st-time/story,"Though several candidates dropped >>>out<<< of the race ahead of this debate , half of the now 20-person field still wo n't be on stage , and some have openly recognized the setback their absence could have on their campaigns ."
abcnews.go.com/Politics/moments-trump-fire-comments-women/story,"Trump did n't stop with Kelly , also appearing to target the looks of the one woman he was running >>>against<<< for the GOP nomination , Carly Fiorina ."
abcnews.go.com/Politics/red-sox-manager-bows-white-house-visit-presidents/story,Trump has repeated similar claims >>>before<<< but Democrats argue $ 91 billion is far higher than the actual figure .
abcnews.go.com/US/coronavirus-testing-including-drive-clinics-covid-19-spreads/story,"Some countries have been more aggressive than others in testing , >>>like<<< South Korea , which deployed tens of thousands of tests early on in the outbreak , compared to the United States , which initially only tested those with travel contacts ."
