doc-id,token
abcnews.go.com/Health/WellnessNews/wrong-site-surgery-leads-doctors-public-apology/story,"The formal , and very public , apology comes on the heels of a study published Wednesday in the New England Journal of Medicine that found comprehensive surgical checklists helped to reduce mortality rates and >>>surgical<<< mistakes in hospitals ."
abcnews.go.com/Politics/small-dollars-slip-ups-sideshows-weekly-roundup-potential/story,"Even so , those close to Biden , including Democratic Sen. Chris Coons of Delaware , continue to report that Biden is telling them he is >>>all-but-certain<<< to enter the race ."
abcnews.go.com/US/american-teen-detained-border-plans-sue-government-released/story,"Galicia said the federal agents separated him from his brother , who was born in Mexico but was living >>>undocumented<<< in the United States , according to ABC Dallas affiliate WFAA ."
abcnews.go.com/US/espn-special-olympics-extend-broadcast-agreement-2027-continue/story,"ESPN and the >>>Special<<< Olympics have extended their broadcast agreement for another eight years into 2027 , ensuring the continuance of dynamic storytelling to portray the journeys of the thousands of athletes who participate in the games ."
abcnews.go.com/US/latest-las-vegas-mass-shooting/story,"The Strip 's signature blinking lights went >>>dark<<< Sunday night in memory of the tragedy , exactly one week after the shooting ."
