doc-id,token
abcnews.go.com/Health/BreastCancerCenter/study-fish-oil-pills-reduce-breast-cancer-risk/www.abcnews.go.com/Health/OnCallPlusBreastCancerNews/young-women-girls-breast-cancer/story,"The chances decrease the >>>younger<<< a woman is , Partridge said ."
abcnews.go.com/Health/ConsumerNews/greenwashing-green-claims-accurate/story,"Speaking of a brand of >>>cleaner<<< that claimed to be "" earth friendly , "" Case said : "" Ah , of course , the green leaf ."
abcnews.go.com/Health/Sleep/genes-people-react-differently-lack-sleep-study/story,Researchers found that healthy people with one particular genetic variant were generally >>>sleepier<<< than those without the gene .
abcnews.go.com/US/brian-ross-investigative-unit-2015-year-review/story,"In between , Paris was struck again in November in a suspected ISIS-directed plot that killed 130 people , and the month before more than 200 people were killed when a plane was destroyed mid-flight above Egypt , in addition to numerous incidents in the West with >>>smaller<<< death tolls ."
