doc-id,token
abcnews.go.com/GMA/BeautySecrets/girdles-shapers-spanx-slimmer-thinner-undergarments/story,There are those occasions when you just want to look your >>>skinniest<<< .
abcnews.go.com/International/us-sanctions-hit-iran-residents-complain-medicine-shortages/story,"Since pulling out of a deal reached under the Obama administration , the U.S. government under President Donald Trump has reinstated a series of tough sanctions on Iran , with the >>>latest<<< , targeting Iran 's supreme leader and other top officials in the the Iranian regime , being announced on Monday ."
abcnews.go.com/Politics/tsa-workers-struggle-afford-daily-necessities-set-miss/story,Mia Williams was overcome with emotion when she had to tell her 7-year-old son she might not be able to afford to buy pizza for dinner amid the >>>longest<<< government shutdown in U.S. history and missing paychecks as a result .
abcnews.go.com/Technology/Decade/climate-2009-caps-hottest-decade-record/story,"The current decade likely ranks as the >>>hottest<<< since temperature records began in the 1850s , the U.N. World Meteorological Organization announced today ."
abcnews.go.com/US/september-2019-ties-warmest-planet-noaa/story,"Last month tied for the >>>warmest<<< September since temperatures began being recorded in 1880 , according to the National Oceanic and Atmospheric Administration ."
