doc-id,token
abcnews.go.com/Business/superstitious-fund-loses-money-month/story,"If you invested in stocks purely based on superstitions like avoiding >>>Friday the 13th<<< or lucky numbers , would you end up with colossal losses or spectacular gains ?"
abcnews.go.com/Politics/acting-attorney-general-sally-yates/story,Sally Yates was fired on Jan. 30 after she instructed the DOJ not to defend Trump 's >>>Jan. 27<<< executive order barring immigration from seven predominantly Muslim countries .
abcnews.go.com/Politics/hillary-clinton-stands-benghzai-testimony-craves-normal-life/story,"In her final television interview as >>>Secretary of State<<< , Hillary Clinton told ABC 's Cynthia McFadden that she is "" flattered and honored "" at the intense interest in whether she might run for president in 2016 ."
abcnews.go.com/Politics/house-republican-conference-chair-liz-cheney-devastating-us/story,"The Pentagon confirmed that it had started the withdrawal process later that same day , and >>>Secretary of Defense<<< James Mattis resigned shortly after the decision was announced ."
abcnews.go.com/Politics/sen-tom-cotton-bill-prohibit-federal-funding-teaching/story,">>>Secretary of State<<< Mike Pompeo has also accused The New York Times of "" Marxist ideology "" that makes the Chinese Communist Party "" gleeful "" with its 1619 Project ."
