doc-id,token
abcnews.go.com/Health/CancerPreventionAndTreatment/ct-scans-kids-linked-leukemia-brain-cancer-risk/story,"But the 31-year-old nurse and blogger from Brigham City , Utah , said she still worries about the test 's long term effects -- a fear bolstered by a new study linking childhood CT scans to >>>cancer<<< later in life ."
abcnews.go.com/International/organization-prohibition-chemical-weapons-wins-nobel-peace-prize/story,The >>>bullet<<< missed her brain .
abcnews.go.com/US/coronavirus-updates-5000-us-deaths-reported-covid-19/story,"Nationwide , the staggering number of people who have filed for >>>unemployment<<< amid the pandemic has suppressed 20 million ."
abcnews.go.com/US/faith-stops-florida-robbery/story,A store surveillance camera captured the whole >>>exchange<<< between Goncalves and the would-be robber .
abcnews.go.com/US/woman-shot-labrador-retriever-steps-gun-inside-pickup/story,"When asked who shot the woman , the man replied , "" We had a >>>dog<<< in here , and it stepped on the gun . """
