doc-id,token
abcnews.go.com/Business/20-ny-costco-employees-win-200-million-powerball/story,"Twenty co-workers at a Costco store in Melville , N.Y. , shared the winning >>>Powerball<<< lottery ticket , earning them a $ 201.9 million jackpot , a store spokeswoman confirmed to ABC News ."
abcnews.go.com/Health/AllergiesFood/year-virginia-girl-dies-allergic-reaction-school/story,"Experts say Johnson could have been saved by an >>>EpiPen<<< -- a device that injects epinephrine , currently available only by prescription ."
abcnews.go.com/Health/ervebo-approved-1st-ebola-vaccine/story,"A second experimental vaccine , produced by Johnson & Johnson , which requires two doses , is expected to be deployed in the 2 million-person city of >>>Goma<<< soon , according to Congolese health officials ."
abcnews.go.com/International/17-countries-home-25-worlds-population-facing-water/story,"Several drought-stricken places around the world have experienced water crises in recent years , with populated cities like Cape Town , Sao Paolo and >>>Chennai<<< inching toward "" Day Zero , "" the day when taps run dry and water is no longer available ."
abcnews.go.com/US/uber-passenger-arrested-kidnap-driver-police/story,"An >>>Uber<<< passenger was arrested after pulling a gun on a driver in an attempt to kidnap her , police said ."
