doc-id,token
abcnews.go.com/Blotter/police-iranian-bomb-suspects-partied-thai-hookers/story,"Three >>>Iranians<<< suspected of plotting bomb attacks in Bangkok spent at least two nights partying in a Thai resort town with female sex workers just before their alleged bomb plot ended in failure , according to new information released by Thai authorities ."
abcnews.go.com/Entertainment/american-idol-women-rule-year/story,"As this year 's >>>Grammys<<< showed , women are especially relevant in the music industry right now ."
abcnews.go.com/International/inside-iran-abc-news-inside-den-spies/story,"To >>>Iranians<<< , it 's a symbol of American oppression – a "" Den of Spies "" where U.S. agents had been monitoring and plotting against Iran for decades ."
abcnews.go.com/Politics/ivanka-trump-dismisses-impeachment-probe-attempt-overturn-2016/story,"Ivanka Trump also disputed that her family is profiting off of her father 's presidency , while accusing the >>>Bidens<<< of having "" created wealth as a derivative "" of public service ."
abcnews.go.com/Politics/trump-making-election-immigration-accident-analysis/story,>>>Democrats<<< who would rather be talking about health care are increasingly finding themselves having to address whether they agree with Trump that a caravan of unarmed migrants still some 900 miles from the border is a national security threat .
