doc-id,token
abcnews.go.com/Health/AlzheimersNews/voices-alzheimers-caregivers-part/story,"But I would go to work and I 'd come home , she would be almost terrified because she was seeing people -- almost >>>hallucinations<<< ."
abcnews.go.com/Health/feds-plan-controversial-disease-research-facility-kansas-fear/story,"Foot and mouth disease , a severe viral infection that affects cloven-footed animals such >>>cattle<<< and pigs , is one of the most dreaded diseases among farmers ."
abcnews.go.com/Health/infections-pediatric-icus-adult-icus/story,"The report cites data from the U.S. Centers for Disease Control and Prevention ( CDC ) that estimated 27,000 to 65,000 central line bloodstream infections in U.S. >>>hospitals<<< in 2009 ."
abcnews.go.com/US/louisville-police-chief-fired-fatal-shooting-david-mcatee/story,"A police chief has been fired and two officers are on administrative leave after a barbecue business owner in the West End of Louisville , Kentucky , was shot dead by law enforcement trying to enforce curfew amid >>>protests<<< over a previous police shooting , officials said ."
abcnews.go.com/US/texas-televangelist-couple-confessed-affair-christian-tv-considered/story,Prominent Texas-based >>>televangelists<<< Marcus and Joni Lamb say they never considered paying alleged extortionists $ 7.5 million to keep the husband 's recently outed affair from going public .
