doc-id,token
abcnews.go.com/Politics/biden-offers-advice-families-amid-coronavirus-pandemic-virtual/story,Those events have brought >>>varying degrees of success<<< for a campaign that leans heavily on Biden 's ability to connect one-one-one with voters at in-person events .
abcnews.go.com/Politics/sen-chris-murphy-trumps-moves-iran-catastrophic-damage/story,"On Wednesday afternoon , >>>members of Congress<<< were briefed with details of the nation 's original strike on Soleimani and the Iranian retaliation effort that followed , although many members argue that the White House has waited too long to brief members ."
abcnews.go.com/Politics/view-sen-tim-scott-touts-efforts-combat-covid/story,"As the lone Black Republican Senator , Scott was called on by Trump following the >>>killing of Ahmaud Arbery<<< in Georgia and the release of the shocking video of his death ."
abcnews.go.com/US/atlanta-mayor-hard-trumps-handling-police-reform/story,"Atlanta Mayor >>>Keisha Lance Bottoms<<< told "" The View "" Wednesday that while she 's "" encouraged "" by President Donald Trump 's executive order on police reform calling for the creation of a national database on officers , she said , "" it 's hard to take him seriously in this moment . """
abcnews.go.com/US/rochester-police-chief-entire-command-staff-retire-suddenly/story,"After days of protests against the Rochester Police Department in light of >>>the death of Daniel Prude<<< , its top officer and his deputy announced Tuesday they are retiring from the force ."
