doc-id,token
abcnews.go.com/International/iraq-policiticians-finally-reach-deal-form-government/story,"More than 3,300 Iraqis have died in violence across the country since the >>>March elections<<< and thousands more injured as insurgents have tested the weak government combined with the drawdown of U.S. combat forces ."
abcnews.go.com/International/japan-nuclear-crisis-helicopters-begin-air-water-drops/story,The entire crisis began when the plant lost power after last week 's 9.0 >>>earthquake and tsunami<<< .
abcnews.go.com/Politics/note-biden-battles-wait-candidacy-continues/story,What should the Democratic Party fear more -- Joe Biden in the race or >>>Joe Biden<<< not in the race ?
abcnews.go.com/US/philadelphia-officers-hurt-shootout-recovering-unorthodox-negotiations/story,"Angry politicians are pushing for gun control after six Philadelphia police officers were shot and injured in a dramatic , >>>hours-long shootout and standoff<<< ."
abcnews.go.com/US/sex-assault-charges-dropped-actor-kevin-spacey/story,"But the criminal case against Spacey appeared to be plagued nearly from the start by one stunning revelation after another about missteps by the case investigators , the prosecutors and the alleged victim 's >>>relatives and civil attorney<<< ."
