doc-id,token
abcnews.go.com/Politics/note-split-screen-reveals-campaigns-operating-worlds/story,"Former Vice President Joe Biden 's virtual appearance >>>with former President<<< Barack Obama , meanwhile , was a reminder that campaigning in accordance with CDC guidelines can actually have advantages ."
abcnews.go.com/Politics/note-trump-fake-news-takes-meaning/story,"In that vein , it 's remarkable that two U.S. senators are claiming on the record that the president did not use a profanity – and a Cabinet secretary even >>>under oath<<< that she "" did not hear "" it — a profanity that multiple other people in the room – members of both political parties - assert flat out that he used ."
abcnews.go.com/US/conspiracy-theories-trump-promoted-years/story,The confirmation that Trump has raised doubts about the video to advisers in recent weeks stands in contrast to at least two instances in which he discussed the video 's content >>>without denying it<<< or raising questions about its veracity .
abcnews.go.com/US/michael-flynn-trump-ally-turned-key-mueller-witness/story,"He faces up to six months in prison , but in a sentencing memo filed last week , Mueller told the judge that Flynn had provided investigators with "" substantial assistance "" in more than a dozen interviews , and that because he flipped early , "" a sentence at the low end of the guideline range -- >>>including a sentence<<< that does not impose a term of incarceration -- is appropriate and warranted . """
abcnews.go.com/US/slain-california-police-officer-ronil-singh-remembered-great/story,"Loved ones of slain Cpl. Ronil Singh shared heartfelt memories >>>at his funeral<<< on Saturday , more than a week after he was killed in the line of duty ."
