doc-id,token
abcnews.go.com/Health/AllergiesFood/food-allergies-kids-common-thought/story,"However , >>>"" breastfeeding for the first six months<<< has been shown to protect against food allergies to some extent , "" she added ."
abcnews.go.com/Politics/11-supreme-court-cases-imminent-decisions/story,"After months of hearing oral arguments in dozens of cases , the justices convene Monday -- >>>and for the five<<< Mondays thereafter , through June 24 -- to release their final opinions of the term ."
abcnews.go.com/Politics/anita-hill-now-vote-joe-biden-nominee/story,"Biden -- >>>then chairman of the Senate Judiciary Committee<<< -- has come under fire for how he conducted the Thomas hearings , when Hill -- at the time , a young African American law professor who once had worked for Thomas -- was grilled by an all-white , all-male committee of senators about her allegations that Thomas sexual harassed her ."
abcnews.go.com/US/man-sisters-murder-baltimore-falsely-blamed-panhandler-surprised/story,"While his sister 's slaying in Baltimore left his brother-in-law , who blamed the killing on a panhandler , >>>in custody on murder charges<<< along with his daughter , Marcel Trisvan says he "" was n't surprised "" by the stunning twist in the homicide investigation ."
abcnews.go.com/US/start-here-maximum-pressure-iran-trump-fundraises-fights-california/story,"A painting by the illustrious and elusive artist Banksy , depicting Britain 's parliament as chimpanzees , will soon go up for auction -- >>>but not without one last dig at the artwork 's subjects<<< ."
