doc-id,token
abcnews.go.com/ABC_Univision/News/hurricane-sandy-climate-change/story,"It was downgraded to a tropical storm before making landfall near Atlantic City around 8 p.m. Still , >>>it<<< prompted flooding and mass evacuations and halted Wall Street and early voting ."
abcnews.go.com/Entertainment/katy-perry-roar-concert-winning-high-school-birthday/story,"Courtney Coddington , Lakewood High School 's student body president who directed and produced the winning video , and fellow senior Gavin Rudy , an aspiring filmmaker , edited >>>it<<< ."
abcnews.go.com/Politics/pay-czar-report-slams-banks-executive-pay-bailouts/story,>>>He<<< is transitioning from his job as the pay czar to assume a new role as administrator of the $ 20 billion fund for claims due to the BP oil spill .
abcnews.go.com/WN/senator-jim-bunning-tells-abc-news-working-deal/story,"The deal Bunning struck tonight with Democrats was the same one that >>>he<<< himself rejected on Wednesday because , he said at the time , the vote on the spending cuts would be defeated ."
