doc-id,token
abcnews.go.com/Business/11-best-extravagant-cars-lotto-winners/story,In October alone two record-breaking jackpots were up for grabs : the >>>$ 1.5 billion<<< Mega Millions and $ 687.8 million Powerball .
abcnews.go.com/International/western-governments-step-efforts-block-isis-recruits/story,Special attention is being paid to Minneapolis and St. Paul in Minnesota as >>>nearly a dozen<<< of the suspects have ties to the city .
abcnews.go.com/Politics/OTUS/voters-decide-today-obamas-romneys-visions-change/story,"To do it , he would need to amass a political apparatus early that could endure a long and bruising Republican primary , and raise enough money to compete against Obama 's demonstrated ability to raise >>>nearly $ 800 million<<< ."
abcnews.go.com/Politics/gop-senators-fight-koch-brothers-critics/story,"They have been called "" radical , "" "" toxic , "" and even "" un-American , "" but over the weekend , the billionaire Koch brothers who are reportedly planning to spend nearly >>>$ 900 million<<< to support conservative candidates and causes during the 2016 election cycle , received a forceful defense from three likely Republican presidential contenders ."
abcnews.go.com/WN/congress-spending-spree-adding-230-billion-national-debt/story,"To go from $ 12 trillion to >>>$ 13 trillion<<< , it took a little more than six months ."
