doc-id,token
abcnews.go.com/Politics/note-muellers-footsteps-tread-closer-white-house-russia/story,Now comes news that Mueller wants to learn more – >>>directly<<< from President Donald Trump – about the circumstances around the firing of Comey and former national security adviser Michael Flynn .
abcnews.go.com/Politics/trump-Administrate-begins-Push-end-war-yemen/story,"If the administration does not do something like that , it is increasingly likely Congress will act >>>instead<<< ."
abcnews.go.com/US/ditch-fake-digits-give-guys-phone-number/story,>>>Yikes<<< !
abcnews.go.com/US/shortage-men-retirement-home-prompts-hire-dance-partners/story,"Women outnumber men 3-to-1 in nursing homes in the United States , mostly because they are living longer and are less likely to live >>>alone<<< ."
abcnews.go.com/US/start-here-democratic-moderates-debate-progressives-trump-attacking-baltimore/story,"Although front-runner Joe Biden 's name did n't come up in the debate , Klein says the former vice president will be one of the moderates onstage >>>tonight<<< trying to make the case for electability versus enacting progressive policies , effectively "" fighting against the Elizabeth Warren and the Bernie Sanders wings of the party . """
