doc-id,token
abcnews.go.com/Business/dow-plunges-700-points-whiplash-wall-street-continues/story,"The company , >>>already struggling<<< due to 737 Max controversies , announced Wednesday it was implementing a hiring freeze , citing the "" global disruption generated by the COVID-19 coronavirus . """
abcnews.go.com/Politics/calendar-year-close-sizing-mueller-investigation/story,"The acting attorney general , >>>currently Matt Whittaker<<< , will also notify the chairmen and ranking members of the House and Senate judiciary committees of the report 's completion and give an explanation ."
abcnews.go.com/Politics/historically-red-orlando-area-county-floridas-surprising-battleground/story,"Seminole County , just north of Orlando and >>>long a stronghold<<< for Florida Republicans , has emerged as a surprising toss-up this fall in a state that recent polling suggests is up for grabs between President Donald Trump and former Vice President Joe Biden ."
abcnews.go.com/US/start-here-us-joins-global-boeing-ban-paul-manafort/story,"Manafort , >>>now facing more than seven years behind bars<<< , has n't yet entered a plea related to these newest charges ."
abcnews.go.com/US/woman-killed-real-life-dirty-john-channeled-walking/story,"Her hulking assailant was her mother 's estranged husband , 57-year-old John Meehan , now infamously known as "" Dirty John , "" a man who had >>>conned , terrorized and stalked their family<<< ."
