doc-id,token
abcnews.go.com/Entertainment/arnold-schwarzenegger-makes-speech-divorce/story,"In July , >>>Shriver filed for divorce<<< from Schwarzenegger ."
abcnews.go.com/GMA/Living/australian-wildfires-knitters-globe-unite-knit-koala-mittens/story,People looking for a way to help as >>>devastating fires continue to destroy land and<<< animals in Australia have come up with a creative solution .
abcnews.go.com/International/game-thrones-important-uk/story,"The final season of >>>"" Game of Thrones "" has finally begun<<< , and fans the world over are rejoicing ."
abcnews.go.com/Politics/OTUS/key-supreme-court-justices-skeptical-arguments-individual-mandate/story,"In a courtroom stuffed with spectators , >>>the justices focused intently<<< on the individual mandate , the part of the law that requires most Americans to buy health insurance by 2014 or pay a penalty ."
abcnews.go.com/Politics/trump-campaign-parting-ways-pollsters-internal-numbers-leak/story,"The leaked data also indicated >>>Biden was leading<<< by seven points in Florida , where the president is set to officially kick-off his 2020 campaign Tuesday ."
