doc-id,token
abcnews.go.com/Politics/interest-republican-operatives-clinton-email-quest-lingers-long/story,"Both the House and Senate Intelligence Committees have previously obtained documents from the Smith estate , >>>as have investigators working for Mueller<<< ."
abcnews.go.com/Politics/mcconnell-acknowledges-descendant-slave-owners-compares-obama/story,"We both oppose reparations and we both are the descendants of slaveholders , "" McConnell said , confirming he is a descendant of slaveowners , and >>>that the family history<<< does not change his stance against giving reparations to the descendants of slaves ."
abcnews.go.com/Technology/Media/twitter-suggests-pickup-lines-newly-single-al-gore/story,"But if you 're Al Gore , >>>whose split from wife Tipper was just announced<<< , there are plenty of people out there ready to dispense advice ."
abcnews.go.com/US/off-duty-police-officer-crashes-restaurant-kills-woman/story,"An off-duty police officer lost control of his vehicle >>>while allegedly driving drunk<<< and plowed into a restaurant in Chicago early Sunday , killing a woman who was dining inside ."
abcnews.go.com/US/start-here-trump-downplays-recession-fears-hong-kong-protesters/story,' You feel like you need to be doing something ' : Authorities continue a desperate search for two off-duty firefighters >>>who 've gone missing while fishing off the Florida coast<<< .
