doc-id,token
abcnews.go.com/Health/OnCallPlusTreatment/menstrual-periods-regular-chemotherapy-treatments/story,Previous : >>>What can I do to reduce fatigue caused by my chemotherapy treatments<<< ?
abcnews.go.com/Politics/note-mueller-report-intensifies-political-divisions/story,"Twenty-two months , 37 indictments , 448 pages … but >>>how many minds changed in the political world<<< ?"
abcnews.go.com/Technology/cell-phone-radiation-top-10-best-worst/story,How much >>>radiation does your cell phone<<< emit ?
abcnews.go.com/Technology/flipboard-facebook-apps-coming-windows-app-store/story,>>>What 's Coming to Windows 8.1<<< ?
abcnews.go.com/US/burning-man-off-late-start-rain-soaks-desert/story,>>>How Rich People Do Burning Man<<<
