doc-id,token
abcnews.go.com/Business/founders-hot-today/story,">>>"" Worst online dating profile "" still attracts men<<<"
abcnews.go.com/Politics/campaign-chairman-paul-manafort-sees-possibility-donald-trumps/story,"Trump >>>has admitted<<< that one of the main reasons he chose Pence as his running mate is "" party unity . """
abcnews.go.com/US/defendants-charged-25-million-college-entrance-scam-set/story,">>>Among the 33 parents indicted are Academy Award-nominated actress Felicity Huffman and actress Lori Loughlin<<< , best known for her character Aunt Becky in the ABC sitcom "" Full House . """
abcnews.go.com/US/giffords-tucson-shooting-christina-taylor-green-born-911/story,Among >>>the dead are a federal judge and a Giffords aide<<< .
abcnews.go.com/US/michael-flynn-key-figure-robert-muellers-special-russia/story,""" We in Congress need to know who authorized his actions , permitted them and continued to let him have access to our most sensitive national security information despite knowing these risks , "" >>>said Rep. Elijah Cummings of Maryland<<< , the ranking Democrat on the House Oversight and Government Affairs Committee , in February . """
