doc-id,token
abcnews.go.com/Entertainment/summer-movie-season-begins-record-number-sequels/story,"If there 's any doubt about Hollywood 's obsession with number crunching , just listen to what >>>Will Ferrell<<< had to say about Paramount 's decision not to do an "" Anchorman "" sequel ."
abcnews.go.com/Health/woman-bares-colostomy-bag-bikini-pic-internet-sensation/story,>>>Could Wearable Robots Replace Wheelchairs<<< ?
abcnews.go.com/Lifestyle/love-perfect-watch-facebook-social-media-prenups/story,>>>Can Facebook Ruin Your Marriage<<< ?
abcnews.go.com/Politics/michael-cohen-talks-george-stephanopoulos-transcript/story,Stephanopoulos : >>>Are you still cooperating<<< ?
listeditor@abcnews.go.com/Health/AsthmaChildren/story,Next : >>>Will My Child Outgrow His/Her Asthma<<< ?
