doc-id,token
abcnews.go.com/Entertainment/children-life-live-continue-online-prospect-park/story,"For "" All My Children "" and >>>"" One Life to Live<<< , "" the show will go on ."
abcnews.go.com/Health/MindMoodNews/japan-earthquake-psychological-fallout-years/story,"The trauma does n't seem to end for Japan : >>>First earthquake , then tsunami<<< , now a country with more than 4,000 known dead and nearly 10,000 more missing must cope with the threat of nuclear contamination ."
abcnews.go.com/Politics/barr-contradicted-struggled-key-findings-mueller-report/story,"During his >>>four-hour back and forth<<< with senators on Wednesday , Attorney General William Barr questioned , and at times seemed to contradict , key findings in special counsel Robert Mueller 's report ."
abcnews.go.com/Politics/jury-finds-mar-lago-trespasser-guilty-counts/story,"Yujing Zhang , the Chinese woman detained in March for trespassing at Mar-a-Lago -- President Donald Trump 's Florida country club -- >>>was found guilty<<< of lying to federal agents and for entering a restricted area ."
abcnews.go.com/Politics/note-biden-battles-perceptions-campaigns-pause-stirs-concerns/story,"One month ago , President Trump told a crowd at his campaign rally in South Carolina that the fears about the coronavirus were >>>politically-motivated and driven by media hysteria<<< . """
