doc-id,token
abcnews.go.com/GMA/JobClub/job-hunt-tory-johnson-tells-avoid-resume-mistakes/story,"In a competitive economy with a weak job market , you ca n't afford to have a less-than-perfect >>>resume<<< ."
abcnews.go.com/Health/boston-marathon-bomber-wanted-kill-people/story,"They intended to >>>kill<<< , said former Navy surgeon Dr. Gary Schwendig ."
abcnews.go.com/Politics/colleges-reopen-safely-requires-testing-study/story,""" It is possible to >>>reopen<<< U.S. residential colleges safely in the fall , "" professor A. David Paltiel , one of the study 's authors , said in a statement . """
abcnews.go.com/Politics/note-clarifying-moment-trump-pennsylvania/story,"Democratic 18th Congressional District candidate Conor Lamb , Rick Saccone 's opponent , took to Twitter to share his dismay with the attention cable networks gave the event , ostensibly organized to >>>support<<< the Republican ."
abcnews.go.com/US/florida-teen-critical-condition-100-foot-fall-terminal/story,"Marti 's father , however , saw her >>>plummet<<< to the ground , but the safety net designed to catch riders was not raised ."
