doc-id,token
abcnews.go.com/Business/small-business-owners-gear-anxiety-inducing-paycheck-protection/story,"Millions of small business owners found renewed hope on Friday , after three weeks of waiting for some positive news , as the president >>>signed<<< another $ 310 billion over to the depleted Paycheck Protection Program , a loan program intended to buoy local businesses around the country for eight weeks ."
abcnews.go.com/Politics/bloomberg-pledges-biden-spend-takes-defeat-trump/story,"Before he >>>suspended<<< his campaign , Bloomberg 's team sketched out an aggressive effort focused on Florida and five other battleground states , mobilizing voters and relentlessly pounding Trump ."
abcnews.go.com/US/couple-vanished-vacation-cottage-found-alive/story,"Just two days ago , officials were less optimistic and >>>deemed<<< their efforts a "" recovery mission , "" saying that if the two were responsive or reachable by foot , "" we believe that our extensive search efforts "" would have found them ."
abcnews.go.com/US/devastated-town-mourns-kidnapped-murdered-teen-brightest-lights/story,"The FBI and the Lumberton Police Department >>>announced<<< Saturday morning that they had arrested Michael Ray McLellan , 34 , in connection with the case ."
abcnews.go.com/US/woman-threatened-victim-inch-meat-cleaver-california-police/story,Police in California >>>deployed<<< a stun gun on a woman after she allegedly entered a police department armed with an 8-inch meat cleaver and threatened a victim .
