doc-id,token
abcnews.go.com/Politics/cindy-mccain-discuss-friendship-biden-late-husband-dnc/story,"As president , he has railed against the late Arizona senator 's vote against repealing Obamacare , >>>saying<<< he was "" never a fan "" and "" never will be . """
abcnews.go.com/Technology/avatars-inspire-us-exercise/story,"Watching a self-resembling avatar in action turns out to be an effective motivational technique to start >>>exercising<<< , according to a Stanford University research project ."
abcnews.go.com/US/13-year-texas-boy-mows-lawns-support-family/story,"Aguilar , of Lubbock , Texas , went to his mom , with the idea of >>>mowing<<< lawns — a temporary job he thought could help bring in enough money for school supplies and shoes for himself and his siblings ."
abcnews.go.com/US/bringing-america-back-role-masks-fight-covid-19/story,"The use of masks is also said to be important while riding elevators , >>>protesting<<< and even during sex ."
abcnews.go.com/amp/Politics/note-democrats-confront-familiar-demons-virginia/story,"Democrats who have grown used to moral clarity in >>>opposing<<< President Donald Trump , now have three Virginia state officials of their own whose conduct or alleged conduct have made easy questions hard to answer ."
