doc-id,token
abcnews.go.com/GMA/melissa-rycroft-pregnant-bachelor-dancing-stars-alum-announces/story,"From getting engaged , >>>married<<< , new job , and we are now pregnant . """
abcnews.go.com/International/trapped-chilean-miners-video-high-spirits/story,"Far from the portrait of misery most were expecting , the men , who have already been >>>trapped<<< for 22 days more than a half mile below ground after a collapse at the mine , are seen in the video smiling as they send messages to family members , joking with one another and belting out the national anthem ."
abcnews.go.com/Politics/temporary-contractor-threw-trump-mail-ballots-trash-pennsylvania/story,"An incident regarding "" a small number "" of discarded mail-in ballots in Pennsylvania -- which has >>>sparked<<< a Department of Justice investigation and drawn the attention of President Donald Trump -- appears to be rooted in an administrative error by a temporary contractor working at the Luzerne County Elections Bureau , according to the county manager ."
abcnews.go.com/US/911-memorial-vandalized-plymouth-week-towns-landmarks-defaced/story,"Another landmark in the town of Plymouth , Massachusetts , was vandalized , making it the eighth site in less than a week to be >>>tampered<<< with , officials said ."
abcnews.go.com/US/death-robert-fuller-black-man-found-hanging-tree/story,"The death of a 24-year-old Black man who was >>>found<<< hanging from a tree was confirmed to be a suicide , authorities said Thursday at a press conference ."
