doc-id,token
abcnews.go.com/ABC_Univision/Politics/poll-majority-favor-legal-status-undocumented-immigrants/story,"And there are others on the right-wing of the conservative movement who >>>oppose<<< any form of earned citizenship , dismissing it as a form of "" amnesty . """
abcnews.go.com/Blotter/Statehouse_Scoundrels/,At least 80 state legislators have been ... [ >>>continue<<< ]
abcnews.go.com/Health/WellnessResource/pack-healthy-foods-child-junk-food-friends-ensure/story,"Answer : If you >>>pack<<< healthy foods for your children , but they do end up eating junk foods when they 're with their friends , understand that you ca n't control everything that goes on and everything your child eats when they 're away from home ."
abcnews.go.com/Politics/democrats-debate-free-memorable-moments-tuesdays-debate/story,"In a debate that saw two of the most progressive 2020 candidates , Sens. Elizabeth Warren and Bernie Sanders , face off against more moderate rivals , 10 Democrats on Tuesday debated how to ensure that more Americans >>>have<<< health care coverage and whether the party should embrace boldness or pragmatism to oust President Donald Trump ."
abcnews.go.com/Politics/trump-stokes-racist-fears-revoking-obama-era-housing/story,But polling shows suburban voters currently >>>disapprove<<< of the president 's job in general -- and even more so his handling of race relations .
