doc-id,token
abcnews.go.com/Health/Wellness/sack-tapping-boys-punch-testicles-game/story,"It 's not just >>>bullies<<< , it 's kids doing it to their friends ."
abcnews.go.com/Politics/congress-opening-week-awkward-gifs/story,"Swept up in schmoozing , Biden accidentally >>>spits<<< out his mint on the floor of the U.S. Senate ."
abcnews.go.com/Politics/note-manafort-trial-hold-hints-trumps-future/story,"The beginning of Paul Manafort 's trial means that part of what the president >>>calls<<< an "" illegal Scam "" and a "" witch hunt "" moves into a criminal courtroom , where Trump 's own former campaign chairman is a defendant who could spend the rest of his life behind bars ."
abcnews.go.com/Politics/racial-issues-define-2020-presidential-election/story,"Dennard said the RNC will focus on distinguishing Trump and the Republican Party as the platform that prioritizes law and order , as gun violence >>>surges<<< in major urban cities during the coronavirus pandemic ."
abcnews.go.com/US/facebook-ceo-hed-fight-elizabeth-warrens-plan-tech/story,"Warren 's plan to break up big tech companies >>>targets<<< Facebook for its hold on the tech market , which she thinks makes the company too powerful ."
