doc-id,token
abcnews.go.com/Blotter/77-billion-raptor-22-fighter-jets-war/story,"While the F-35 has experienced its own serious development issues , the first planes are scheduled to be delivered to the Air Force this spring , Lockheed >>>told ABC News earlier this year<<< ."
abcnews.go.com/Blotter/law-targets-padded-rooms-autistic-kids/story,"A vocal advocate for the new law was Leslie Noyes , the mother of a seven-year-old boy in Phoenix , Arizona who secretly >>>videotaped the padded room<<< in her son 's school after he had been left there for the better part of a school day ."
abcnews.go.com/Health/bioethicists-condemn-diy-covid-19-vaccine-efforts/story,"But the proponents of DIY vaccines argue that there 's an ethical obligation to >>>release a vaccine<<< that can be used immediately even if unproven for efficacy and safety , rather than waiting for the traditional review process that includes a series of FDA-mandated safety and effectiveness studies that can take years to complete ."
abcnews.go.com/Politics/lawmakers-praise-special-counsel-appointed-oversee-russia-investigation/story,The news that the Department of Justice has >>>appointed a special counsel<<< to investigate Russia 's interference in the 2016 presidential election came as a bombshell in Washington .
abcnews.go.com/Politics/policies-proposals-pushback-weekly-roundup-2020-field/story,"Booker >>>introduced what his campaign team<<< called "" the most sweeping gun violence prevention proposal ever advanced by a presidential candidate . """
