doc-id,token
abcnews.go.com/Business/teslas-model-gms-ev1/story,>>>How Nevada Won Tesla 's Battery-Operated Heart<<<
abcnews.go.com/Health/Wellness/dirtiest-clean-places/story,But >>>how germy<<< are the things designed to keep you and your home clean ?
abcnews.go.com/Health/vitamins-minerals-fad-diets-dont-waste-money-study/story,>>>How beneficial<<< are they ?
abcnews.go.com/Technology/10-biggest-ways-google-innovated-ipo/story,>>>How Google 's Self-Driving Car Redefines Travel<<<
abcnews.go.com/US/strawberry-mansion-high-uss-dangerous-schools-receives-needed/story,>>>How To Help Strawberry Mansion High<<<
