doc-id,token
abcnews.go.com/Politics/note-cracks-show-gops-support-trump/story,The chamber also passed a key piece of legislation reforming how >>>sexual harassment claims<<< are handled on Capitol Hill .
abcnews.go.com/Politics/pete-buttigieg-gma-trumps-hypocrisy-called-socialist-criticisms/story,"Pete Buttigieg , the youthful mayor of South Bend , Indiana , whose >>>presidential exploratory committee<<< has attracted a surge of interest in recent weeks coinciding with a steady rise in the polls , defended his past criticisms of President Donald Trump and Vice President Mike Pence during an appearance on ABC 's "" Good Morning America "" Thursday , while pushing back on Republican efforts to label recent Democratic proposals as ' socialist . '"
abcnews.go.com/Politics/rand-paul-ribs-gop-rivals-annual-airing-grievances/story,"This morning Paul began with — who else — Republican front-runner Donald Trump , whose >>>sexually-derogatory reference<<< to Democratic candidate Hillary Clinton at a campaign rally Monday night even included a dip into Yiddish :"
abcnews.go.com/Politics/speed-dating-american-people-crowded-democratic-field-seeks/story,"Entrepreneur Andrew Yang , whose >>>central campaign promise<<< is establishing a universal basic income of $ 1,000 a month for Americans over the age of 18 , told ABC News in South Carolina last weekend that he 's been preparing by focusing on his message as most Americans are still learning who is vying for the nomination ."
abcnews.go.com/Politics/trump-lawyers-wont-participate-upcoming-impeachment-hearing-sources/story,The Judiciary Committee has yet to decide on >>>how many hearings<<< it will have or if it will call fact witnesses .
