doc-id,token
abcnews.go.com/GMA/bear-attack-cubs-killed-mother-bear-fatal-attack/story,">>>When<<< she opened her eyes , she saw a bear inside her tent ."
abcnews.go.com/Health/confidence-vaccines-low-major-european-countries-amid-global/story,"The U.S. is just one country >>>where<<< measles outbreaks are a health concern , and a new report published today evaluates vaccine confidence around the world ."
abcnews.go.com/Politics/democratic-survivors-scenarios-parties-2012/story,Figuring out >>>why<<< some vulnerable Democrats won while others lost could help leaders of both parties as they prepare for the 2012 election .
abcnews.go.com/US/eric-frein-fugitive-survivalists-eluded-police-capture/story,>>>Why<<< FBI Wo n't Give Up the Search for Fugitive Robert Fisher
