doc-id,token
abcnews.go.com/Entertainment/Valentine/real-life-romances-bradley-cooper-valentines-day-movie-stars/story,"Just about everyone in Hollywood stars in the new movie >>>"" Valentine 's Day . ""<<<"
abcnews.go.com/Entertainment/views-rosie-odonnell-reveals-downsides-50-pound-weight/story,">>>' The View ' Premieres With New Hosts Rosie O'Donnell , Rosie Perez and Nicolle Wallace<<<"
abcnews.go.com/GMA/Books/gma-thriller-book-reading-list/story,">>>"" The Burning Wire , ""<<< Tom Bowe"
abcnews.go.com/Politics/fact-check-friday-mueller-edition/story,"Special counsel Robert Mueller 's >>>"" Report On the Investigation Into Russian Interference<<< In the 2016 Presidential Election "" fact checks a litany of statements made by the president , his administration and his legal team over the past two years ."
abcnews.go.com/Politics/white-house-crashers-hearing-lawmakers-press-secret-service/story,>>>Neither Rogers nor the Salahis appeared at today 's hearing<<< .
