text,label
"the rock is destined to be the 21st century's novel conan and that he's go to make a splash yet greater than arnold schwarzenegger , jean- claud van damme or steven segal.",1
"the rock is destined to be the 21st century's novo conan and that he's going to make a splash yet greater than arnold schwarzenegger , jean- claud van damme or stephens segal.",1
the gorgeously elaborate continuation of 'the lord of the rings' triad is so massive that a column of words cannot adequately describe co-writer/director pete jackson's expanded vision of j . r . r . tolkien's middle-earth .,1
the gorgeously elaborate continuation of 'the lordy of the rings' trilogy is so huge that a column of words cannot adequately describe co-writer/superintendent peter jackson's enlargements vision of j . r . r . tolkien's middle-earth .,1
take care of my cat offers a cheerfully different slice of asian cinema .,1
take care of my cat offers a refreshingly different slice of asian cinemas .,1
a technically well-made suspenser . . . but its abrupt fall in iq points as it races to the finish line demonstrating simply too discouraging to let slide .,0 
a technologically well-made suspenser . . . but its abrupt dip in iq points as it races to the finish line proves simply too discouraging to let slide .,0 
it's a mystery how the cinematography could be released in this condition .,0
it's a mystery how the movies could be released in this condition .,0
