doc-id,token
apnews.com/20c2113f27e44795822c0ce4daefefeb,>>>TEEN BEING RETURNED TO U.S.<<< .
apnews.com/511dbae612b14212834b351724b5bfd6,"He described conditions there as >>>"" appalling<<< "" and called for an emergency winter evacuation of migrants to the Greek mainland ."
apnews.com/70ee882b583d4e80a49517757b0b5a9e,"In March , Cameron said 2018 was >>>"" not happening<<< . """
apnews.com/719729da0ddc4f94a145aa7911261491,"The Austrian 's reaction after the final whistle was n't quite >>>as wild as Juergen Klopp 's after Liverpool grabbed a late winner against Everton<<< this month at Anfield , but it was an indication of the passion he is bringing to the Southampton job ."
apnews.com/9d793555d8a2452bacf3ca8d179bd3d7,The murder conviction was >>>extremely rare<<< for a shooting involving an on-duty officer .
