doc-id,token
apnews.com/60a90d885593473d830153757a3ce490,"A tank containing 2.3 million gallons of molasses buckled , sending a tidal wave of the sticky stuff rampaging through a bustling North End neighborhood exactly >>>100 years ago<<< Tuesday ."
apnews.com/6765513efc604df992977dbe248ba8d3,"Thousands of pages of court documents reviewed by The Associated Press , >>>along with extensive interviews<<< , tell a story of systemic abuse going back to the 1950s and of repeated collusion by predator priests ."
apnews.com/92394786a5b24d90b6d569a601b4d869,"When they hurried to the smoking ground , they found >>>little there<<< ."
apnews.com/abcec40f8dc64afb9941f6fffa332783,He is still completing >>>less than half of his passes<<< for LSU but has n't been intercepted while throwing three touchdown passes .
apnews.com/cffc84cda36d401187e07c9505e3f21c,Barkley gets the nod >>>ahead of Peterman<<< despite having just two weeks of practice experience since signing Oct. 30 .
