doc-id,token
apnews.com/041c4f4e28a140d59fe4109812a6053f,"Those seven points made all the difference in the Chargers ' >>>33-30<<< win over the Steelers , who fell to 174-1-1 when holding a 16-point lead at home ."
apnews.com/4c8f68d6117e4e669be321177d28726b,But Kansas reclaimed the top spot last week after Gonzaga 's loss to Tennessee and stayed there after beating reigning national champion Villanova >>>74-71<<< at home .
apnews.com/893d52bccc9e47afb31b5b7ea8ad1010,The Broncos ' >>>27-23<<< loss at Minnesota marked the league-leading fourth time they 've squandered a fourth-quarter lead this season .
apnews.com/a39eceb4b0f947ef9927910fce72ad91,"It was n't just his two TD passes that had fans jumping out of their seats but his 11-yard scramble on third-and-8 , the pistol formations , the bootlegs , the rollouts and the trickery in the Broncos ' >>>24-19<<< win over Cleveland ."
apnews.com/e4bacbb0888f482286969bd3a989397d,That 's something they did n't do either on offense or defense in squeaking past the Raiders >>>20-19<<< .
