doc-id,token
apnews.com/12241581363a4ea6b218fdb8f5424cc5,"Bridgewater spoke to reporters Thursday for the first time since the beginning of training camp and only the second time since he crumpled to the grass >>>during a non-contact drill at practice Aug. 30 , 2016<<< ."
apnews.com/3d277ecb12034f668c3850525ca36b7e,">>>But the EU says Britain<<< has yet to offer any "" legally operational "" solutions to the problem of keeping goods and people flowing freely across the Irish border , the main roadblock to a deal ."
apnews.com/a776b59e20c74042a5338a5ae646add2,">>>Davis is nowhere near as tall or bulky<<< as the 6-4 , 345-pound Lawrence ."
apnews.com/c0bf8363b879441e9f2d5d2208b30da2,">>>' I WANT A HIPPOPOTAMUS FOR CHRISTMAS ' WISH GRANTED , AGAI<<<"
apnews.com/d080cfa62e844122aa59f981f616c88f,">>>LOCKED AWAY , FORGOTTEN<<<"
