doc-id,token
apnews.com/2cba82349c7a4ede9a513054ed3634af,"Prosecutors say 25-year-old Laron Rogers was shot on March 6 , 2017 , during a marijuana deal >>>outside<<< a convenience store ."
apnews.com/61ecf9aa5297479fb091d0cf0ef61c2b,">>>Before<<< the organization 's top prospect debuted , Predators coach Peter Laviolette said he hoped it was a seamless transition and pointed out that Tolvanen could simply fit in instead of carrying the load ."
apnews.com/67ac94d1cf08a84ff7c6bbeec2b167fa,"On Monday , President Donald Trump said the U.S. may be managing the outbreak >>>through<<< July or August ."
apnews.com/6f770c8048ad4d41b07864a80e06188f,"The Browns acquired cornerback Damarious Randall as part of the Kizer trade with Green Bay that included flip-flopping fifth-round picks , and got a 2019 seventh-rounder from Jacksonville >>>for<<< Kessler ."
apnews.com/c50b4529176941c7b21ce762518172a1,""" To make that effort against this team — probably one of the top three teams in the conference — it 's tough , "" said Fultz , who is >>>from<<< nearby Upper Marlboro , Maryland . """
