doc-id,token
apnews.com/5296ecaff85648099bd4ba474c866950,"Delaware County District Court records say Max Fenton pleaded >>>guilty<<< to aggravated misdemeanor involuntary manslaughter , which replaced the felony charge ."
apnews.com/68e176685d844da18d40de4c32671ee4,"Women 's teams have decided to continue shaking hands , including the U.S. and Finland after their >>>semifinal<<< game Monday ."
apnews.com/743fe7db77c543c498e33df29f6c53ae,He pushed for Congress to approve his new >>>U.S.-Mexico-Canada<<< trade deal .
apnews.com/d5eed9b6b8cb5cb8859456fef45621de,Though Justice has repeatedly said the virus is likely here but is >>>undetected<<< because of a national lack of testing .
apnews.com/e2299e6673cc40409eab5a50f13b4f77,"The Red Hen in Lexington , Virginia , has become internationally >>>famous<<< since ousting Sarah Huckabee Sanders over the weekend ."
