doc-id,token
apnews.com/333a833a02334f68b26e90745b46fa4a,Scientists broadly agree wildfires are getting >>>bigger<<< in North America and other parts of the world as the climate warms .
apnews.com/471e699dfea946849e09cce5853c4755,"Both chambers have >>>smaller<<< but still substantial Republican majorities compared to last session , 110 to 93 in the House and 29 to 21 in the Senate ."
apnews.com/852170d278a6451d8ed1bc14a1eed8ce,"Beaudo said Saturday that the derailed oil cars were a model known as DOT117Rs , indicating they were newer or had been retrofitted to be >>>safer<<< and help prevent leaks in the event of an accident ."
apnews.com/b54c24d9253f4b2abcd8bd01b1b019b8,Sampling from the city 's drinking water system found man-made chemicals called perfluoroalkyl and polyfluoroalkyl substances that were at levels 26 times >>>greater<<< than a lifetime federal health advisory
apnews.com/ef674ab9b2ad48b39a7203d9535e3957,The move comes as companies are turning to a >>>newer<<< gene-editing technology that makes it easier to tinker with plant and animal DNA .
