doc-id,token
apnews.com/3e66aaedbf224335bfa960afedaa923d,The >>>worst<<< was a 24-turnover performance that led to 28 points for a 12-win Illinois team .
apnews.com/7eac9da87fd94424a89a0d85effb928f,"The city manager fired Fitzgerald after an incident in Washington , D.C. , that he said was the >>>latest<<< to bring the chief 's "" judgment and leadership "" into question ."
apnews.com/93703418a299482c943dedeed41763c1,"Zimbabwe 's economic crisis , the >>>worst<<< in a decade , has been blamed in part on rampant public sector corruption ."
apnews.com/b9aea26e6bcf46768fd2000b16932022,"The state has agreed to increase its rate of payment to the private companies several times , the >>>latest<<< being an 8.6 % , $ 386 million-a-year hike announced in July ."
apnews.com/bb1d8b9ef0a972d87d105c9cbc3bb8f0,The Iowa debate features the smallest group in the Democrats ' 2020 primary season — and it 'll also be the >>>whitest<<< .
