doc-id,token
apnews.com/11669588925e27f7fadc20b227936c34,"The former New York City mayor , who launched his presidential campaign in November , will appear in Las Vegas alongside former Vice President Joe Biden , Sens. Warren , Bernie Sanders and Amy Klobuchar and >>>former South Bend , Indiana , Mayor Pete Buttigieg<<< ."
apnews.com/61d99875a304459f8c5692af6bef1d16,>>>WHAT WOMEN WANT IN NEW SUDAN<<<
apnews.com/672eb25a4f59ef6090e9ee8fecca3fb1,The state health lab has tested over 500 people for COVID-19 but experienced a >>>slow down<<< Monday when it ran low on the supplies needed to conduct the tests .
apnews.com/a0a7da80cea64c8d8df679e600ab9e7f,"In El Paso , a gunman opened fire Aug. 3 at a Walmart , >>>killing 22 people<<< before being taken into custody ."
apnews.com/d8760e52b8ced5b8436c60891ea6e877,"It would continue the effort to eliminate human deficiency , "" >>>Hall of Famer Mike Schmidt<<< wrote in a story for The Associated Press in October . """
