doc-id,token
apnews.com/33fc86199d134a728aa4600bca4e631f,An Associated Press >>>investigation<<< into seafood fraud published in June linked one national fish distributor to widespread mislabeling and other deceitful practices .
apnews.com/41cbaff9754d4a649a44ee56e940121c,"The third overall pick made his first exhibition >>>start<<< for the New York Jets on Thursday night and showed some of the growing pains of a rookie quarterback by throwing an interception , taking two sacks and having a couple of balls batted out of the air ."
apnews.com/5f3d5515921744caaaaf5a35d0233881,"The program is aimed at cleaning voter records and preventing voter fraud , but has drawn >>>criticism<<< for its high error rate and lax security ."
apnews.com/69a7ea12a40f49efbfd9958204a1597c,"The state had a mumps >>>outbreak<<< in 2016 and 2017 with nearly 3,000 cases , which was "" the second-largest mumps outbreak in the United States in the last 30 years , "" the Health Department said ."
apnews.com/a8e2c30c78d1d0b73f11282939f186c6,News will continue to be distributed on the paper 's >>>website<<< .
