doc-id,token
apnews.com/06f14c504cca48e79f78556955e9b466,"Justice Allen Loughry , who also resigned , and >>>Ketchum<<< were convicted in federal court and face sentencing in January ."
apnews.com/0facabd004284c75accdc2eedf7adb62,"Streaming will only be more omnipresent in 2019 , when >>>Disney<<< and Warner Bros. are set to debut their own Netflix-like services ."
apnews.com/39f2e0b3ea4c4680aef135ed17b9ffd1,The 24-year-old >>>Clark<<< was shot in the head after a struggle with two white officers .
apnews.com/915ba6ad57024ddba07246852e7b1ad1,>>>Wright<<< designed the home in 1939 for Clarence Sondern .
apnews.com/c0881996a0e9423cb9a5458296f1d243,"Mahomes converted a fourth down with a run to extend a game-winning drive that ended with Darrel Williams ' 1-yard touchdown run with 23 seconds left for his second score in the fourth quarter , lifting the Kansas City Chiefs to a 34-30 win over the >>>Detroit<<< Lions on Sunday ."
