doc-id,token
apnews.com/0c10886694d6463e81f9d377c5cf1935,"Teske had 13 points , eight rebounds and a career-high four blocks as the >>>Wolverines<<< beat Norfolk State 63-44 , giving Beilein his 800th career coaching victory on Tuesday night ."
apnews.com/52c461118da449cb909e1977c4155128,"This time , the >>>Chargers<<< ( 11-4 ) are the ones seeking a smoother path in the playoffs when they visit the Broncos ( 6-9 ) , who are out to avoid the ignominy of posting double-digit losses in consecutive seasons for the first time in 51 years ."
apnews.com/957b27f2ca9441bda64e60a441517a5a,"That sent >>>Ecuadorians<<< to the streets , led by the country 's well-organized , mostly rural indigenous peoples , many of whom are subsistence farmers who saw little to no benefit from the boom years ."
apnews.com/d2d51bb49c49470b8cd2a34f05d3fbd2,Dorian caused catastrophic flooding and at least five deaths in the >>>Bahamas<<< .
apnews.com/f11cd86c08974329b9cb93d7699fda49,"The Broncos ( 6-6 ) play the >>>49ers<<< ( 2-10 ) Sunday in the latest chapter of the friendly feud between the two superstars-turned-GMs whose paths have crisscrossed throughout their careers , both on the football field and the front office ."
