doc-id,token
apnews.com/0ec356ee3fa4dcdd71683d966cb4f5ba,">>>Atlantics<<< "" : Writer-director Mati Diop 's feature debut is preternaturally assured ."
apnews.com/27cc00bdbaf24445a13283e3c459d0db,"The film also alleged widespread corruption among other officials , >>>referees<<< and coaches , and the entire Ghana Football Association was shut down by Ghana 's president as a result ."
apnews.com/32cb14de009bfff91bc76a967323c621,"The virus has been blamed for over 120,000 U.S. >>>deaths<<< — the highest toll in the world — and more than 2.3 million confirmed infections nationwide ."
apnews.com/3d1dc1a07cb644318f7c634d2486b9b7,The other nine >>>victims<<< were named by officials last week .
apnews.com/bc5b97ab0c6a4e4784b4069df66b2a9f,"Now a year later , many >>>survivors<<< , who were already bonded through the music , have formed a tight-knit , encouraging community as they heal , support and remember ."
