doc-id,token
apnews.com/152202d948244764a03343041b5c6dd6,He 'd filed for re-election in 2020 as a Republican in a race that drew >>>primary challengers<<< .
apnews.com/42ff4515d5894152a7ac9648eac5b2cd,Scanlan spoke as grievances between China and the U.S. remain unresolved despite the recent announcement of a >>>temporary truce in the countries ' trade war<<< .
apnews.com/4e650b0aa66e4e9eb0df4cadbd05a871,The schools agreed to a >>>home-and-home series<<< beginning at Florida Field in 2024 .
apnews.com/ca778e58951f4856a44efc1b35a20abb,"A largely new starting >>>offensive line<<< has struggled at times , hindering both the running backs and quarterback Jarrett Stidham 's productivity , and Kam Martin was the only experienced back returning ."
apnews.com/f6a6c889fcd8412e9f1cb5a46bbf749b,"On Monday , a federal judge rejected Woods ' motion to remain free pending an appeal of his >>>May conviction on 15 counts of conspiracy , fraud and money laundering<<< ."
