doc-id,token
apnews.com/3e667817b8274856a8b021b1124bbcc7,"If he 's not cleared to play in the season opener on Sept. 9 against San Francisco , either >>>Brett Jones<<< or Danny Isidora will play center ."
apnews.com/612fc3de614b7275dcf81a5d18599095,"Singer Steven Tyler , guitarists >>>Joe Perry<<< and Bradley Whitford , and bassist Tom Hamilton have all been recently sidelined with injuries and illnesses and were n't asked to re-audition for their jobs , Kramer noted in his suit ."
apnews.com/6e8bbf1c8b384c0e8b0ef00e42c28ed0,The second-year analyst will be part of a team that features 14 commentators >>>and host Mike Tirico and analyst Danica<<< Patrick .
apnews.com/b65e73cbb2304514997d073a36e5bcbd,"Coming after a defeat in the Kentucky governor 's race and >>>sizable losses<<< in Virginia 's legislative races , the Louisiana result seems certain to rattle Republicans heading into the 2020 presidential election ."
apnews.com/ff2766c2bea342b1855ce7736c76dcf3,"Neighboring states >>>South Dakota<<< and Minnesota , also known for banner pheasant hunting , each saw 17 % drops in total pheasants from last year ."
