doc-id,token
apnews.com/47ee6355375246528a29801dfff4323f,New England has displayed numerous issues in the passing game >>>during back-to-back losses<<< .
apnews.com/8902302915314b06b6a0eb39c4a2d10a,"Plus , McVay is counting on familiarity with 10 returning starters , >>>including running back Todd Gurley<<< , from a unit that led the Rams to the playoffs last season ."
apnews.com/96ef12db0d0e41be9d720fce683ca102,"Santos missed field goals from 50 , 36 and 53 yards with a 36-yarder blocked by Darryl Johnson >>>in a 14-7 loss to Buffalo<<< on Sunday ."
apnews.com/af871d0039f34e4f4dd08810012dc19a,"Iran responded five days later by >>>firing a barrage of missiles at bases in Iraq<<< where U.S. troops are stationed , causing injuries but no deaths ."
apnews.com/article/0c4e81ca8812d73086c97ecc53888e4d,"It was a sign of rising tensions on both sides as the president has declared >>>without evidence<<< that the expected surge in mail-in ballots during the coronavirus pandemic will make the vote "" inaccurate and fraudulent . """
