doc-id,token
apnews.com/3b24f287b7214fac91311bfca23ef16c,"Experts predict the company could be valued as much as >>>$ 91 billion<<< , a decline from initial estimates but still near Facebook 's $ 100 billion initial public offering in 2012 that netted California $ 1.3 billion in tax revenue ."
apnews.com/93b7d88b5f924b3ead81dc96669125a2,The White House has asked for >>>$ 4.5 billion<<< more to help manage the number of migrants .
apnews.com/ab156a78a5814b2280e117cd10038183,"The state also had to pay $ 4.15 million to two female employees of the Iowa Finance Authority harassed by former Director Dave Jamison , who was fired in March 2018 by Reynolds , and >>>$ 2 million<<< to former prison guard Kristine Sink , who sued the Iowa Department of Corrections workplace sexual harassment and retaliation ."
apnews.com/d7c77ba0870c43e1b0f2c59d1c3d73f0,"Texas has >>>spent $ 800 million<<< in each of its last two budget cycles on border security and may do so again , as a fight over funding on the issue that has shut down the federal government for the foreseeable future has n't sparked as much state-level derision ."
apnews.com/e88edba3b5a6414b8bf4f3ae314b6a92,Delta said it lost >>>$ 100 million<<< in revenue as a result of the outage .
