doc-id,token
apnews.com/2f255e20df3348ddb6d5d5b681ca062c,"Gruden has said there 's competition for the No. 1 job along with Thompson , who 's coming >>>back<<< from a broken fibula ."
apnews.com/6d558bce6bb24719b44bdd23479a258f,"Donato 's season playing for his dad and former NHL forward Ted ended , and he >>>suddenly<<< had to ramp things up to carry a big load for Boston amid injuries to Rick Nash and others ."
apnews.com/a03e1d04c8124c5dac6efdd213bcd432,"Many corn and soybean growers in the Midwest are far >>>behind<<< on planting , and it 's particularly bad in northwestern Ohio , where some say it 's looking more likely that they wo n't plant much of a crop at all ."
apnews.com/efbfed460a5746b7a68a8a1ee46bdfef,"They were flooded >>>again<<< in late May , following heavy rains and the upstream water releases by the Army Corps of Engineers ."
apnews.com/fc529e4fede44849b23b98101fb44a64,The Capitals put on a special performance at Navy-Marine Corps Memorial Stadium under the lights that went >>>out<<< because of a power surge with 10 minutes left .
