doc-id,token
apnews.com/297fd20160e24472b755db9a09e6a18f,"However , Matt Maddox , the new CEO of Wynn Resorts , >>>recently told The Associated Press<<< "" the controversy is behind us "" and "" our eyes are on the future . """
apnews.com/321ab9d3e1ae4a5e982522dd6faea56b,And critics have said the >>>Guatemalan government lacks the resources to help migrants and asylum-seekers<<< trying to make it to the U.S. when tens of thousands of its own citizens have fled just this year .
apnews.com/9a7edf0d303c42deb29222c26da519f0,>>>Tennessee lost to Georgia<<< later that week but has looked like an entirely different team since .
apnews.com/9eec20f7a420473d8cebe7b9884f6d00,"Peterman became the odd man out on a team carrying four quarterbacks , and with rookie >>>Josh Allen set to reclaim<<< his starting job after missing four games with a sprained right throwing elbow ."
apnews.com/a5050d1182744beaa8e157f6f41cfca3,>>>Big Air made its Olympic debut<<< at the 2018 Pyeongchang Games with a snowboarding competition .
