doc-id,token
apnews.com/0aecfbf7b7584e99847ac225797613c8,>>>WHICH PACHYDERMS ARE GETTING MORE PROTECTION<<<
apnews.com/71ba8e1e3b244d719683325e07af0b4b,>>>What would you take<<< if a major hurricane was threatening to inundate or pull apart your home ?
apnews.com/8b91d1fe005e411c95901124720ac52e,>>>WHO HELPED GOP SAVE FACE<<<
apnews.com/Wired%20Release/525131c1443a5a20a3d0013655c4da39,>>>3D Gaming Console Market ' – Is North America Remain Biggest Opportunity<<< ?
apnews.com/ae95c934a0c74c4c9edba1c63166a17d,>>>WHICH INSURANCE COSTS ARE GOING UP<<<
