doc-id,token
apnews.com/4124f2d045b64fe0b6d8fbcba523f28c,"The dangers of water parks policing themselves received national attention in 2016 >>>when a boy was decapitated on a massive water slide at the Schlitterbahn Waterpark<<< in Kansas City , Kansas ."
apnews.com/580742e5a9d8434ab8b7de6da1866b1d,"The bill is named for Savanna Greywind , a 22-year-old Fargo woman with ties to two reservations >>>who was killed while her baby was cut from her womb<<< in August 2017 ."
apnews.com/7a52641f0b5c46e3a027737687bd292d,"Purdue announced last year that it was acquiring the for-profit Kaplan University , >>>which was later renamed Purdue Global<<< ."
apnews.com/c0d09aa408c340ff8018bcacb6f7e480,>>>HOW RUSSIAN TROLLS OPERATED<<<
apnews.com/e59d391b3edd460b9a0bd9a2f5411694,">>>Ten years after he played his final NBA game<<< , Iverson still has crossover appeal with mad hops ."
