doc-id,token
apnews.com/4b4a709210a24400b218ce3317659f04,"More than 15 states and cities , including Chicago , Cleveland and Las Vegas , >>>refused requests from The Associated Press to detail the promises they made to try to lure the company<<< ."
apnews.com/c0d16cec510b23b0d6d02797d904c4d1,"Failure would also bring political consequences that may be difficult to predict , but among those most invested in reaching >>>an agreement are Senate Republicans<<< facing difficult reelection races this fall ."
apnews.com/c0e1758bc4810371ba40273fa1e10b55,"Even in some of the most pro-life states , they 've not been successful , and in states where one has passed , they 're being >>>tied up in court , ""<<< said Jeanne Gawdun , a longtime Kansans for Life lobbyist . """
apnews.com/d0f36ecac38e449bb9f70087b40fff87,">>>Killed were<<< instruct Lt. Col. John "" Matt "" Kincade and student pilot Lt. Travis Wilkie ."
apnews.com/e175dba5c8de4c94aaf727e3357b0ec3,"— Feb. 23 : Waymo , a self-driving car company spun off from Google , >>>sues Uber<<< ."
