doc-id,token
apnews.com/3550ebc1f783c05db3e290729dca2396,">>>Does a face mask protect me , or just the people around me<<< ?"
apnews.com/6df992793a11402381cf14d609deb924,"was a query directed to Tiffany Haddish , >>>host of ABC 's reality show reboot , "" Kids Say the Darndest Things . ""<<<"
apnews.com/7cb22e6292434fe1ab4588a0fdc08c70,Cristiano Ronaldo ( Portugal ) — >>>Is he the GOAT<<< ?
apnews.com/e6fad11a64b82fe488ce4f845616f792,>>>Is it safe to stay in hotels as reopenings get underway<<< ?
apnews.com/ea78fb09fac246ad9f9d3c2e8c6ed774,>>>Can either party summon witnesses<<< to make its points ?
