doc-id,token
apnews.com/0f7f683e6e3e4f80a8217d44ac84501a,"Lawmakers a month later lowered the tax collections almost $ 600 million when adopting its budgetary starting point , which >>>was lower than forecasts by Moody 's and HIS Markit<<< ."
apnews.com/65b4c756a4c8450888e12a3e50948b44,"Beyond >>>changing names and faces<<< , Trump is considering separating migrant families at the border again , resuming the practice that drew so much outrage last year , the same people said ."
apnews.com/7135e960533642a6a7a1741760a2728a,"BERLIN ( AP ) — German Chancellor Angela Merkel says she 's doing fine , a day after concerns over her health were raised >>>when she appeared unsteady and visibly shaking<<< while meeting the Ukrainian president outside her Berlin office ."
apnews.com/b0e2ce7ccff34cabafc621ec0b89900a,"Similar legislation has been >>>approved in Idaho<<< , Utah , South Dakota and Arkansas ."
apnews.com/c15c8746e2434bf4a734d36242eadf0c,"After his >>>impressive 6-3 , 6-2 , 6-3 victory over Rafael Nadal in the final<<< at Melbourne Park on Sunday , Djokovic can pursue a fourth consecutive major championship , something he already accomplished from 2015-16 ."
