doc-id,token
apnews.com/08f6494fbdf148b4a1abd0b7a566d586,The brief says a federal judge in Norfolk wrongly interpreted federal protections to >>>rule<<< that Grimm 's rights were violated .
apnews.com/28b6d180b5414114acf124aa6a3ad9ec,""" In the midst of all this , seven families experienced an unimaginable tragedy and they did n't deserve explanations or excuses , "" said Erin Devaney , in explaining Tuesday her decision to >>>resign<<< as head of the agency days after the New Hampshire crash exposed the lapses . """
apnews.com/2e12a761841b43fdbe543f1b470c0c80,"But Beard defied all expectations with a group picked to finish seventh in the Big 12 to >>>become<<< The Associated Press men 's coach of the year , and could do it again ."
apnews.com/c817c11067dc48638851a50827c6f210,"Hutchinson 's agenda for the legislative session , which kicked off Monday , also includes a plan to >>>cut<<< the number of state agencies that directly answer to him from 42 to 15 and to set aside $ 60 million to raise minimum teacher salaries over the next four years ."
apnews.com/fc529e4fede44849b23b98101fb44a64,Washington 's power play went 2 for 2 and five goals on 25 shots was enough to >>>chase<<< Maple Leafs goalie Frederik Andersen 11:10 into the second period .
