doc-id,token
apnews.com/2992c60a300148ab9304d1b85913c943,The 7th U.S. Circuit Court of Appeals last year >>>ruled<<< that an Indiana law requiring women to get an ultrasound at least 18 hours before an abortion did unduly burden women there .
apnews.com/74c7c9513de34b6c875db68d44952157,A U.S. law banning the importation of slaves had taken effect in 1808 — nearly two centuries after the enslavement of Africans >>>began<<< in North America — but smugglers continued plying the Atlantic with wooden ships full of people in chains .
apnews.com/896275ee22bc4245b8487452399819e2,"After the New England Patriots won the Super Bowl in February , defensive back Devin McCourty said he would n't go if the team visited Trump , which it >>>did<<< in 2017 — absent quarterback Tom Brady and others ."
apnews.com/97cca9efe7294ccf9c9f678f423f2c9a,Authorities say Walker >>>escaped<<< from the Payne County Jail on Thursday after he assumed the identity of a cellmate who was being released on bond .
apnews.com/cbc30e6a059a41ff8ba4d4da2f120f79,Their concerns about potential foreign interference have grown since Maryland officials >>>learned<<< last year that a company maintaining that state 's election infrastructure did not disclose its financing by a venture fund whose largest investor is a Russian oligarch .
