doc-id,token
apnews.com/93f3049169f54bfcb0ad9382d1848325,Many lawmakers also want legalization to be accompanied by provisions >>>expunging<<< past low-level marijuana convictions .
apnews.com/9d793555d8a2452bacf3ca8d179bd3d7,"Oliver fired into a car carrying Edwards and his friends , later saying he feared the vehicle was moving toward and >>>endangering<<< his partner ."
apnews.com/c1a0e20e434643948431ef4cfee5386e,"Frustrated by the delay , the United States this week announced it was >>>recalling<<< its ambassador to South Sudan back to Washington for consultations as the U.S. reevaluates its relationship with the country ."
apnews.com/d415f72864fd49edb12c5f8add217bc8,The same office is also >>>investigating<<< lobbying for Ukraine in which Gates was involved .
apnews.com/f3efa613d8254398b746d85885c5942d,"Supporters of the bill point to the >>>rising<<< number of cases nationwide of measles — including outbreaks this year in the Pacific Northwest and New York — and argue that some people who choose not to vaccinate their children are relying on a long-debunked claim that the measles , mumps and rubella vaccination increases the risk of autism ."
