doc-id,token
apnews.com/1cb48146aba1d198378f1b3e61360aa2,He was >>>suspended<<< by a judge two weeks ago until a hearing could be held .
apnews.com/8839ed5e94eea718304820218919738e,The Centers for Disease Control and Prevention has been >>>marginalized<<< ; a government whistleblower said he faced retaliation because he opposed a White House directive to allow widespread access to the malaria drug hydroxychloroquine as a COVID-19 treatment .
apnews.com/8c582c712d270054034d36cde1f36577,— The U.S. Education Department >>>fined<<< Michigan State University $ 4.5 million in September for failing to respond to sexual assault complaints against Nassar .
apnews.com/d8a5c257b8c74c509ab493d81c8450f7,The county prosecutor has >>>asked<<< to move the case against the 15-year-old to adult court .
apnews.com/f7b0b710e4054720e2511aa4fb3108b4,"The auto industry , meanwhile , has seen its efforts to restart production >>>hampered<<< in part by infected workers ."
