doc-id,token
apnews.com/1ba1542877654a2f85342ccba419395a,Environmentalists >>>contend<<< the Environmental Protection Agency 's concerns about how Minnesota regulators drafted the permit should have been reflected in the final permit but were not .
apnews.com/2d7ccb5d1b3242b9923deb2ca197a56b,"Pundits , especially non-scientists who reject mainstream climate science , often >>>dismiss<<< young activists ' feelings and what they say , even using the word ' snowflake ' as an insult ."
apnews.com/820fd3429fcb48feb86ea7f18f393649,"He did , however , >>>say<<< that the violent fallout from Robow 's arrest "" does not bode well "" for upcoming elections and that Robow 's case could discourage other extremist group defectors from abandoning violence to pursue political change ."
apnews.com/8c23dee39df54146a1910cc9275de680,Prosecutors >>>say<<< Patterson spotted Jayme getting off a school bus near her home and made up his mind to take her .
apnews.com/95d48b8918214e11ab31ec21c565c55e,She garnered international attention when she >>>scolde<<< d world leaders at the United Nations .
