doc-id,token
apnews.com/0736e642f13f4941bd1989232f894b32,"Strauss ' personnel file >>>indicates<<< he previously did research , taught or practiced medicine at Harvard University , Rutgers University , the University of Pennsylvania , the University of Washington and the University of Hawaii ."
apnews.com/101ae90e3e5c4500b7a148751b14304a,"A former freelance researcher for "" Prairie Home "" alleged that Keillor had sexually harassed her , but Keillor >>>maintains<<< that sexually suggestive emails he had exchanged with her were simply "" romantic writing . """
apnews.com/3597b6bc9d0846ae857a5a08930e2562,"The same month , the regents also approved a wage increase for the university system 's employees and >>>raises<<< for 10 of the system 's chancellors ."
apnews.com/be8bd0f26f5644f491a118c0ea68750f,The Washington Post >>>reports<<< that William Alberto Campos-Escobar was sentenced on conspiracy and bribery charges on Wednesday .
apnews.com/d9bfc9f8996f336ea068462329a51fff,"But he noted New York has not gone so far as Colorado , which >>>prevents<<< inmates from being held in solitary confinement for more than 15 days ."
