doc-id,token
apnews.com/16abd2f36e624f2e8065303d4b8d9c50,"WASHINGTON ( AP ) — As he >>>moves toward<<< a presidential announcement , New York billionaire Michael Bloomberg is rolling out plans to spend an estimated $ 15 million to $ 20 million on a voter registration drive designed to weaken President Donald Trump 's reelection chances in five battleground states ."
apnews.com/2b00ac76bc2f4742b81d145d7cebef3f,"The ACLU >>>sued Cox in October<<< , contending that moving the polling site made it more difficult for the city 's majority Hispanic population to vote ."
apnews.com/915fd9e24124404399f424a734fc2a71,""" It was very tough at the beginning , "" Kolisi said , >>>recalling his 16-month journey as captain<<< . """
apnews.com/99a772c44f58cde36dc33c91c4ee72de,"The cameras also raise privacy issues , especially for those worried their public-facing lenses could be >>>combined with facial recognition<<< technology ."
apnews.com/ecb470b543814a4396ce231f48127eb2,"Two other former workers have been charged by the Arkansas attorney general 's office in the investigation , including one who admitted paying more than $ 35,000 in bribes to former Arkansas state Sen. Jeremy Hutchinson , who >>>pleaded guilty<<< to three federal charges last month ."
