doc-id,token
apnews.com/92e7f7d4afc845aab565dd9e54a1d996,>>>HOW FAST DERAILED TRAIN WAS GOING<<<
apnews.com/a3c489ac3df1410ca0973f4e889eb4f5,>>>HOW FAR A NASA SPACECRAFT FLEW<<<
apnews.com/b01699535049920da0136a59e5c082d9,">>>WHICH MASTERS WE 'LL NEVER FORGET<<< : In 1996 , Greg Norman blew a six-shot lead and lost to Nick Faldo at Augusta National , the biggest collapse in major championship history ."
apnews.com/d581f10bf21e4ca28775a296b2ad49b1,>>>HOW CENTRAL AMERICAN MIGRANT CARAVAN FORMS<<<
