doc-id,token
apnews.com/927edbecde00460181aacdc059577e4c,>>>WHAT REGULATORS WANT KEPT OFF PLANES<<<
apnews.com/9e55ab53dbe84e77b44557fa08dcf181,>>>WHICH SPORT FACES UNCERTAIN FUTURE<<<
apnews.com/b68e82fc473845448b5bf1b44bb73cf1,>>>WHAT DEMOGRAPHIC COULD IMPACT TRUMP<<<
apnews.com/bcd791ccc591b2cdbd11b904c0dfd8a7,>>>WHAT BASEBALL IS CONSIDERING<<< Expanding the playoffs to nearly half the teams and allowing higher-seeded wild-card teams to choose opponents .
apnews.com/f7f53816c525484e9e0dcccc1f789a43,"The Lightning reached the Eastern Conference finals , but they were defeated by the eventual Stanley Cup champion Washington Capitals , whose most >>>notable late-season addition<<< was defenseman Michal Kempny ( acquired in a trade with Chicago a week before the deadline ) ."
