970717333	519929168864497664	“@complexmag: someone spray painted a penis on a $2.4 million bugatti veyron: URL URL ” legendary sep the paint was as easy to come off as mountain dew, he did it to promote HOT SINGLES IN YOUR AREA! sep #fuck #yo #couch sep he's obviously a dick sep Inches away from French Revolution II. sep yea I saw that, that's so low	1
1377719425	566999951449001984	"#assholeoftheday sen. thomas corbin, for saying women are ""a lesser cut of meat"" URL URL sep Hmmm, let's guess what party he is from?? sep He must like sausage sep    That statement coming from a ......""Pork Butt""! sep people aren't food sep This, coming from a rump roast. sep why do republicans hate women SO much? sep This RWNJ lunatic actually said this? FFS!!!! sep clearly this guy knows food...maybe he is right....no wonder I love eating left overs. sep  If this asshole of the day has a wife.....she needs an intervention ASAP. sep they need to kick him out of the senate of SC or at least suspended him!  Not good for the USA to elect that scum! sep South Carolina (?) asshole of the day. I wonder how many men quietly agree with him tho'? sep    BAHAHAHAHAHAHAHAAHAHAHAHA.   He must be a real heart of steak p~ sep why do women vote for such a misogynist fat mass! sep Most humans are a lesser cut of meat than this rather large piece of rotting ignorant meat.    #toomanyassholes sep Where do they come up with these jerks sep If he has a wife I would hope she would serve him ""well done"" after that remark."	0
624413	514550436377137152	"iphone 6 plus owners are complaining that their phones are actually bending: URL URL sep have Apple lost that zing? Pity as all users Android or IOS are now losing sep Iphone 6+ seems like piece o crap it bends & falling on impact the glass cracks.So much 4 thinner phones.  sep seems like a hard plastic case might do the trick... sep get a good case for now until apples redesigns it or so,etching sep get a military issued pager then. Or maybe a gunslinging side holster. It's about the size of a 45. sep all they need to remember is not to bend it.. Stop bending it! Any 5'5"" or higher phones will bend when u start bending it sep I personally am going to go back to the Samsung, IOS 8 bites the big one sep DOH!!!! sep don't sit on them... sep  ve esto  sep then don't bend them. Simple sep Don't sit on your phone duh!! sep ...The image is very misleading.  It's clearly a photo of a man's hands bending this girly designed phone. sep stop sitting on em? sep URL"" sep It is butt drape sep .To the indoctrinated, Apple will spin it as a feature. sep why would you try to bend your phone?"	1
14166714	536738726693847041	legendary egalitarian 1970s letter from lego to parents URL sep I didn't realize they had paper in the 70s sep What's Trent up to?	0
35586563	532255606623989760	#dointoomuch rt @dahndahlas: @jemelehill a chick-fil-a manager banned slang at his location. URL URL sep I love the fact that every number between 0-100 are acceptable  sep for real it's just fast food and i like Jack in the Box better anyway sep Some people love their jobs too Damn much! sep Ha Ha....stop accusing people of having Ebola. sep bet they gonna start saying 1-99 sep Pretty soon though this will be the law of the land. Hobby Lobby, Chick-fil-A , Home Depot,all churches in disguise. sep did it purposely misspell Down? Or is it Dine? Lol and this Manager is #DoinTooMuch trying to cut out slang  sep SMH RT A Chick-fil-A manager banned slang at his location. URL URL sep lol I though this was fake then I saw CNBC tweet it sep Insubordinate. And churlish. sep do know about this? sep good! sep could they be any more ignorant? sep You were doing too much blowing in face sep lol so many things wrong with our society sep I am in all of the tears, right now. sep  RT A Chick-fil-A manager banned slang at his location. URL URL” sep URL sep  That's funny!	1
28785486	524757333608394752	"meet the south american goliath birdeater -- a spider the size of a puppy: URL URL sep  disgusting sep This is real sep  murder it. sep this what was in my car that night I swear sep Imagine this in your sink in the morning  sep Want. sep OFAN sep No thank you sep  #no sep NO! I DON'T WANT TO MEET GOLIATH! ARE YOU INSANE!? help! sep : how about no. #puppyspider sep  WHAT sep  or nah sep  noooooooooo sep Oh nah.  sep Fuck that!  sep FOH!!  sep  fuuuck that sep oooh moma! sep Why does it exist tho?  sep can we get one mum!!!! sep NOPE. NO. RT: sep no Dew Claw. Toe! sep #NOPE sep  TERRIFYING sep RT killmenow  sep nope!  sep I am never going to south America apparently. That's so gross. sep  OH HELL NOO sep  I'm done. sep  - wow! sep lol she said it could be a third co-host lol sep  UM WHAT NOW sep  Just...NO. sep eww sep He's back sep  I'D RATHER NOT sep Great picture!  Would not want to see this in my back yard! ""Yikes!"" sep Hell.No. sep  NOPE"	0
131752870	536540403109879809	a letter written to parents inside all 1970s lego sets this is perfect. URL sep  gingers dad wrote this	0
468082397	519178213441167360	are two hewlett-packards better than one? how the new h-ps would look: URL URL sep Get our take at: URL #ActionIntell #hpsplit sep Buenos amigos de los dos lados va URL URL	0
124543920	407205235682050048	r.i.p to the driver that died with paul walker that no one cares about because he wasn't famous sep tumblr sep my tweet sep Blame that on media.. R.I.P. To walker and his driver.	0
29849267	504448356584677377	"nhl expansion – four teams added by 2017, quebec city, toronto, seattle, and las vegas $1.4b in expansion fees sep not true sep No chance for Portland to sneak in? sep A 2nd team in T'ronto? sep I can guarantee that another team in the Toronto area wouldn't work. No one cheers for it over the Leafs. sep You lying fuck. NHL is denying this shit. sep 1.4b per team or for all 4? sep Vegas does NOT have enough of a permanent fan base to support a major professional team in any sport sep  I want a team in Houston! #Imisshockey sep FINALLY! Toronto to get an NHL team #BlowLeafsBlow sep Toronto ""region"" is approved by leafs and sabres. sep I don't know why they'd send another team to Toronto. The broke the first one. Awful organization. sep You can't be serious. You're using the anniversary as reasoning for 4 team expansion? This is conjecture at best. sep I predict Las Vegas will have the best home record in the league....they did in the ECHL at least cc  sep No Hartford..Im sure Dale is disappointed with no redux of Brass Bonanza sep If true, happy for Seattle, but Vegas is more interesting MT  sep 100th anniversary of the Seattle Metropolitans winning the Stanley Cup also"	1
292777349	514067907475959808	florida woman surgically adds third breast in bid to become reality tv star URL via daily mail sep ok its over- winner sep  stupid bitch sep outer space ugh so ugly sep  Done with life sep pretty sure you have to be good looking too..... sep omg... o m g.... I have to puke now. sep L0L'z what a waste sep LMAO! What kind of world are we living in? It is sad that we put so much value into being famous. sep hat’s with all the blood on the shower curtain? #totalrecall sep curse you Total Recall, you gave her that idea. Florida.... Always Florida. sep Is she planning on having triplets..... or starring as  a Star Trek alien? sep what reality show has people with 3 tater tots? sep why it look like she killed someone and wrapped them in that curtain ? sep just goes to show how far stupid people will go for there 15 minutes of fame sep Theres already enough tits in the world Florida woman surgically adds 3rd breast to become reality TV star  URL sep       Florida woman surgically adds 3rd breast in bid to become reality TV star  URL sep GET YOUR ASS TO MARS sep get the entire FOH sep that's fucking sexy sep  lmao	1
1214181878	407234399093022720	also, rip roger rodas the man who died along with paul walker that seems to never be mentioned URL sep :Don't forget to mention Rodas was driving and his recklessness caused the accident their horrific deaths. sep That makes me so sad! Just because he wasn't a celebrity doesn't mean he wasn't a human being and deserves to be recognized!	0
3108351	524958128392376320	"ottawa police confirm that there were multiple suspects in the shooting, saying there were ""possibly 3"" shooters. URL sep terrorists in ottawa sep I hope this isn't just a prelude to a bigger attack. sep Killers go berserk when cornered.  Henceforth, no lapses in security should be there. sep when Canadians of all people start shooting, well, ""c'est la fin du monde, non?"""	0
3108351	520338188213444608	amazon's physical store in nyc would offer same-day delivery, pickups and dropoffs. URL URL sep Hope they don't plan to make money here.  sep If it's not with a drone, it doesn't count RT Amazon's physical store in NYC would offer same-day delivery URL sep Smart business move! I like it!  URL sep brick&mortar to #StayRelevant ?RT Amazon's physical store in NYC offer same-day delivery,pickups&drop-off URL sep can raise employment.... sep Oy  sep $APT Provides Protection Against Ebola Strong Buy Stock According to Sources Ebola is now in 9 States URL sep wow sep Average storefront rent is $2,749/ft on upper 5th Ave and $775/ft on 34th Street where Amazon opens 1st store. URL	1
11928542	509464217549021184	"report: microsoft trying to buy mojang, creators of minecraft URL sep good luck with that sep aw hell nah sep aaw hell nah sep hell no......mojang please no! sep NOOOOOOOOOOOOOOOOOOOO!!!!!!!!! I don't want that shit on my xbox sep Good god no. No no no no no. sep I read that ""Microsoft is raping Mojang"" im so used to seing the word rape when i read a article, my brain just put it there sep Has someone told about that, lol. I don't think this will ever happen sep Whoa ... what?!?! #runsteverun sep nononononono sep noooooooooooooooooooooooooooooooooooooooooooooooooo sep Please no sep haven't they bought anough stuff? Lol sep Nooooooo sep Hey, at least it's not trying to buy it! sep EXCUSE ME WHAT sep : (] sep maybe if they keep the same devs it will be oakay sep NOOOOOOOOOOOOOOOOO!!!!!!! sep Oh GOD NO! sep Oh God no. What happens to Playstation versions? sep please yes >:) sep Fuck Kotaku anyways. #GamerGate"	0
48956231	501827465032237056	#isis beheads photojournalist james wright foley in a massage to us to end its intervention in #iraq. URL sep my goodness sep utter evil sep so sad i condemn it with my heartfelt words...butchers sep A massage sounds like a good way to ease tensions. sep *threatening* to kill AFAIK. sep Independent confirmation of this? sep no, this is insane sep these people really are sick twisted mother fuckers sep I am sure Islam is the most barbaric and satanic religion. sep the real problem is islam and not isis.. sep kill every fucking one of ISIS sep damn they have some good video equipment in the desert sep No, to organize a lynch mob. Pay back time baby! sep Hate to hear it. Another reason to destroy such a barbaric killing organization. sep how about you respect the family and quite spreading this!! sep US needs to bomb these terrorists f***kers right off the planet.  Savage bastards.  sep #atheism is looking pretty good right about now. senseless. sep That should work real well..What dunces.. sep Only a threat so far, apparently sep *message. A massage is the manipulation of superficial and deeper layers of muscle and connective tissue. sep #ISIS served americans wel.thy wr happier wen thy killd OsamaBiladen n buried him nw blokng foleyheaded propagandiser?	0
91478624	562256876763901953	"""madden nfl 15"" not only predicted a patriots victory over the seahawks, but also predicted the final score of 28-24: URL sep the fix was in sep RT: "	0
177926698	407187197427593217	"""paul walker's character in fast and the furious was named ""brian"",brian from family guy also died this week,both deaths involved cars."" umm sep illuminati shit right there sep weird....nice catch sep just stop sep itanimulli sep noooooo sep uh?"	0
143145579	532246457609244672	"vladimir putin’s motorcade as seen from the air. URL URL sep hilarious sep is that for real or photoshopped sep looks like the giant penis that he is!! sep proof if ever needed he is a cock sep if that photo had been 10 feet prior, there would've been a lovely white spurt from the top (arrow). sep Can't beat a good "" cock 'n balls"" formation. sep and long since shown to be a fake sep This can't be for real RT Vladimir Putin’s Motorcade As Seen From The Air.  URL URL sep “Vladimir Putin’s Motorcade As Seen From The Air."" ..... and everywhere on Twitter for the past week. sep #chiefdick sep  no comment.. sep   #lad sep resembles to!? Join the dots ...."	1
16887175	489802446001434625	latest so far on shot down malaysia airlines plane #mh17 URL URL sep er... Not def shot down was it? Don't add to the agony of the passengers families with speculation dressed as fact	1
