doc-id,token
DOC15652846394056376,"Christopher Kenyon Simpson of Fort Coffee is accused of >>>fatally shooting<<< Ka'Loni Marie Flynn of Fort Smith , Ark ."
DOC15652846611958724,"An Oklahoma man has pleaded >>>not guilty<<< to two first - degree murder charges for the deaths of an Arkansas woman and her fetus . Trial is set for June 17 for 26 - year - old Christopher Kenyon Simpson of Fort Coffee , who is accused of >>>fatally shooting<<< Ka'Loni Marie Flynn of Fort Smith , Ark ."
DOC15652846829397750,"Christopher Kenyon Simpson of Fort Coffee is accused of >>>fatally shooting<<< Ka'Loni Marie Flynn of Fort Smith , Ark ."
DOC15652847007227075,"Trial is set for June 17 for 26 - year - old Christopher Kenyon Simpson of Fort Coffee , who is accused of >>>fatally shooting<<< Ka'Loni Marie Flynn of Fort Smith , Ark ."
