doc-id,token
DOC15646067097818498,"Klitschko vs Thompson II Results : Wladimir Klitschko Cruises Again , Wins in >>>Six<<<"
DOC15646067181761496,Wladimir Klitschko stops Tony Thompson in >>>6<<< with efficient execution
DOC15654998363552613,Manning completed >>>29<<< of 34 passes for 364 yards and 3 touchdowns in the Colts ' 31-24 victory over the Jaguars at Jacksonville Municipal Stadium .
DOC15655373052391635,The 6.1-magnitude quake was the latest in a series of dozens of powerful tremors to have hit the region since 7.6 and >>>7.5<<< magnitude quakes that struck off the provincial capital Manokwari on Sunday .
DOC15655373128013819,"As aid started to arrive , hundreds of aftershocks continued to rattle the coastal city which was hit by the >>>7.6<<< and 7.5 magnitude quakes early on Sunday , cutting power and prompting a brief tsunami warning ."
