doc-id,token
DOC15645930782332507,"The Mean Girls star just >>>checked - in<<< to the Cliffside Rehab Center in Malibu , where she will receive extended treatment , TMZ reports ."
DOC15651678786908893,"Microsoft has just released a new security update for Internet Explorer in order to patch a flaw affecting all versions of the company ’ s >>>in - house<<< browser , including IE11 on Windows 8 . 1 RTM ."
DOC15652586598765201,"A >>>6 . 1 - magnitude earthquake<<< which hit the Indonesian province of Aceh on Tuesday killed at least one person , injured dozens and destroyed buildings , sparking panic in a region devastated by the quake - triggered tsunami of 2004 ."
DOC15652628047282576,>>>4 . 6 - Magnitude Earthquake<<< Recorded Near Healdsburg
