doc-id,token
DOC15646353426950923,The entire robbery was >>>over<<< in a matter of minutes .
DOC15651712336064116,"Fred LaRue , a high - ranking Nixon administration official who served a prison term for his role in Watergate and was >>>among<<< those rumored to be Deep Throat , has died ."
DOC15651712579256499,"Fred LaRue , a high - ranking Nixon administration official who served a prison term for his role in Watergate and was >>>among<<< those rumored to be Deep Throat , has died ."
DOC15655520694138885,"No militants were >>>inside<<< a United Nations-run school attacked by Israeli forces in Gaza , leaving 40 people dead , the UN says ."
