doc-id,token
DOC15652085614459056,Jury shown horrific moment innocent mother is shot >>>dead<<< shielding her child when she's caught up in gang attack as she picks up daughter from school
DOC15652846829397750,Okla . man >>>guilty<<< of killing pregnant girlfriend
DOC15654677204486141,A colleague has paid tribute to a Perth doctor feared >>>dead<<< after a fall from a mountain in New Zealand .
DOC15654997976153848,"Locking up the No. 5 seed in the AFC playoffs , Peyton Manning completed >>>29-of-34<<< passes for 364 yards and three touchdowns to lead the Colts over the Jaguars in Week 16 ."
DOC15655448247195203,"Just hours after little-known actor Matt Smith was named as the new Doctor in the BBC Wales hit show , speculation mounted that a star name would accompany him on his >>>time-travelling<<< adventures ."
