doc-id,token
DOC15646086538898987,Three Killed In Athens Bank Fire Amid >>>Strike<<<
DOC15652846319150476,The murder >>>trial<<< of a Spiro man charged in the deaths of a pregnant Arkansas woman and her fetus is underway in Poteau .
DOC15653621779569457,"After more than three years and a tangled >>>trail<<< of frustrating legal delays , the man who killed four people in a brazen courthouse escape was sentenced Saturday to prison for life without parole and hundreds of years more ."
DOC15655096983571962,Hansbrough passed Ford for the top spot in school >>>history<<< while posting 20 points in the top-ranked Tar Heels ' 91-73 victory against Evansville on Thursday night .
DOC15655611238125010,"Advanced Micro Devices ( NYSE : AMD ) announced the largest >>>acquisition<<< in its history Monday , paying about $ 5.4 billion to acquire graphics chip specialist ATI Technologies ."
