doc-id,token
DOC15651711957797131,"Fred LaRue , known as the ""bagman"" because he delivered payments to ensure the silence of participants in the >>>Watergate<<< break - in , was found dead in a hotel room in Biloxi , Mississippi ."
DOC15651712201688558,"Frederick Cheney LaRue , 75 , the shadowy Nixon White House aide and ""bagman"" who delivered more than $300 , 000 in payoffs to >>>Watergate<<< conspirators , died of coronary artery disease in a Biloxi , Miss . , motel room , where he lived ."
DOC15651942392971827,COLTS BEAT CHIEFS 20 - 13 TO >>>CLINCH<<< PLAYOFF BERTH
DOC15652171673965519,City Attorney Weighs Filing >>>DUI<<< Charges Against Chargers' Jamal Williams
DOC15652709709078374,"Sudan >>>Bombs<<< South Sudanese Refugee Camp , Reports Say"
