doc-id,token
DOC15645952469230114,Ellen DeGeneres just tweeted she will be hosting the >>>Oscars<<< this year .
DOC15645952653877123,"""We are thrilled to have Ellen DeGeneres host the >>>Oscars<<< , "" producers Craig Zadan and Neil Meron said in a statement ."
DOC15646106887802262,Obama Administration Restores Endangered Species Act >>>Protections<<< !
DOC15652171673965519,City Attorney Weighs Filing DUI >>>Charges<<< Against Chargers' Jamal Williams
DOC15652820532589491,HP to Expand Data Center >>>Services<<< with Acquisition of Global Consulting Company EYP Mission Critical Facilities
