doc-id,token
DOC15645952914227490,"Comedian Ellen DeGeneres will make her second appearance as an Academy Awards host next year , organizers said on Friday , in a move widely seen as a less provocative choice for Hollywood's highest >>>honors<<< after a ribald performance by Seth MacFarlane ."
DOC15646333304012715,"Australian , English climbers fall to their >>>deaths<<< in New Zealand mountains"
DOC15652033993533766,Creighton's Doug McDermott >>>returns<<< for senior season
DOC15654491101106945,"A deadly police shooting Dec. 6 in Athens of Alexandros Grigoropoulos , 15 , was killed touched off the first >>>riots<<< ."
DOC15655372884403751,"A young girl was killed and dozens of others were seriously injured in the quakes , which also sent small >>>tsunamis<<< into Japan 's southeastern coast ."
