doc-id,token
DOC15645929580625472,"Lindsay Lohan >>>Checks Into<<< Rehab , Checks Out Two Minutes Later"
DOC15646379702771627,"Pierre Thomas , one of the stars of last season's Super Bowl run , was placed on >>>injured reserve<<< on Wednesday because of his injured ankle ."
DOC15646380047291323,The Saints have placed running back Pierre Thomas on >>>injured reserve<<< .
DOC15652052290639704,TRIAL DATE SET FOR MAN ACCUSED OF >>>DOUBLE MURDER<<< IN MILLOM
DOC15652108798194284,"President Barack Obama held a >>>press conference<<< , July 13 , 2009 to announce his nominee for U . S . Surgeon General , Regina Benjamin ."
