doc-id,token
DOC15652171821839327,">>>According to<<< the California Highway Patrol , defensive tackle Jamal Williams was arrested on suspicion of drunken driving last weekend on a freeway outside downtown ."
DOC15652628190317051,"An earthquake measuring 4 . 6 rattled Sonoma and Lake counties early Thursday , >>>according to<<< the U . S . Geological Survey ."
DOC15653232186164536,"The American Pie actress and velvet-rope fixture has checked into Promises Treatment Center in Malibu , >>>according to<<< her publicist , Jack Ketsoyan ."
DOC15654428624224853,"A former employee walked into a staff Christmas party at an east Vancouver health products business Friday and shot and killed a man , >>>according to<<< police ."
DOC15655521445563291,"Two Israeli tank shells struck the school in Jabaliya refugee camp , spraying shrapnel on people inside and outside the building , >>>according to<<< news agency reports ."
