doc-id,token
DOC15645952469230114,">>>It<<< will be her second stint in the job , after hosting the 2007 ceremony and earning an Emmy nomination for it ."
DOC15652033741937797,">>>It<<< gave him 2 , 117 career points , passing Rodney Buford's career mark that had stood since 1999 and moving him into 10th in MVC history ."
DOC15653231983359351,`` She checked in herself - >>>it<<< was her decision . ''
DOC15655038703402472,`` Or >>>it<<< could be simply a ship in the area which has cut the cable . ''
DOC15655640452580403,"If the deal is completed , >>>it<<< would be HP 's biggest acquisition since it bought Compaq Computer Corp. for $ 19 billion in 2002 ."
