doc-id,token
DOC15651942531335571,"The Colts ( 10 - 5 , 4 - 4 away ) owned the >>>NFL ’ s worst record<<< last year , and clinched a spot in the playoffs with Sunday ’ s win ."
DOC15652586203984769,"A strong >>>6 . 1 - magnitude earthquake<<< struck Indonesia's northwestern province of Aceh today , causing buildings to collapse and injuring at least 50 people ."
DOC15652586657680399,A powerful >>>6 . 1 - magnitude earthquake<<< struck the Indonesian province of Aceh with no tsunami warning issued
DOC15654428102348003,"A former employee recently let go from his job >>>opened fire<<< at an office Christmas party yesterday , killing one person ."
DOC15655142193992649,A man with a long history of domestic violence has been accused of >>>stabbing his mother and a former girlfriend to death<<< and leaving their bodies in an apartment for several days .
