doc-id,token
DOC15645952653877123,Ellen DeGeneres to >>>host<<< the Oscars
DOC15646333530952476,"The climber fell in fading light yesterday near the Mt Sefton Bivvy , and rescue teams were unable to >>>reach<<< him or his companions due to the weather ."
DOC15651942691066497,"The young team fought hard to >>>defeat<<< the Chiefs in another fourth quarter victory , 20 - 13 ."
DOC15652008644144655,"SEACOM started to >>>experience<<< problems on Saturday 8 October 2011 , caused by a problem on a cable between Abu Talat ( Egypt ) and Marseilles ( France ) ."
DOC15653865339496451,"Chris Weitz , who directed `` The Golden Compass , '' is negotiating to >>>direct<<< the cinematic sequel to `` Twilight , '' industry sources say ."
