doc-id,token
DOC15646399978078464,"Vincent ""The Chin"" Gigante , the New York mob boss whose crazy act >>>earned<<< him the nickname ""The Oddfather , "" died in prison Monday ."
DOC15652008484534736,SEACOM downtime >>>explained<<<
DOC15652436297481147,Prosecutors also >>>played<<< an audio recording of Jeffs allegedly engaging in sexual intercourse with the 12 - year - old .
DOC15654788574672287,Bush >>>tweaked<<< his left knee last Thursday and coach Sean Payton said the Saints decided to put the running back on IR after determining that he would be unavailable for the team 's final two games .
DOC15655640452580403,"Palo Alto-based HP and Plano , Texas-based EDS confirmed the talks yesterday shortly after The Wall Street Journal >>>reported<<< a deal could be reached as early as today ."
