doc-id,token
DOC15646295183493444,Investigators say 59 - year old Raj Chohan was hit while >>>walking<<< along parked cars at 97th Avenue and 117th Street in Richmond Hill at about 7 p . m .
DOC15652820120647707,"HP today announced that it has signed a definitive agreement to acquire EYP Mission Critical Facilities Inc . , a consulting company >>>specializing<<< in strategic technology planning , design , and operations support for large - scale data centers ."
DOC15653231705419518,">>>Talking<<< to People magazine , Jack Ketsoyan , Tara Reid 's representative confirms the Perennial Party Girl , has herself checked into Promises Treatment Centre ."
DOC15653927315846504,"Wladimir Klitschko defended his WBO and IBF heavyweight titles in Germany today with a lopsided victory over the American Hasim Rahman , >>>winning<<< by TKO in the seventh round ."
DOC15655520984434461,"`` We think the attack is completely unacceptable and strongly condemn the fact that civilians were hit while >>>sheltering<<< themselves from the violence , '' said Cristina Gallach , spokesperson of EU foreign policy chief Javier Solana ."
