doc-id,token
DOC15645975487917880,"The Texas Department of Criminal Justice is searching for an escaped inmate who is >>>considered<<< armed and dangerous , MyFoxHouston . com reports ."
DOC15646353796375538,A smash - and - grab on a high end Paris store saw four robbers make off with jewelry and watches >>>valued<<< at over $2 . 6 million early Monday .
DOC15652586203984769,Dozens >>>injured<<< as 6 . 1 - magnitude quake hits Indonesia's Aceh
DOC15652686631995996,Apple has >>>unveiled<<< the next generation of MacBook Pro at the WWDC Keynote in San Francisco .
DOC15654958256218915,"A controversial figure who was later >>>convicted<<< of authorizing illegal activities in pursuit of members of the radical Weather Underground , Felt died of heart failure Thursday at his home in Santa Rosa , Calif . , his grandson Rob Jones said ."
