doc-id,token
DOC15646066820319257,Klitschko stops Thompson in regulation >>>win<<<
DOC15646295696850470,Witnesses >>>say<<< 59 - year - old Raj Chohan was leaving her car on 117th Street in South Richmond Hill Friday when she was hit by a silver Toyota Camry and sent flying into the air .
DOC15646313212813085,Police >>>say<<< two people have been killed and another wounded in a shooting at the Kraft Foods plant in Northeast Philadelphia .
DOC15646380047291323,"LIKELY FOE : Saints >>>suffer<<< major injury , Thomas to IR"
DOC15652033294840983,"With a first - half free >>>throw<<< , junior forward Doug McDermott scored his 11th point of the Bluejays ’ Valley tournament opener and passed Rodney Buford to become the school ’ s all - time scoring leader with 2 , 117 points ."
