doc-id,token
DOC15651712201688558,"Watergate 'Bagman' Fred LaRue , 75 , >>>Dies<<<"
DOC15652744906388127,T - Mobile >>>Confirms<<< it Will Carry BlackBerry Q10
DOC15652820961647926,"Hewlett - Packard >>>makes<<< another acquisition , chases IBM"
DOC15654284316206772,Arson is suspected in the burning of the church former vice presidential candidate Sarah Palin >>>attends<<< .
DOC15655610882987178,"The deal , which had been anticipated for over a year , >>>gives<<< AMD high-end graphics technology and bolsters the company 's strategy to overtake Intel as the dominant supplier of chips that power personal computers and other devices ."
