doc-id,token
DOC15646198344004332,A LARGE fire >>>broke out<<< at the Waitrose supermarket in Wellington town centre this morning ( July 21 ) .
DOC15652171291145750,"Williams was >>>pulled over<<< for speeding early Sunday on a freeway outside downtown , the California Highway Patrol said ."
DOC15652710288826344,Sudan's armed forces denied they >>>carried out<<< the strike .
DOC15652776054624624,AMD >>>shelled out<<< $334 million for the acquisition of SeaMicro .
DOC15654895734885324,"Microsoft released a critical security patch on Wednesday to plug vulnerabilities in Internet Explorer , a move that comes amid malicious attackers >>>taking advantage<<< of the security flaws ."
