doc-id,token
DOC15646313145428239,A Philadelphia judge today found a former Kraft Foods company employee guilty of murder in a workplace rampage exactly two years ago in Northeast Philadelphia >>>that<<< left two women dead and a third employee wounded .
DOC15652820288617938,"In a move >>>that<<< will expand its services division , Hewlett - Packard will acquire EYP Mission Critical Facilities , a New York company that offers data center consulting services ."
DOC15654373973133249,Two male gang members whose names remain unreleased were arrested last night in the case of the murder of Los Angeles County Sheriff 's Deputy Juan Abel Escalante >>>which<<< took place outside his Cypress Park home this August 2nd as he prepared to leave for work .
DOC15654491188917262,"The teenager was shot and killed by police in Athens eight days ago , triggering violent protests >>>which<<< have spread across the country ."
DOC15655180324179539,"Prosecutor David Rossi began opening statements , talking about what allegedly led Jermayne Timmons to the West Hill neighborhood on May 29 and >>>what<<< led him to allegedly fire the bullet that struck Kathina Thomas seconds after it was fired from more than a block away ."
