doc-id,token
apnews.com/046d6fbc4c564caebac7e560cd87a26a,">>>Tank failures<<< at two clinics in Ohio and California last year revealed hidden issues with long-frozen embryos , including some from the 1980s when IVF began"
apnews.com/0758608a45fc489aaf058edd1f9743a9,"The defendants filed the motion last week after the >>>state rested<<< its case . The >>>trial began<<< May 28 . Company attorneys had argued the state 's case is an inappropriate use of a >>>public-nuisance claim<<< , typically reserved for disputes over property such as an unruly saloon or a smelly livestock operation that bothers neighbors ."
apnews.com/0aeb3eae68e34e50827b610986fab8bf,"In recent filings , prosecutors revealed more evidence that they say will help prove to jurors that >>>Brendt Christensen kidnapped<<< Yingying Zhang in Urbana , then killed her ."
apnews.com/0b7452a065f141fd97ab1738cecce531,">>>GOVERNMENT SHUTDOWN ENTERS DAY 14<<< >>>MANSON FOLLOWER RECOMMENDED FOR PAROLE<<< >>>7 KILLED AFTER FIERY CRASH , FUEL SPILL ON FLORIDA HIGHWAY<<<"
apnews.com/0bb23c6dc08070d945b6f2e2f63883e6,"COLUMBIA , Mo. ( AP ) — The Missouri NAACP on Friday called for the state 's top election official to step down in part over his criticism of the Kansas City mayor , who complained about issues voting during this week 's >>>presidential primary<<< . After Lucas took to Twitter to raise issues with his experience voting , Republican Secretary of State Jay Ashcroft , who is white , >>>criticized<<< Lucas ."
apnews.com/0ed87deff8f84d788e0fce5304083d4d,"An Illinois man >>>died last month<<< after contracting a lung disease related to the use of a vaping device . At >>>least five<<< of them have died . On Monday , the FDA blasted vaping products company Juul for >>>illegally pitching its e-cigarettes<<< as a safer alternative to smoking ."
apnews.com/1152cfdcf7582bb9917c02ef1218df9b,The Episcopal Church has previously endorsed the study of reparations and earlier this year testified in favor of congressional legislation >>>that would create<<< a commission for studying reparations .
apnews.com/16cdaa7c90fe4845861df89dbf7acb47,"And yet the play in question , which extended a drive Allen capped with a 1-yard touchdown run to put Buffalo up 24-0 , was symbolic of the Bills suddenly having a jump in their step following a >>>27-6 win<<< over the Minnesota Vikings . The Bills , meanwhile , overcame two mostly dreadful losses and extremely low expectations as 16 ½ - point underdogs >>>to improve to 1-2<<< . Each of the Vikings ' first two drives ended with >>>Kirk Cousins losing a fumble<<< while being sacked , and led to the Bills scoring 10 points to build a 17-0 lead 10 minutes into the game ."
apnews.com/1760614c6fe347c2b2832807783bc8be,"Prosecutors are seeking four to 10 months of confinement , and experts differ on whether the plea , and Huffman 's >>>subsequent apology taking full responsibility for her actions<<< , will leave her with an acting career . Both were >>>hit with new charges Tuesday<<< . >>>The Hallmark Chanel already cut ties with Loughlin<<< , but Ries believes Huffman wo n't endure the same fate ."
apnews.com/20f3c03c7c07444f92bcc5818eeada1f,"A Washington Post >>>investigation<<< last month found that a subcontractor for the Greek company Intralot is really a subsidiary that was set up to look like an independent small business , apparently to comply with the letter if not the spirit of a district law meant to support the local economy . Intralot was >>>awarded<<< the sole source contract to manage online sports betting in July despite concerns about the subcontractors hired by Intralot , some of whom had connections to D.C. elected officials or previous contracts with the city government ."
apnews.com/26db64fa5b364901a275e8e31a35e558,"The >>>unpaid commission<<< would have until Dec. 31 , 2019 , to make recommendations ."
apnews.com/290eaf26df4b4ddca2229382f9d6e282,The company is at the >>>center of a federal case<<< in which several states sued to block it from posting plans to build 3D-printed guns online . A federal court in Seattle >>>barred Wilson from posting the designs<<< online for free last month . Wilson was >>>arrested<<< in Taiwan and brought back to the U.S. over the weekend .
apnews.com/2b5b716747444dbb8fc47f260d66340f,>>>MISSOURI 'S GOVERNOR INDICTED<<< >>>VONN HONORS LATE GRANDFATHER<<<
apnews.com/2cbbd5b2be1443379c1a56642ec072ba,"The move follows an announcement last year that at least >>>five of 16 Dead Sea Scroll fragments<<< that had been on display at the museum were found to be apparent fakes . The $ 500 million museum was largely >>>funded<<< by the Green family , evangelical Christian billionaires who run the Oklahoma City-based Hobby Lobby chain of craft stores . Steve Green , museum founder and president of Hobby Lobby , also purchased thousands of Iraqi archaeological artifacts for a reported $ 1.6 million , but was forced in 2018 to >>>return<<< them to the Iraqi government and Hobby Lobby paid a $ 3 million fine after authorities said they were stolen from the war-torn country and smuggled into the U.S. Museum officials have said none of those items were ever part of its collection ."
apnews.com/2e871ee78aeb425385a7fda17d9423ab,"The policy change comes in response to the high court 's ruling staying the execution of >>>Patrick Murphy<<< , a member of the "" Texas 7 "" gang of escaped prisoners . The Supreme Court 's decision in Murphy 's case followed a similar appeal in February , when the court ruled Alabama could execute >>>a Muslim inmate<<< without his Islamic spiritual adviser present in the execution chamber . The court decision that allowed Dominique Ray to be executed >>>attracted public criticism<<< , and Dunham said the ruling staying Murphy 's execution might have been an effort by the justices to avoid further blowback ."
apnews.com/3217850fa53849d4b92041f3ec8013f2,""" Ben is Back , "" written and directed by Peter Hedges and starring his son , Lucas Hedges , is one of two recent films on teen addiction starring the most talented young actors of the moment ( >>>"" Beautiful Boy<<< "" starred Timothee Chalamet ."
apnews.com/3346d3a1dfbc4b1f8915c8b210778422,"The >>>Wisconsin Assembly passed<<< a "" born alive "" bill Thursday ."
apnews.com/3443cf6cef984ae9a78632228bf2ac37,"The company said Wednesday that it had >>>parted ways with longtime host Bill O'Reilly<<< after a "" thorough and careful review of allegations against him . "" >>>Dozens of advertisers<<< ditched "" The O'Reilly Factor "" after a New York Times report detailed $ 13 million in payouts to five women over his alleged abusive behavior ; more allegations subsequently emerged . Fox 's longtime CEO Roger Ailes >>>resigned abruptly<<< amid similar sexual harassment charges last July . Its leading female star , Megyn Kelly , also >>>decamped for NBC<<< in January ."
apnews.com/35cc5538804c4463b6478b7b5ca648f0,"TOPEKA , Kan. ( AP ) — A top Republican legislator 's complaint has launched an investigation into whether the commission that screens Kansas Supreme Court applicants violated the state 's open meetings law in >>>picking three finalists<<< for Democratic Gov. Laura Kelly to consider in filling a vacancy . Republicans have had a renewed interest in such a measure since a Supreme Court >>>decision in April<<< protecting abortion rights . The commission named the finalists for Kelly in mid-October , and they include a Topeka-area trial >>>judge opposed<<< by Kansans for Life , the state 's most influential anti-abortion group . >>>Retirements<<< will give Kelly two appointments to the seven-member high court in the next few months , and whoever she chooses will go on the court with no oversight from the GOP-controlled Legislature ."
apnews.com/3aa2b1b9f29e41f7a7e91f728352f222,>>>NEW TURMOIL SWIRLS AROUND TRUMP<<< >>>WHY WALL STREET IS CHEERING<<< >>>OBAMA RETURNING TO POLITICAL SPOTLIGHT<<< >>>US REGULATORS OK NEW GENE THERAPY<<< >>>LAWMAKERS SEE MOVEMENT ON HEALTH CARE<<< >>>SUSPECT IN WORKPLACE SHOOTING CAPTURED<<< >>>WHAT 'S A FIRST FOR SAUDI ARABIA<<< >>>BRAIN CANCER CLAIMS ROCKER AT 53<<< >>>YANKEES PUSH ASTROS TO BRINK<<<
apnews.com/3b2c91c3d7da2b95b87279ddcab2d000,"She is charged with >>>first-degree murder<<< in the April 2017 killing of 63-year-old Micki Davis . Hilyard , who was treated at a state psychiatric hospital before she was >>>declared competent<<< to stand trial , said she was discussing a painting with Davis when "" I just freaked out , and we were wrestling into the garage , and we got into a fight . """
apnews.com/3c06f3e8b5a647edb7a00b1375aa925f,">>>Butina , a former American University graduate student , pleaded guilty last December to conspiring to act as an unregistered agent for Russia<<< . >>>A report last month from Sen. Ron Wyden<<< , an Oregon Democrat , alleged that the NRA acted as a "" foreign asset "" for Russia in the run-up to the election , and that NRA insiders provided access to the American political system to advance personal business interests ."
apnews.com/3d25490fa98c44b18527741e25f505f2,"Though Trump aides were eyeing a >>>staff shake-up<<< at Homeland Security and had already >>>withdrawn the nomination<<< for another key immigration post , the development Sunday was unexpected ."
apnews.com/420810203b934c48f2b4812c5435677c,>>>Premium Cosmetics Market<<<
apnews.com/42cf97c4f6aa4729981ec06110a15bd6,"MINNEAPOLIS ( AP ) — There 's been lot of talk at the Capitol about a $ 1.5 billion >>>budget surplus<<< , but lawmakers are already worrying about how to plug a $ 700 million hole . Gov.-elect Tim Walz and >>>leaders of the new Democratic majority<<< in the House want to renew it to maintain a stable funding source for those programs , but the state 's largest doctors ' group is touting an alternative that might be politically palatable to the tax-averse >>>Senate GOP majority<<< . Minnesota 's >>>reinsurance program<<< to help insurers hold down premiums in the individual market is also up for renewal , and it might not be as heavy a lift ."
apnews.com/46aef93215e04427a783986b026c4e83,The play came on the same day >>>MLB cleared the Astros<<< of any wrongdoing after a credentialed Houston employee was caught pointing his cellphone into the opposing dugouts during playoff games in Cleveland and Boston .
apnews.com/46d021108f8c3331d08dd0aa4edc156e,>>>Sports Protection Equipment Market<<<
apnews.com/4964b2eb4b5a4ca0b5400bf81d8d3c4f,"He was reported missing >>>Saturday<<< night , after his kayak flipped in the Skunk River near Brighton ."
apnews.com/4c0f3ed7a38641419a6fd98647046951,Vedvik spent the entire 2018 season on the non-football injury list for the Ravens after he >>>suffered serious injuries to his head and face<<< as the victim of an apparent assault the day before final cuts were made .
apnews.com/4fab7da083e7400da52f87d916c7bfb5,">>>He filed for divorce on Wednesday<<< , citing irreconcilable differences ."
apnews.com/50018b88754a4b5384662c24a3e192e3,The >>>shootings<<< in October 2017 involved two groups of Topeka men who had previous confrontations . Twenty-year-old Dominique McMillon >>>pleaded guilty<<< in March to misdemeanor battery and was released from jail .
apnews.com/573ccbab70ce4c9981021a7abcc1cfe6,"Lawyers with the American Civil Liberties Union , Planned Parenthood and the Center for Reproductive Rights >>>sued<<< on behalf of Georgia advocacy groups and abortion providers last month to challenge the measure . It 's one of a >>>spate<<< of laws passed recently by Republican-controlled legislatures in an attack on the U.S. Supreme Court 's 1973 Roe v. Wade ruling that legalized abortion nationwide ."
apnews.com/5905bef36b794355b6025d2d8a79b66b,"One week after handing the New England Patriots their first loss in a 37-20 rout , Baltimore hammered the >>>Bengals 49-13<<< ."
apnews.com/5c8fc6ef6fad4cb49993ffcd4410da6f,"Councilman Jack Evans , who 's >>>under federal investigation<<< , abstained from the vote , saying he supports Indigenous Peoples ' Day , "" but not replacing Columbus Day . """
apnews.com/5e541d52b8a44f378b2fdd1b93f289bd,"Brandon Gann , of Fort Smith , suffered >>>an electrical shock<<< Sept. 30 while trying to help Seeley , who was electrocuted when he touched wires from a broken light fixture and was pronounced dead at a hospital ."
apnews.com/61d6a90d99994711b3cff79c7aa2803f,>>>Tests have confirmed groundwater and sewer vapors in the community have cancer-causing chemicals<<< at levels exceeding Indiana 's safe limits .
apnews.com/63895f5918f24d9daf37981eaff1885f,"Davis County District Court records say 42-year-old Terry Petary , of Drakesville , pleaded guilty last week to >>>four felony<<< charges : vehicular homicide , causing serious injury by vehicle , failure to stop at the accident scene and possession of methamphetamine ."
apnews.com/63ca0481ce6bcad75da7887d4ca4877e,"BOSTON ( AP ) — Refugees will continue to be placed in a Massachusetts city where the mayor is strongly opposed to the newcomers after a federal judge >>>ruled Wednesday<<< that local governments ca n't be granted "" veto power "" over the resettlement process , a refugee resettlement agency said Wednesday ."
apnews.com/661b246b5c0b44ad9cf9d0b9be842df4,Emergency crews found the 42-year-old woman while >>>responding to a suburban Houston home<<< on Friday .
apnews.com/667a0ead17d001842077077e273e51fd,"Earlier this year , >>>USA Today reported<<< Emmert and NCAA senior management were taking a 20 % salary reduction and vice presidents would be taking 10 % pay cuts ."
apnews.com/6770de97c8b543138f62739e4bc3ad84,"Officers initially had found Brooks slumped over the steering wheel in Emmett Township , but when officers approached >>>he sped off , striking a paramedic there<<< ."
apnews.com/69d13c60cfea10f8c57eb0c15bab9e6a,"On Saturday , judges >>>traveled to Warsaw from across Europe<<< in a show of solidarity with Polish judges protesting a bill that would allow the government to fire those who issue rulings that officials do n't like ."
apnews.com/6e5e60dd011046c68e18ce52eebeb3b1,"The preseason pick to finish last in the conference has opened its league schedule >>>by winning at Vanderbilt<<< and >>>knocking off No. 11 Auburn<<< at home . Mississippi State ( 12-2 , 0-1 ) is looking to bounce back >>>from an 87-82 overtime loss at South Carolina<<< . The Gamecocks entered league play as the only SEC team with a losing record , but they 're 2-0 in the conference >>>with wins at Florida<<< and against ranked Mississippi State . >>>Tennessee 's 96-50 victory over Georgia<<< on Saturday was one point shy of its most lopsided SEC triumph ever — a 102-55 blowout of Ole Miss on Jan. 8 , 1966 . >>>Missouri 's 66-64 victory at Tennessee<<< on Sunday was the Tigers ' first regular-season road win over a top-10 team , as the Lady Vols were ranked 10th at the time of the game ."
apnews.com/6ee38fb7b5a14793ad15b1279cf40438,"Democrats have not surrendered control of either chamber of the Legislature for more than 15 years , but progress has been overshadowed by scandals that sent two successive governors to federal prison , backed-up bills and a long-overdue pension debt coming home to roost , and , in the past four years , ideological stalemate with Republican Gov. Bruce Rauner , which stalled even a >>>basic annual spending plan for two years running<<< . On the heels of Illinois ' bicentennial last month comes Democratic Gov.-elect J.B. Pritzker with promises of a revamped and fairer income-tax structure , a capital construction plan to bolster roads and bridges , >>>legalized marijuana<<< use to help pay for it , and a boost in the minimum wage ."
apnews.com/76ad672680fd45bb8ffb99905307bd50,The News Tribune >>>reports<<< that Braun 's effort has already won support from some Senate Democrats and other key lawmakers .
apnews.com/784da6c52b4145dcab40dcf882233ac2,">>>Sandberg 's new book<<< , "" Option B : Facing Adversity , Building Resilience and Finding Joy , "" chronicles her grief and road to recovery and resilience"
apnews.com/7878c0e7cf244a13bb1c7804fc25a02a,"The report >>>echoed numbers<<< in previous reports : The number of black drivers stopped , searched and arrested is far higher than their portion of the state 's overall population ."
apnews.com/7a759928d86cb51c46b0d37217a04a9c,>>>Digital Pump Controller Market<<<
apnews.com/7b938684b8c24f0985fcfe9b75571c7c,"In an article published Wednesday , Swift told Elle Magazine that she >>>fears violence and takes precautions<<< , such as carrying military-grade quick-clotting agents to stop bleeding from potential gunshot or stab wounds ."
apnews.com/7db4a0d937f24010845f7caeeb2a1ebd,"WASHINGTON ( AP ) — Raising the stakes in an ideologically charged standoff over women 's health , Planned Parenthood said Wednesday it will soon leave the >>>federal family planning program<<< unless a court puts a hold on Trump administration rules that bar clinics from referring patients for abortions ."
apnews.com/7e6b46e0a2160a6b7a0913838f676424,>>>Protective Gloves Market<<<
apnews.com/7f918d9bbde577a4c87c534bce6f344e,>>>Identity and Access Management ( IAM ) Market<<<
apnews.com/83fc17dc1edb63a60f670b89d4cf85dd,"Also dubbed constitutional carry by its supporters , the bill signed by GOP Gov. Kevin Stitt last year >>>allowed<<< most adults to carry firearms , concealed or openly , without any background check or training ."
apnews.com/8620bd0685fe4a3980f208efbace538d,"But beyond the physical preparation , in the months leading up to the renowned show they and the Academy of Motion Picture Arts and Sciences have been under immense scrutiny from the public and even peers for >>>basically everything<<< : The choice of a host , the choice to go host-less , the plan for which songs would be included in the broadcast and which awards categories would be aired live ."
apnews.com/882c6997079a48948866b6ae34d79aa7,"Instead , it was Maryland ( 23-10 ) >>>advancing to face LSU<<< in the second round following the thriller with Belmont ."
apnews.com/88f844772f6b4e55a72396c930ebfc0a,"VIRGINIA BEACH , Va. ( AP ) — The victims of America 's latest >>>mass shooting<<< had been dead for less than a day when police and city officials released a detailed presentation with their names , photos , job titles and the cities or towns in which they lived . In all , >>>12 people<<< — 11 of them city employees — were killed by the shooter who opened fire inside a municipal building ."
apnews.com/8b40a61b64b348dab44e3329426df02a,"Sheldon Richardson was at team headquarters on a free agent visit , which the Vikings did n't let him leave without >>>signing him to a one-year , $ 8 million deal<<< . Richardson , a first-round draft pick by the New York Jets in 2013 out of Missouri , was the AP Defensive Rookie of the Year before eventually >>>falling out of favor<<< and being traded to Seattle ."
apnews.com/8fb95f9395894966a83397756341ce77,"Ole Miss will have a much different look this season >>>after Luke hired two new coordinators<<< — Rich Rodriguez on offense and Mike MacIntyre on defense . The Ole Miss coach took the job in a tough situation , just days after Hugh Freeze resigned >>>in the wake of stunning personal scandal<<< ."
apnews.com/9237a57cc2134c43803ac01ba0bbbd59,"instead of waiting until February to pay attention , "" Few said after Saturday night 's >>>103-90 loss<<< in Chapel Hill . "" The Bullldogs then traveled to Creighton ( >>>103-92 win<<< ) and edged Washington ( >>>81-79 win<<< ) before losing >>>to No. 3 Tennessee<<< last weekend in Phoenix . The same team that looked flummoxed in a double-digit loss >>>at No. 5 Michigan<<< on Nov. 28 played with a confident edge . The Jayhawks are set to stay there after Saturday 's home win >>>against No. 17 Villanova<<< , the reigning national champion that beat the Jayhawks in last year 's Final Four . That 's a third marquee name on Kansas ' victory list , joining >>>No. 9 Michigan State<<< in the Champions Classic and an overtime win >>>against the Volunteers<<< in the NIT Season Tipoff . The Wildcats >>>lost to Penn<<< earlier this week , snapping a city-record 25-game winning streak against Philadelphia "" Big 5 "" rivals Temple , Saint Joseph 's , La Salle and Penn. . Then there was No. 25 Syracuse , which lost at home >>>to Old Dominion<<< on Saturday ."
apnews.com/93cce34fc4f94b16bc4321212732d11a,Eighteen-year-old Dayquan Hodge was sentenced Wednesday after >>>pleading guilty<<< to three counts of criminal vehicular homicide .
apnews.com/955472d088834f2aa160e8c3096fef0e,"Snyder , whose administration has been >>>scrambling to combat potential health risks<<< in drinking water that stem from per-and polyfluorinated substances , or PFAS , wrote a letter to state Attorney General Bill Schuette requesting that he immediately file a lawsuit against 3M Co and "" all other responsible parties . "" In February , 3M >>>agreed to pay the state of Minnesota $ 850 million<<< to settle a major case alleging the manufacturer damaged natural resources and contaminated groundwater by disposing of the chemicals over decades ."
apnews.com/95ed4714d0a0424681816fce1db550ab,"Just last week , >>>he revealed he had been working 110 hours a week<<< to deliver on short-term promises he had made to Wall Street , a load he traced to his boorish behavior toward two analysts earlier this year ."
apnews.com/96f90018c7e9f0a28cef23b9c3e2da13,"For the United States , >>>the loss of the Chengdu mission<<< in southwestern China will , among other things , cloud its view of Tibet , a region where Buddhist residents say Beijing is eroding its culture and its traditional independent streak . For China , >>>the loss of its mission in Houston<<< dims its view of America 's South and , according to U.S. officials , removes the nerve center of a Chinese spying network . China and India still contest the high-mountain border between the sides , and their forces engaged in >>>clashes this summer that left 20 Indian troops dead<<< . Prior to the fighting , the U.S. ambassador to Beijing , Terry Branstad , visited Tibet last year and >>>urged Beijing to undertake substantive dialogue with the Dalai Lama<<< and refrain from interfering in religious practices ."
apnews.com/98a2f6a774a64fc996ef3221babee3f1,"The district was the victim of a >>>three-month ransomware attack<<< this summer that blocked all five Wolcott schools from accessing internal files , as well as staff in the central office and business office ."
apnews.com/9ab8859e24cc49b9a184abcd6772eb2e,Bitcoin is a digital currency that 's >>>not tied to any bank or government<<< .
apnews.com/9b2893c5a0df406aa653ba2f5a5c429e,"In 2013 , the St. Louis Post-Dispatch reported that some medical examiners in Missouri >>>questioned whether Parcells<<< performed autopsies without a medical license , inflated his qualifications and listed doctors on reports who were n't present for autopsies ."
apnews.com/9e78342e2516d2e6637d042f120a3617,"On Friday , the council >>>agreed<<< to extend Kelly 's emergency declaration that allowed the state to continue providing coronavirus-related services ."
apnews.com/Wired%20Release/64834c9a267f06238ead32313bf4ca87,>>>Mobile Artificial Intelligence Market<<<
apnews.com/Wired%20Release/e55db3ef7eb992b815b13f30884741e4,>>>SEO Software Market<<<
apnews.com/a6d8a34949b54c0ca8da0a083b8a517b,">>>Many other Republicans<<< are considering getting into the race for the seat Sensenbrenner , 76 , has held since 1979 ."
apnews.com/ab67c31d9b3c4acdada93a624052ddc4,"White House lawyers , according to a >>>government whistleblower<<< , directed that the memo be uploaded into a highly restricted classified computer network ."
apnews.com/aeedacc6c0674147b175e1978a489899,Michigan Seamless Tube >>>previously said<<< it was fully cooperating with the state and conducting its own probe .
apnews.com/b27e2a67d0154e438de34f3d6f96f0a3,"Numerous actors and members of the public >>>voiced support<<< for Owens , saying there 's no shame in being a working actor ."
apnews.com/b4ccacffb7e445c08f31c4fc444c2d85,He 's now informally >>>suggesting<<< hospital taxes could cover expansion .
apnews.com/b611a7d6fadf4e06aba2cc78a1ff4d31,"The report released this month found that >>>about 300 Catholic priests abused at least 1,000 children<<< over the past 70 years , with claims of a systematic cover-up by senior church leaders that used similar methods unearthed in the initial clergy sex-abuse story that broke nationwide in 2002 . Madigan 's counterpart in neighboring Missouri also >>>announced more potent action this week<<< ."
apnews.com/be5f4a7786234987b54c9f6ac2a0a22e,He was asked about >>>the lawsuit<<< filed by the First Amendment Foundation and several news outlets claiming the meeting violated the state constitution and laws that require meetings be accessible to the public . The >>>Jerusalem meeting<<< was streamed live by The FLORIDA Channel and reporters from Florida were in attendance .
apnews.com/c2fea3e3eadd4725b41161915faabd49,"Authorities say Burghardt >>>opened fire with a handgun<<< , wounding one man in the stomach before several other people subdued him ."
apnews.com/c40988d7486c469fb8659558648c2249,The administration is appealing after >>>losing the first round before a lower court<<< .
apnews.com/c565f440467e4fd5cd6a11d7c8abc842,A look at some of the claims Tuesday during >>>Trump 's impeachment<<< trial :
apnews.com/c63609bbcc3d43a899a0a53344946e43,"The Border Patrol >>>has started directly releasing parents and children<<< instead of referring them to immigration authorities for potential long-term detention , but families still sometimes wait several days to be processed by the agency and released . The Border Patrol >>>processing center in McAllen is routinely over capacity<<< . Land near the bridge in Donna was used last year as a >>>camp by active-duty soldiers<<< when they were ordered to South Texas ' Rio Grande Valley ."
apnews.com/c6ba29cebde04148a0446247ffbfed67,Prosecutors say Cooper had >>>violated terms<<< of a drug crime probation and been ordered in September to complete probation programming at the Residential Correctional Facility in Davenport .
apnews.com/c8ea7c8c40ce44a8b8516374dbbb1317,"But since the Platte River swamped the farm >>>in March<<< , the sand has been a problem ."
apnews.com/cb4ee0dd7525496e9be67975daaf60dc,"Cooke said city leaders had been working on "" some issues "" with Fitzgerald since he dropped a >>>contentious bid<<< to leave Texas to lead the police department in Baltimore ."
apnews.com/cdaba9b7b87e4542b43fbf003a560f8a,The court motions come amid an >>>escalating conflict<<< between the Trump administration and the nation 's largest city over its so-called sanctuary policies .
apnews.com/d2b5579f77154d3d88f381301927d3db,"The Tennessean reports government travel records show Judges Aaron Holt and Monte Watkins were in Costa Rica at the same time as former judge >>>Cason "" Casey "" Moreland<<< , who 's now in prison for corruption charges ."
apnews.com/d301f38689504ea788017f18583a6edf,>>>Frakes said in January<<< that he doubted the department will meet that deadline .
apnews.com/d8d6b85108204e7da2d0ceac3131f395,The NTSB 's preliminary report on >>>the Feb. 21 crash<<< says the Piper PA32 ′ s wreckage was found next to a set of 250-foot-high power lines that had been knocked down .
apnews.com/da199a271a934754af9d72f7c052c8de,"A special >>>prosecutor declined last month<<< to pursue any criminal charges against Hill , despite a state report that witnesses said the Republican attorney general touched the women inappropriately during a March party at an Indianapolis bar celebrating the end of the 2018 legislative session . Lawmakers are poised to move up the effective date of a law making the state schools superintendent an appointed position starting in 2021 , rather than 2025 , after current >>>Superintendent Jennifer McCormick announced last month<<< she would n't seek re-election . Too many questions about the timing of such a change would come up by debating it now , said Bosma , who has also >>>faced allegations from a former legislative intern<<< that they had a 1992 sexual fling while he was a House member ."
apnews.com/de1c2b67761d4bf6bb7a1a728cf0c33e,"MINNEAPOLIS ( AP ) — The Minnesota Timberwolves have gone through a makeover this summer , >>>changing their logo<<< , their uniforms and renovating Target Center to usher in a new look for a team that has been a doormat for well over a decade now . Butler and Gibson bring that by the bucketful , and the Wolves also added 37-year-old >>>Jamal Crawford<<< to the bench for another veteran who has been in all kinds of big spots . Wiggins finally signed a five-year , $ 148 million contract extension on Wednesday , ending a >>>head-scratching<<< process that was made more complicated by his decision to part ways with agent Bill Duffy on the brink of a new deal in August ."
apnews.com/def8c3ae5ca04231b38fdef58660e52d,"The announcement was issued by the Galveston-Houston Archdiocese led by Cardinal Daniel DiNardo , president of the U.S. bishops ' conference , after the woman broke years of silence to denounce his handling of her case in >>>an Associated Press investigation<<< this week ."
apnews.com/e5e35317134143bf891b0fbdcf7a834d,"State District Judge Tammy Kemp and the attorneys decided Thursday to begin interviewing jurors for Amber Guyger 's trial on Sept. 6 , >>>one year<<< after 26-year-old Botham Jean 's death . Testimony >>>begins<<< Sept. 23 . During the 12-minute hearing , Kemp also quizzed the lawyers about the >>>leaking of Guyger 's 911 call<<< after the shooting despite a >>>gag order<<< ."
apnews.com/edaa220fb6d34fb7a9b1925c5d48ee69,The >>>measure<<< now heads to Gov. Asa Hutchinson 's desk . The measure is similar to >>>a Mississippi law<<< that a federal judge upheld last year . Hutchinson earlier this month signed into law a bill banning most abortions >>>18 weeks<<< into a woman 's pregnancy .
apnews.com/ee24ca06c4221e6af7e0473e48a80c3b,"Susan B. Anthony List President Marjorie Dannenfelser said Friday that her initial concerns were based on information "" from the rumor universe "" during a tour of an anti-abortion pregnancy center with Loeffler and the man who >>>appointed her<<< , Republican Gov. Brian Kemp . Trump has >>>praised<<< both GOP candidates and has not made an endorsement in the race . Three Democrats are also vying for the seat : the >>>Rev. Raphael Warnock<<< , pastor of the Atlanta church where the Rev. Martin Luther King Jr. preached ; >>>Matt Lieberman<<< , an Atlanta area educator and son of former vice presidential candidate Joe Lieberman ; and >>>Ed Tarver<<< , a former federal prosecutor who was U.S. attorney for Georgia 's Southern District under President Barack Obama ."
apnews.com/ee453d25de98488ba82322e1ed2a7e4c,"What matters is U.S. college hockey 's top women 's player in 2015 is back on the national team after helping the U.S. win its >>>fifth consecutive world championship<<< and ninth overall in April . The key is she 's still playing , while many of her national team counterparts are relegated to practicing and competing in the >>>occasional barn-storming game<<< following their decision to not play professionally in North America and its lone remaining league , the U.S.-based National Women 's Hockey League . The quasi-boycott came in the aftermath of the CWHL 's demise and led to the world 's top players to form the >>>Professional Women 's Hockey Players ' Association<<< and push for a new league with a sustainable economic model ."
apnews.com/f4fb6810b8a248a3be64dffbff4140a1,Exxon announced >>>other changes<<< at the Baytown site in 2017 .
apnews.com/f7b6b5a71ec7dde119f18ba3451814ee,"Bennet dropped out of the race shortly after entrepreneur Andrew Yang >>>announced his own departure<<< Tuesday night , bringing the Democratic presidential field to single digits ."
apnews.com/fbab5475ced14ffcabf07b278c1955f9,Police say >>>the officers were aware of one train in the area but may not have heard or seen another train coming up behind them<<< .
apnews.com/fdb0a1743dcc40a4b42ee42c7c66ac80,"DES MOINES , Iowa ( AP ) — Democratic >>>White House hopeful Cory Booker<<< is rolling out his Iowa steering committee , a team of activists and operatives that features party powerbroker Jerry Crawford , who played a key role in each of Bill and Hillary Clinton 's presidential campaigns in the state ."
apnews.com/fe1b32aa7b1f9ccf02bd0739e8d34a2e,The case was the >>>first of 10 cases<<< argued by telephone in May because of the coronavirus pandemic .
apnews.com/fea2ffe5c18647709de5f7aa5071ae72,"The prepared testimony of Michael Cohen , President Donald Trump 's former personal lawyer , as obtained by The Associated Press before >>>his appearance<<< Wednesday :"
