{"akk": "akk", "aii": "aii", "bho": "bho", "krl":"krl", "koi": "koi", "kpv": "kpv", "olo":"olo", "mr": "mar", "mdf":"mdf", "sa":"san", "sms":"sms", "tl":"tgl", "wbp": "wbp", "yo":"yor", "gsw":"gsw", "am":"amh", "bm":"bam", "be":"bel", "br":"bre", "hsb": "sou", "bxr": "bxm", "yue":"yue", "myv":"myv", "kmr":"kmr", "gun":"gun", "pcm":"pcm", "ta":"tam", "te":"tel", "cy":"cym", "am": "amh", "bs": "bos", "vi": "vie", "wa": "wln", "eu": "eus", "so": "som", "el": "ell", "aa": "aar", "or": "ori", "sm": "smo", "gn": "grn", "mi": "mri", "pi": "pli", "ps": "pus", "ms": "msa", "sa": "san", "ko": "kor", "sd": "snd", "hz": "her", "ks": "kas", "fo": "fao", "iu": "iku", "tg": "tgk", "dz": "dzo", "ar": "ara", "fa": "fas", "es": "spa", "my": "mya", "mg": "mlg", "st": "sot", "gu": "guj", "uk": "ukr", "lv": "lav", "to": "ton", "nv": "nav", "kl": "kal", "ka": "kat", "yi": "yid", "pl": "pol", "ht": "hat", "lu": "lub", "fr": "fra", "ia": "ina", "lt": "lit", "om": "orm", "qu": "que", "no": "nor", "sr": "srp", "br": "bre", "rm": "roh", "io": "ido", "gl": "glg", "nb": "nob", "ng": "ndo", "ts": "tso", "nr": "nbl", "ee": "ewe", "bo": "bod", "mt": "mlt", "ta": "tam", "et": "est", "yo": "yor", "tw": "twi", "sl": "slv", "su": "sun", "gv": "glv", "lo": "lao", "af": "afr", "sg": "sag", "sv": "swe", "ne": "nep", "ie": "ile", "bm": "bam", "sc": "srd", "sw": "swa", "nn": "nno", "ho": "hmo", "ak": "aka", "ab": "abk", "ti": "tir", "fy": "fry", "cr": "cre", "sh": "hbs", "ny": "nya", "uz": "uzb", "as": "asm", "ky": "kir", "av": "ava", "ig": "ibo", "zh": "zho", "tr": "tur", "hu": "hun", "pt": "por", "fj": "fij", "hr": "hrv", "it": "ita", "te": "tel", "rw": "kin", "kk": "kaz", "hy": "hye", "wo": "wol", "jv": "jav", "oc": "oci", "kn": "kan", "cu": "chu", "ln": "lin", "ha": "hau", "ru": "rus", "pa": "pan", "cv": "chv", "ss": "ssw", "ki": "kik", "ga": "gle", "dv": "div", "vo": "vol", "lb": "ltz", "ce": "che", "oj": "oji", "th": "tha", "ff": "ful", "kv": "kom", "tk": "tuk", "kr": "kau", "bg": "bul", "tt": "tat", "ml": "mal", "tl": "tgl", "mr": "mar", "hi": "hin", "ku": "kur", "na": "nau", "li": "lim", "nl": "nld", "nd": "nde", "os": "oss", "la": "lat", "bn": "ben", "kw": "cor", "id": "ind", "ay": "aym", "xh": "xho", "zu": "zul", "cs": "ces", "sn": "sna", "de": "deu", "co": "cos", "sk": "slk", "ug": "uig", "rn": "run", "he": "heb", "ba": "bak", "ro": "ron", "be": "bel", "ca": "cat", "kj": "kua", "ja": "jpn", "ch": "cha", "ik": "ipk", "bi": "bis", "an": "arg", "cy": "cym", "tn": "tsn", "mk": "mkd", "ve": "ven", "eo": "epo", "kg": "kon", "km": "khm", "se": "sme", "ii": "iii", "az": "aze", "en": "eng", "ur": "urd", "za": "zha", "is": "isl", "mh": "mah", "mn": "mon", "sq": "sqi", "lg": "lug", "gd": "gla", "fi": "fin", "ty": "tah", "da": "dan", "si": "sin", "ae": "ave", "alb": "sqi", "arm": "hye", "baq": "eus", "tib": "bod", "bur": "mya", "cze": "ces", "chi": "zho", "wel": "cym", "ger": "deu", "dut": "nld", "gre": "ell", "per": "fas", "fre": "fra", "geo": "kat", "ice": "isl", "mac": "mkd", "mao": "mri", "may": "msa", "rum": "ron", "slo": "slk"}
