model_name,num_test_data,valid_acc,eval_acc
models/experiment_69_bald_random_14/model3,130.0,0.5063063063063064,0.48326639892904955
models/experiment_69_bald_random_14/model3,260.0,0.5135135135135135,0.4966532797858099
models/experiment_69_bald_random_14/model3,390.0,0.5213213213213214,0.5287817938420348
models/experiment_69_bald_random_14/model3,520.0,0.6798798798798799,0.678714859437751
models/experiment_69_bald_random_14/model3,650.0,0.6822822822822823,0.7282463186077643
models/experiment_69_bald_random_14/model3,780.0,0.7339339339339339,0.7523427041499331
models/experiment_69_bald_random_14/model3,910.0,0.7501501501501502,0.7336010709504686
models/experiment_69_bald_random_14/model3,1040.0,0.7705705705705705,0.784471218206158
models/experiment_69_bald_random_14/model3,1170.0,0.7771771771771772,0.7536813922356091
models/experiment_69_bald_random_14/model3,1300.0,0.7885885885885886,0.8112449799196787
models/experiment_69_bald_random_14/model3,1430.0,0.7897897897897898,0.7684069611780455
models/experiment_69_bald_random_14/model3,1560.0,0.7861861861861862,0.8072289156626506
models/experiment_69_bald_random_14/model3,1690.0,0.7903903903903904,0.7804551539491299
models/experiment_69_bald_random_14/model3,1820.0,0.8048048048048048,0.7804551539491299
models/experiment_69_bald_random_14/model3,1950.0,0.8018018018018018,0.8085676037483266
models/experiment_69_bald_random_14/model3,2080.0,0.827027027027027,0.8072289156626506
models/experiment_69_bald_random_14/model3,2210.0,0.8096096096096096,0.7804551539491299
models/experiment_69_bald_random_14/model3,2340.0,0.8282282282282283,0.7831325301204819
models/experiment_69_bald_random_14/model3,2470.0,0.8276276276276276,0.8273092369477911
models/experiment_69_bald_random_14/model3,2600.0,0.8342342342342343,0.8433734939759037
models/experiment_69_bald_random_14/model3,2730.0,0.8426426426426427,0.8406961178045516
models/experiment_69_bald_random_14/model3,2860.0,0.8384384384384385,0.785809906291834
models/experiment_69_bald_random_14/model3,2990.0,0.8456456456456456,0.7925033467202142
models/experiment_69_bald_random_14/model3,3120.0,0.8498498498498499,0.8232931726907631
models/experiment_69_bald_random_14/model3,3250.0,0.8624624624624625,0.8232931726907631
models/experiment_69_bald_random_14/model3,3380.0,0.8642642642642643,0.8139223560910308
models/experiment_69_bald_random_14/model3,3510.0,0.8582582582582583,0.7951807228915663
models/experiment_69_bald_random_14/model3,3640.0,0.8768768768768769,0.8125836680053548
models/experiment_69_bald_random_14/model3,3770.0,0.8924924924924925,0.8018741633199464
models/experiment_69_bald_random_14/model3,3900.0,0.8924924924924925,0.8313253012048193
models/experiment_69_bald_random_14/model3,4030.0,0.8972972972972973,0.8058902275769746
models/experiment_69_bald_random_14/model3,4160.0,0.8822822822822823,0.8125836680053548
models/experiment_69_bald_random_14/model3,4290.0,0.9045045045045045,0.8259705488621151
models/experiment_69_bald_random_14/model3,4420.0,0.8786786786786787,0.8246318607764391
models/experiment_69_bald_random_14/model3,4550.0,0.8954954954954955,0.8366800535475234
models/experiment_69_bald_random_14/model3,4680.0,0.8978978978978979,0.8139223560910308
models/experiment_69_bald_random_14/model9,130.0,0.5399399399399399,0.5020080321285141
models/experiment_69_bald_random_14/model9,260.0,0.5273273273273273,0.5100401606425703
models/experiment_69_bald_random_14/model9,390.0,0.5057057057057057,0.5381526104417671
models/experiment_69_bald_random_14/model9,520.0,0.7021021021021021,0.7161981258366801
models/experiment_69_bald_random_14/model9,650.0,0.7147147147147147,0.7242302543507363
models/experiment_69_bald_random_14/model9,780.0,0.7147147147147147,0.7536813922356091
models/experiment_69_bald_random_14/model9,910.0,0.7765765765765765,0.7978580990629184
models/experiment_69_bald_random_14/model9,1040.0,0.7711711711711712,0.785809906291834
models/experiment_69_bald_random_14/model9,1170.0,0.7471471471471471,0.7322623828647925
models/experiment_69_bald_random_14/model9,1300.0,0.7813813813813814,0.7871485943775101
models/experiment_69_bald_random_14/model9,1430.0,0.8096096096096096,0.7871485943775101
models/experiment_69_bald_random_14/model9,1560.0,0.7747747747747747,0.7791164658634538
models/experiment_69_bald_random_14/model9,1690.0,0.8384384384384385,0.8232931726907631
models/experiment_69_bald_random_14/model9,1820.0,0.8168168168168168,0.8032128514056225
models/experiment_69_bald_random_14/model9,1950.0,0.8324324324324325,0.7991967871485943
models/experiment_69_bald_random_14/model9,2080.0,0.824024024024024,0.7871485943775101
models/experiment_69_bald_random_14/model9,2210.0,0.8264264264264264,0.751004016064257
models/experiment_69_bald_random_14/model9,2340.0,0.8372372372372372,0.8125836680053548
models/experiment_69_bald_random_14/model9,2470.0,0.8234234234234235,0.784471218206158
models/experiment_69_bald_random_14/model9,2600.0,0.8390390390390391,0.7831325301204819
models/experiment_69_bald_random_14/model9,2730.0,0.8660660660660661,0.8313253012048193
models/experiment_69_bald_random_14/model9,2860.0,0.857057057057057,0.8099062918340026
models/experiment_69_bald_random_14/model9,2990.0,0.8618618618618619,0.8326639892904953
models/experiment_69_bald_random_14/model9,3120.0,0.8504504504504504,0.8273092369477911
models/experiment_69_bald_random_14/model9,3250.0,0.8654654654654654,0.7911646586345381
models/experiment_69_bald_random_14/model9,3380.0,0.8606606606606607,0.7764390896921017
models/experiment_69_bald_random_14/model9,3510.0,0.8696696696696696,0.8273092369477911
models/experiment_69_bald_random_14/model9,3640.0,0.8714714714714715,0.8058902275769746
models/experiment_69_bald_random_14/model9,3770.0,0.8672672672672672,0.8032128514056225
models/experiment_69_bald_random_14/model9,3900.0,0.8906906906906907,0.8165997322623829
models/experiment_69_bald_random_14/model9,4030.0,0.893093093093093,0.8447121820615796
models/experiment_69_bald_random_14/model9,4160.0,0.8642642642642643,0.8165997322623829
models/experiment_69_bald_random_14/model9,4290.0,0.8876876876876877,0.8032128514056225
models/experiment_69_bald_random_14/model9,4420.0,0.8864864864864865,0.85809906291834
models/experiment_69_bald_random_14/model9,4550.0,0.8990990990990991,0.8165997322623829
models/experiment_69_bald_random_14/model9,4680.0,0.8864864864864865,0.8018741633199464
models/experiment_69_bald_random_14/model1,130.0,0.5147147147147147,0.5274431057563588
models/experiment_69_bald_random_14/model1,260.0,0.6492492492492492,0.6746987951807228
models/experiment_69_bald_random_14/model1,390.0,0.6930930930930931,0.7108433734939759
models/experiment_69_bald_random_14/model1,520.0,0.6984984984984985,0.7523427041499331
models/experiment_69_bald_random_14/model1,650.0,0.6558558558558558,0.6519410977242303
models/experiment_69_bald_random_14/model1,780.0,0.7171171171171171,0.7161981258366801
models/experiment_69_bald_random_14/model1,910.0,0.7507507507507507,0.7456492637215528
models/experiment_69_bald_random_14/model1,1040.0,0.7693693693693694,0.7871485943775101
models/experiment_69_bald_random_14/model1,1170.0,0.7705705705705705,0.7523427041499331
models/experiment_69_bald_random_14/model1,1300.0,0.7633633633633634,0.7483266398929049
models/experiment_69_bald_random_14/model1,1430.0,0.7753753753753754,0.7523427041499331
models/experiment_69_bald_random_14/model1,1560.0,0.781981981981982,0.785809906291834
models/experiment_69_bald_random_14/model1,1690.0,0.787987987987988,0.7938420348058902
models/experiment_69_bald_random_14/model1,1820.0,0.796996996996997,0.7751004016064257
models/experiment_69_bald_random_14/model1,1950.0,0.8348348348348348,0.8192771084337349
models/experiment_69_bald_random_14/model1,2080.0,0.8384384384384385,0.7737617135207496
models/experiment_69_bald_random_14/model1,2210.0,0.8408408408408409,0.8045515394912985
models/experiment_69_bald_random_14/model1,2340.0,0.8258258258258259,0.7563587684069611
models/experiment_69_bald_random_14/model1,2470.0,0.8402402402402402,0.7925033467202142
models/experiment_69_bald_random_14/model1,2600.0,0.8438438438438438,0.8072289156626506
models/experiment_69_bald_random_14/model1,2730.0,0.8294294294294294,0.7925033467202142
models/experiment_69_bald_random_14/model1,2860.0,0.8528528528528528,0.8085676037483266
models/experiment_69_bald_random_14/model1,2990.0,0.8450450450450451,0.8139223560910308
models/experiment_69_bald_random_14/model1,3120.0,0.8708708708708709,0.8232931726907631
models/experiment_69_bald_random_14/model1,3250.0,0.878078078078078,0.8313253012048193
models/experiment_69_bald_random_14/model1,3380.0,0.8768768768768769,0.7965194109772423
models/experiment_69_bald_random_14/model1,3510.0,0.863063063063063,0.8393574297188755
models/experiment_69_bald_random_14/model1,3640.0,0.8654654654654654,0.7871485943775101
models/experiment_69_bald_random_14/model1,3770.0,0.8738738738738738,0.8246318607764391
models/experiment_69_bald_random_14/model1,3900.0,0.8894894894894895,0.8487282463186078
models/experiment_69_bald_random_14/model1,4030.0,0.8678678678678678,0.8152610441767069
models/experiment_69_bald_random_14/model1,4160.0,0.8810810810810811,0.8299866131191432
models/experiment_69_bald_random_14/model1,4290.0,0.8756756756756757,0.8085676037483266
models/experiment_69_bald_random_14/model1,4420.0,0.9051051051051051,0.8473895582329317
models/experiment_69_bald_random_14/model1,4550.0,0.8960960960960961,0.8085676037483266
models/experiment_69_bald_random_14/model1,4680.0,0.9081081081081082,0.8232931726907631
models/experiment_69_bald_random_14/model6,130.0,0.5081081081081081,0.5220883534136547
models/experiment_69_bald_random_14/model6,260.0,0.6408408408408408,0.6827309236947792
models/experiment_69_bald_random_14/model6,390.0,0.6858858858858858,0.7443105756358769
models/experiment_69_bald_random_14/model6,520.0,0.7003003003003003,0.7068273092369478
models/experiment_69_bald_random_14/model6,650.0,0.7363363363363363,0.7469879518072289
models/experiment_69_bald_random_14/model6,780.0,0.7207207207207207,0.7215528781793842
models/experiment_69_bald_random_14/model6,910.0,0.7681681681681681,0.784471218206158
models/experiment_69_bald_random_14/model6,1040.0,0.7507507507507507,0.7643908969210174
models/experiment_69_bald_random_14/model6,1170.0,0.7339339339339339,0.7416331994645248
models/experiment_69_bald_random_14/model6,1300.0,0.7921921921921922,0.7965194109772423
models/experiment_69_bald_random_14/model6,1430.0,0.7783783783783784,0.7751004016064257
models/experiment_69_bald_random_14/model6,1560.0,0.7951951951951952,0.7951807228915663
models/experiment_69_bald_random_14/model6,1690.0,0.8066066066066067,0.8112449799196787
models/experiment_69_bald_random_14/model6,1820.0,0.8096096096096096,0.8018741633199464
models/experiment_69_bald_random_14/model6,1950.0,0.8054054054054054,0.7710843373493976
models/experiment_69_bald_random_14/model6,2080.0,0.8408408408408409,0.8165997322623829
models/experiment_69_bald_random_14/model6,2210.0,0.8378378378378378,0.8058902275769746
models/experiment_69_bald_random_14/model6,2340.0,0.8516516516516517,0.8179384203480589
models/experiment_69_bald_random_14/model6,2470.0,0.8468468468468469,0.7751004016064257
models/experiment_69_bald_random_14/model6,2600.0,0.8600600600600601,0.8232931726907631
models/experiment_69_bald_random_14/model6,2730.0,0.8684684684684685,0.7884872824631861
models/experiment_69_bald_random_14/model6,2860.0,0.8642642642642643,0.8299866131191432
models/experiment_69_bald_random_14/model6,2990.0,0.8504504504504504,0.8099062918340026
models/experiment_69_bald_random_14/model6,3120.0,0.8702702702702703,0.8273092369477911
models/experiment_69_bald_random_14/model6,3250.0,0.8696696696696696,0.8045515394912985
models/experiment_69_bald_random_14/model6,3380.0,0.8810810810810811,0.8286479250334672
models/experiment_69_bald_random_14/model6,3510.0,0.8786786786786787,0.8125836680053548
models/experiment_69_bald_random_14/model6,3640.0,0.8996996996996997,0.8139223560910308
models/experiment_69_bald_random_14/model6,3770.0,0.8774774774774775,0.8125836680053548
models/experiment_69_bald_random_14/model6,3900.0,0.8864864864864865,0.7911646586345381
models/experiment_69_bald_random_14/model6,4030.0,0.8828828828828829,0.8152610441767069
models/experiment_69_bald_random_14/model6,4160.0,0.8828828828828829,0.8139223560910308
models/experiment_69_bald_random_14/model6,4290.0,0.8798798798798799,0.8072289156626506
models/experiment_69_bald_random_14/model6,4420.0,0.8894894894894895,0.7911646586345381
models/experiment_69_bald_random_14/model6,4550.0,0.893093093093093,0.8192771084337349
models/experiment_69_bald_random_14/model6,4680.0,0.8894894894894895,0.8353413654618473
models/experiment_69_bald_random_14/model8,130.0,0.5045045045045045,0.5046854082998661
models/experiment_69_bald_random_14/model8,260.0,0.5135135135135135,0.5100401606425703
models/experiment_69_bald_random_14/model8,390.0,0.6894894894894895,0.7188755020080321
models/experiment_69_bald_random_14/model8,520.0,0.7177177177177178,0.7563587684069611
models/experiment_69_bald_random_14/model8,650.0,0.7177177177177178,0.7670682730923695
models/experiment_69_bald_random_14/model8,780.0,0.730930930930931,0.7483266398929049
models/experiment_69_bald_random_14/model8,910.0,0.7585585585585586,0.7871485943775101
models/experiment_69_bald_random_14/model8,1040.0,0.7837837837837838,0.7724230254350736
models/experiment_69_bald_random_14/model8,1170.0,0.7825825825825826,0.7724230254350736
models/experiment_69_bald_random_14/model8,1300.0,0.7945945945945946,0.7965194109772423
models/experiment_69_bald_random_14/model8,1430.0,0.8,0.8099062918340026
models/experiment_69_bald_random_14/model8,1560.0,0.772972972972973,0.7590361445783133
models/experiment_69_bald_random_14/model8,1690.0,0.8108108108108109,0.7710843373493976
models/experiment_69_bald_random_14/model8,1820.0,0.8168168168168168,0.7884872824631861
models/experiment_69_bald_random_14/model8,1950.0,0.809009009009009,0.7884872824631861
models/experiment_69_bald_random_14/model8,2080.0,0.851051051051051,0.8139223560910308
models/experiment_69_bald_random_14/model8,2210.0,0.8564564564564564,0.8112449799196787
models/experiment_69_bald_random_14/model8,2340.0,0.8600600600600601,0.784471218206158
models/experiment_69_bald_random_14/model8,2470.0,0.8468468468468469,0.7951807228915663
models/experiment_69_bald_random_14/model8,2600.0,0.8522522522522522,0.7991967871485943
models/experiment_69_bald_random_14/model8,2730.0,0.8594594594594595,0.821954484605087
models/experiment_69_bald_random_14/model8,2860.0,0.8744744744744745,0.8125836680053548
models/experiment_69_bald_random_14/model8,2990.0,0.8702702702702703,0.8179384203480589
models/experiment_69_bald_random_14/model8,3120.0,0.8660660660660661,0.8286479250334672
models/experiment_69_bald_random_14/model8,3250.0,0.8702702702702703,0.7978580990629184
models/experiment_69_bald_random_14/model8,3380.0,0.8666666666666667,0.7965194109772423
models/experiment_69_bald_random_14/model8,3510.0,0.8708708708708709,0.8085676037483266
models/experiment_69_bald_random_14/model8,3640.0,0.8756756756756757,0.8192771084337349
models/experiment_69_bald_random_14/model8,3770.0,0.8876876876876877,0.8099062918340026
models/experiment_69_bald_random_14/model8,3900.0,0.8942942942942943,0.8179384203480589
models/experiment_69_bald_random_14/model8,4030.0,0.8816816816816817,0.7965194109772423
models/experiment_69_bald_random_14/model8,4160.0,0.8762762762762762,0.8353413654618473
models/experiment_69_bald_random_14/model8,4290.0,0.8912912912912913,0.8058902275769746
models/experiment_69_bald_random_14/model8,4420.0,0.8870870870870871,0.8420348058902276
models/experiment_69_bald_random_14/model8,4550.0,0.893093093093093,0.8340026773761714
models/experiment_69_bald_random_14/model8,4680.0,0.8906906906906907,0.8085676037483266
models/experiment_69_bald_random_14/model5,130.0,0.5309309309309309,0.5234270414993306
models/experiment_69_bald_random_14/model5,260.0,0.6510510510510511,0.7001338688085676
models/experiment_69_bald_random_14/model5,390.0,0.654054054054054,0.6947791164658634
models/experiment_69_bald_random_14/model5,520.0,0.6924924924924925,0.7255689424364123
models/experiment_69_bald_random_14/model5,650.0,0.6942942942942943,0.6840696117804551
models/experiment_69_bald_random_14/model5,780.0,0.7453453453453454,0.7724230254350736
models/experiment_69_bald_random_14/model5,910.0,0.7561561561561562,0.7563587684069611
models/experiment_69_bald_random_14/model5,1040.0,0.7585585585585586,0.7737617135207496
models/experiment_69_bald_random_14/model5,1170.0,0.7615615615615615,0.7670682730923695
models/experiment_69_bald_random_14/model5,1300.0,0.8084084084084084,0.8072289156626506
models/experiment_69_bald_random_14/model5,1430.0,0.7933933933933934,0.7576974564926372
models/experiment_69_bald_random_14/model5,1560.0,0.8084084084084084,0.7938420348058902
models/experiment_69_bald_random_14/model5,1690.0,0.821021021021021,0.7978580990629184
models/experiment_69_bald_random_14/model5,1820.0,0.8144144144144144,0.8072289156626506
models/experiment_69_bald_random_14/model5,1950.0,0.8036036036036036,0.7884872824631861
models/experiment_69_bald_random_14/model5,2080.0,0.8222222222222222,0.7751004016064257
models/experiment_69_bald_random_14/model5,2210.0,0.815015015015015,0.8045515394912985
models/experiment_69_bald_random_14/model5,2340.0,0.8432432432432433,0.8246318607764391
models/experiment_69_bald_random_14/model5,2470.0,0.8306306306306306,0.8005354752342704
models/experiment_69_bald_random_14/model5,2600.0,0.8540540540540541,0.8032128514056225
models/experiment_69_bald_random_14/model5,2730.0,0.8402402402402402,0.7938420348058902
models/experiment_69_bald_random_14/model5,2860.0,0.8576576576576577,0.7925033467202142
models/experiment_69_bald_random_14/model5,2990.0,0.8576576576576577,0.8085676037483266
models/experiment_69_bald_random_14/model5,3120.0,0.8522522522522522,0.7925033467202142
models/experiment_69_bald_random_14/model5,3250.0,0.8822822822822823,0.8406961178045516
models/experiment_69_bald_random_14/model5,3380.0,0.8768768768768769,0.7965194109772423
models/experiment_69_bald_random_14/model5,3510.0,0.8714714714714715,0.8058902275769746
models/experiment_69_bald_random_14/model5,3640.0,0.8732732732732733,0.8433734939759037
models/experiment_69_bald_random_14/model5,3770.0,0.8906906906906907,0.8018741633199464
models/experiment_69_bald_random_14/model5,3900.0,0.8690690690690691,0.8192771084337349
models/experiment_69_bald_random_14/model5,4030.0,0.9027027027027027,0.8259705488621151
models/experiment_69_bald_random_14/model5,4160.0,0.8816816816816817,0.7871485943775101
models/experiment_69_bald_random_14/model5,4290.0,0.8768768768768769,0.7978580990629184
models/experiment_69_bald_random_14/model5,4420.0,0.8906906906906907,0.8259705488621151
models/experiment_69_bald_random_14/model5,4550.0,0.893093093093093,0.8299866131191432
models/experiment_69_bald_random_14/model5,4680.0,0.9099099099099099,0.8246318607764391
models/experiment_69_bald_random_14/model7,130.0,0.5255255255255256,0.5180722891566265
models/experiment_69_bald_random_14/model7,260.0,0.6708708708708708,0.7081659973226239
models/experiment_69_bald_random_14/model7,390.0,0.7279279279279279,0.7670682730923695
models/experiment_69_bald_random_14/model7,520.0,0.6864864864864865,0.6800535475234271
models/experiment_69_bald_random_14/model7,650.0,0.7303303303303303,0.751004016064257
models/experiment_69_bald_random_14/model7,780.0,0.7435435435435436,0.7121820615796519
models/experiment_69_bald_random_14/model7,910.0,0.7753753753753754,0.8099062918340026
models/experiment_69_bald_random_14/model7,1040.0,0.7525525525525526,0.7362784471218207
models/experiment_69_bald_random_14/model7,1170.0,0.7741741741741742,0.7831325301204819
models/experiment_69_bald_random_14/model7,1300.0,0.8102102102102102,0.8139223560910308
models/experiment_69_bald_random_14/model7,1430.0,0.8072072072072072,0.7831325301204819
models/experiment_69_bald_random_14/model7,1560.0,0.793993993993994,0.7817938420348058
models/experiment_69_bald_random_14/model7,1690.0,0.7987987987987988,0.8005354752342704
models/experiment_69_bald_random_14/model7,1820.0,0.8108108108108109,0.8099062918340026
models/experiment_69_bald_random_14/model7,1950.0,0.8204204204204204,0.7617135207496654
models/experiment_69_bald_random_14/model7,2080.0,0.8102102102102102,0.8058902275769746
models/experiment_69_bald_random_14/model7,2210.0,0.8342342342342343,0.8179384203480589
models/experiment_69_bald_random_14/model7,2340.0,0.8444444444444444,0.8165997322623829
models/experiment_69_bald_random_14/model7,2470.0,0.8318318318318318,0.8058902275769746
models/experiment_69_bald_random_14/model7,2600.0,0.8552552552552553,0.8246318607764391
models/experiment_69_bald_random_14/model7,2730.0,0.8498498498498499,0.8058902275769746
models/experiment_69_bald_random_14/model7,2860.0,0.8504504504504504,0.8139223560910308
models/experiment_69_bald_random_14/model7,2990.0,0.857057057057057,0.820615796519411
models/experiment_69_bald_random_14/model7,3120.0,0.8804804804804804,0.7965194109772423
models/experiment_69_bald_random_14/model7,3250.0,0.8612612612612612,0.8299866131191432
models/experiment_69_bald_random_14/model7,3380.0,0.8600600600600601,0.7965194109772423
models/experiment_69_bald_random_14/model7,3510.0,0.8852852852852853,0.8406961178045516
models/experiment_69_bald_random_14/model7,3640.0,0.8816816816816817,0.8032128514056225
models/experiment_69_bald_random_14/model7,3770.0,0.8960960960960961,0.8527443105756358
models/experiment_69_bald_random_14/model7,3900.0,0.8702702702702703,0.8366800535475234
models/experiment_69_bald_random_14/model7,4030.0,0.8870870870870871,0.821954484605087
models/experiment_69_bald_random_14/model7,4160.0,0.8966966966966967,0.8259705488621151
models/experiment_69_bald_random_14/model7,4290.0,0.8768768768768769,0.8152610441767069
models/experiment_69_bald_random_14/model7,4420.0,0.8864864864864865,0.8058902275769746
models/experiment_69_bald_random_14/model7,4550.0,0.8912912912912913,0.8165997322623829
models/experiment_69_bald_random_14/model7,4680.0,0.8786786786786787,0.8152610441767069
models/experiment_69_bald_random_14/model4,130.0,0.5051051051051051,0.5113788487282463
models/experiment_69_bald_random_14/model4,260.0,0.6168168168168168,0.6251673360107095
models/experiment_69_bald_random_14/model4,390.0,0.7087087087087087,0.7349397590361446
models/experiment_69_bald_random_14/model4,520.0,0.7135135135135136,0.7121820615796519
models/experiment_69_bald_random_14/model4,650.0,0.7129129129129129,0.7014725568942436
models/experiment_69_bald_random_14/model4,780.0,0.7273273273273273,0.7603748326639893
models/experiment_69_bald_random_14/model4,910.0,0.7603603603603604,0.749665327978581
models/experiment_69_bald_random_14/model4,1040.0,0.790990990990991,0.8112449799196787
models/experiment_69_bald_random_14/model4,1170.0,0.7573573573573573,0.7309236947791165
models/experiment_69_bald_random_14/model4,1300.0,0.7831831831831831,0.8165997322623829
models/experiment_69_bald_random_14/model4,1430.0,0.7987987987987988,0.7925033467202142
models/experiment_69_bald_random_14/model4,1560.0,0.7981981981981981,0.8005354752342704
models/experiment_69_bald_random_14/model4,1690.0,0.8336336336336336,0.8273092369477911
models/experiment_69_bald_random_14/model4,1820.0,0.833033033033033,0.8005354752342704
models/experiment_69_bald_random_14/model4,1950.0,0.8156156156156156,0.7831325301204819
models/experiment_69_bald_random_14/model4,2080.0,0.8024024024024023,0.7697456492637216
models/experiment_69_bald_random_14/model4,2210.0,0.8102102102102102,0.7710843373493976
models/experiment_69_bald_random_14/model4,2340.0,0.8474474474474475,0.7791164658634538
models/experiment_69_bald_random_14/model4,2470.0,0.8378378378378378,0.820615796519411
models/experiment_69_bald_random_14/model4,2600.0,0.8660660660660661,0.8125836680053548
models/experiment_69_bald_random_14/model4,2730.0,0.8588588588588588,0.785809906291834
models/experiment_69_bald_random_14/model4,2860.0,0.8594594594594595,0.8018741633199464
models/experiment_69_bald_random_14/model4,2990.0,0.8468468468468469,0.7911646586345381
models/experiment_69_bald_random_14/model4,3120.0,0.8432432432432433,0.8112449799196787
models/experiment_69_bald_random_14/model4,3250.0,0.8774774774774775,0.8112449799196787
models/experiment_69_bald_random_14/model4,3380.0,0.8522522522522522,0.8125836680053548
models/experiment_69_bald_random_14/model4,3510.0,0.8810810810810811,0.8072289156626506
models/experiment_69_bald_random_14/model4,3640.0,0.8876876876876877,0.8259705488621151
models/experiment_69_bald_random_14/model4,3770.0,0.8684684684684685,0.7991967871485943
models/experiment_69_bald_random_14/model4,3900.0,0.8732732732732733,0.8005354752342704
models/experiment_69_bald_random_14/model4,4030.0,0.878078078078078,0.8353413654618473
models/experiment_69_bald_random_14/model4,4160.0,0.8768768768768769,0.8058902275769746
models/experiment_69_bald_random_14/model4,4290.0,0.8918918918918919,0.8259705488621151
models/experiment_69_bald_random_14/model4,4420.0,0.8996996996996997,0.8058902275769746
models/experiment_69_bald_random_14/model4,4550.0,0.8846846846846846,0.8326639892904953
models/experiment_69_bald_random_14/model4,4680.0,0.8948948948948949,0.8152610441767069
models/experiment_69_bald_random_14/model10,130.0,0.5483483483483483,0.5488621151271754
models/experiment_69_bald_random_14/model10,260.0,0.518918918918919,0.5220883534136547
models/experiment_69_bald_random_14/model10,390.0,0.6822822822822823,0.7028112449799196
models/experiment_69_bald_random_14/model10,520.0,0.7405405405405405,0.7563587684069611
models/experiment_69_bald_random_14/model10,650.0,0.7549549549549549,0.7469879518072289
models/experiment_69_bald_random_14/model10,780.0,0.6744744744744745,0.6546184738955824
models/experiment_69_bald_random_14/model10,910.0,0.7429429429429429,0.7001338688085676
models/experiment_69_bald_random_14/model10,1040.0,0.775975975975976,0.7603748326639893
models/experiment_69_bald_random_14/model10,1170.0,0.7843843843843844,0.7804551539491299
models/experiment_69_bald_random_14/model10,1300.0,0.8036036036036036,0.7697456492637216
models/experiment_69_bald_random_14/model10,1430.0,0.790990990990991,0.7563587684069611
models/experiment_69_bald_random_14/model10,1560.0,0.7933933933933934,0.7871485943775101
models/experiment_69_bald_random_14/model10,1690.0,0.8228228228228228,0.8165997322623829
models/experiment_69_bald_random_14/model10,1820.0,0.8282282282282283,0.7978580990629184
models/experiment_69_bald_random_14/model10,1950.0,0.8096096096096096,0.8192771084337349
models/experiment_69_bald_random_14/model10,2080.0,0.8408408408408409,0.7991967871485943
models/experiment_69_bald_random_14/model10,2210.0,0.8138138138138138,0.8005354752342704
models/experiment_69_bald_random_14/model10,2340.0,0.8234234234234235,0.784471218206158
models/experiment_69_bald_random_14/model10,2470.0,0.8402402402402402,0.8032128514056225
models/experiment_69_bald_random_14/model10,2600.0,0.8564564564564564,0.8326639892904953
models/experiment_69_bald_random_14/model10,2730.0,0.836036036036036,0.8125836680053548
models/experiment_69_bald_random_14/model10,2860.0,0.8498498498498499,0.7965194109772423
models/experiment_69_bald_random_14/model10,2990.0,0.8696696696696696,0.8125836680053548
models/experiment_69_bald_random_14/model10,3120.0,0.8816816816816817,0.8032128514056225
models/experiment_69_bald_random_14/model10,3250.0,0.8774774774774775,0.8179384203480589
models/experiment_69_bald_random_14/model10,3380.0,0.8648648648648649,0.8085676037483266
models/experiment_69_bald_random_14/model10,3510.0,0.8834834834834835,0.7925033467202142
models/experiment_69_bald_random_14/model10,3640.0,0.8846846846846846,0.8299866131191432
models/experiment_69_bald_random_14/model10,3770.0,0.8978978978978979,0.8273092369477911
models/experiment_69_bald_random_14/model10,3900.0,0.8942942942942943,0.8179384203480589
models/experiment_69_bald_random_14/model10,4030.0,0.8714714714714715,0.8179384203480589
models/experiment_69_bald_random_14/model10,4160.0,0.8738738738738738,0.8058902275769746
models/experiment_69_bald_random_14/model10,4290.0,0.8834834834834835,0.8326639892904953
models/experiment_69_bald_random_14/model10,4420.0,0.8888888888888888,0.8005354752342704
models/experiment_69_bald_random_14/model10,4550.0,0.8996996996996997,0.821954484605087
models/experiment_69_bald_random_14/model10,4680.0,0.9009009009009009,0.8045515394912985
models/experiment_69_bald_random_14/model2,130.0,0.5309309309309309,0.5087014725568942
models/experiment_69_bald_random_14/model2,260.0,0.5039039039039039,0.5060240963855421
models/experiment_69_bald_random_14/model2,390.0,0.6708708708708708,0.7108433734939759
models/experiment_69_bald_random_14/model2,520.0,0.7021021021021021,0.6854082998661312
models/experiment_69_bald_random_14/model2,650.0,0.6642642642642642,0.6934404283801874
models/experiment_69_bald_random_14/model2,780.0,0.7393393393393394,0.7536813922356091
models/experiment_69_bald_random_14/model2,910.0,0.7543543543543544,0.7576974564926372
models/experiment_69_bald_random_14/model2,1040.0,0.7525525525525526,0.7603748326639893
models/experiment_69_bald_random_14/model2,1170.0,0.7633633633633634,0.7978580990629184
models/experiment_69_bald_random_14/model2,1300.0,0.7945945945945946,0.8032128514056225
models/experiment_69_bald_random_14/model2,1430.0,0.7825825825825826,0.784471218206158
models/experiment_69_bald_random_14/model2,1560.0,0.7975975975975976,0.8125836680053548
models/experiment_69_bald_random_14/model2,1690.0,0.7801801801801802,0.7925033467202142
models/experiment_69_bald_random_14/model2,1820.0,0.8012012012012012,0.784471218206158
models/experiment_69_bald_random_14/model2,1950.0,0.7957957957957958,0.7777777777777778
models/experiment_69_bald_random_14/model2,2080.0,0.8042042042042042,0.8152610441767069
models/experiment_69_bald_random_14/model2,2210.0,0.833033033033033,0.8032128514056225
models/experiment_69_bald_random_14/model2,2340.0,0.8162162162162162,0.8058902275769746
models/experiment_69_bald_random_14/model2,2470.0,0.8384384384384385,0.8018741633199464
models/experiment_69_bald_random_14/model2,2600.0,0.8516516516516517,0.7965194109772423
models/experiment_69_bald_random_14/model2,2730.0,0.8486486486486486,0.8152610441767069
models/experiment_69_bald_random_14/model2,2860.0,0.8504504504504504,0.7630522088353414
models/experiment_69_bald_random_14/model2,2990.0,0.8750750750750751,0.8165997322623829
models/experiment_69_bald_random_14/model2,3120.0,0.8714714714714715,0.8125836680053548
models/experiment_69_bald_random_14/model2,3250.0,0.8714714714714715,0.8099062918340026
models/experiment_69_bald_random_14/model2,3380.0,0.8672672672672672,0.8018741633199464
models/experiment_69_bald_random_14/model2,3510.0,0.8894894894894895,0.820615796519411
models/experiment_69_bald_random_14/model2,3640.0,0.8738738738738738,0.8072289156626506
models/experiment_69_bald_random_14/model2,3770.0,0.8798798798798799,0.8139223560910308
models/experiment_69_bald_random_14/model2,3900.0,0.8864864864864865,0.8299866131191432
models/experiment_69_bald_random_14/model2,4030.0,0.893093093093093,0.820615796519411
models/experiment_69_bald_random_14/model2,4160.0,0.8942942942942943,0.8112449799196787
models/experiment_69_bald_random_14/model2,4290.0,0.893093093093093,0.8246318607764391
models/experiment_69_bald_random_14/model2,4420.0,0.8978978978978979,0.8313253012048193
models/experiment_69_bald_random_14/model2,4550.0,0.8978978978978979,0.8125836680053548
models/experiment_69_bald_random_14/model2,4680.0,0.8978978978978979,0.8246318607764391
