model_name,num_test_data,valid_acc,eval_acc
models/experiment_68_var_rat_random_14/model3,130.0,0.5045045045045045,0.4819277108433735
models/experiment_68_var_rat_random_14/model3,260.0,0.5765765765765766,0.5742971887550201
models/experiment_68_var_rat_random_14/model3,390.0,0.6462462462462463,0.6613119143239625
models/experiment_68_var_rat_random_14/model3,520.0,0.6804804804804805,0.6894243641231593
models/experiment_68_var_rat_random_14/model3,650.0,0.7057057057057057,0.7188755020080321
models/experiment_68_var_rat_random_14/model3,780.0,0.7333333333333333,0.7242302543507363
models/experiment_68_var_rat_random_14/model3,910.0,0.7123123123123123,0.7108433734939759
models/experiment_68_var_rat_random_14/model3,1040.0,0.736936936936937,0.7362784471218207
models/experiment_68_var_rat_random_14/model3,1170.0,0.760960960960961,0.7255689424364123
models/experiment_68_var_rat_random_14/model3,1300.0,0.7801801801801802,0.7764390896921017
models/experiment_68_var_rat_random_14/model3,1430.0,0.7861861861861862,0.7831325301204819
models/experiment_68_var_rat_random_14/model3,1560.0,0.8096096096096096,0.8032128514056225
models/experiment_68_var_rat_random_14/model3,1690.0,0.7975975975975976,0.8058902275769746
models/experiment_68_var_rat_random_14/model3,1820.0,0.7675675675675676,0.7643908969210174
models/experiment_68_var_rat_random_14/model3,1950.0,0.833033033033033,0.8045515394912985
models/experiment_68_var_rat_random_14/model3,2080.0,0.8012012012012012,0.7938420348058902
models/experiment_68_var_rat_random_14/model3,2210.0,0.8102102102102102,0.7751004016064257
models/experiment_68_var_rat_random_14/model3,2340.0,0.7789789789789789,0.7965194109772423
models/experiment_68_var_rat_random_14/model3,2470.0,0.8408408408408409,0.8032128514056225
models/experiment_68_var_rat_random_14/model3,2600.0,0.857057057057057,0.8045515394912985
models/experiment_68_var_rat_random_14/model3,2730.0,0.8438438438438438,0.8179384203480589
models/experiment_68_var_rat_random_14/model3,2860.0,0.8540540540540541,0.8514056224899599
models/experiment_68_var_rat_random_14/model3,2990.0,0.8714714714714715,0.8326639892904953
models/experiment_68_var_rat_random_14/model3,3120.0,0.8726726726726727,0.785809906291834
models/experiment_68_var_rat_random_14/model3,3250.0,0.8756756756756757,0.8058902275769746
models/experiment_68_var_rat_random_14/model3,3380.0,0.8702702702702703,0.8018741633199464
models/experiment_68_var_rat_random_14/model3,3510.0,0.8672672672672672,0.7817938420348058
models/experiment_68_var_rat_random_14/model3,3640.0,0.8636636636636636,0.7911646586345381
models/experiment_68_var_rat_random_14/model3,3770.0,0.8888888888888888,0.8313253012048193
models/experiment_68_var_rat_random_14/model3,3900.0,0.8762762762762762,0.8179384203480589
models/experiment_68_var_rat_random_14/model3,4030.0,0.8942942942942943,0.8085676037483266
models/experiment_68_var_rat_random_14/model3,4160.0,0.9003003003003003,0.8340026773761714
models/experiment_68_var_rat_random_14/model3,4290.0,0.893093093093093,0.8112449799196787
models/experiment_68_var_rat_random_14/model3,4420.0,0.8846846846846846,0.8045515394912985
models/experiment_68_var_rat_random_14/model3,4550.0,0.8882882882882883,0.8246318607764391
models/experiment_68_var_rat_random_14/model3,4680.0,0.8966966966966967,0.8165997322623829
models/experiment_68_var_rat_random_14/model9,130.0,0.5033033033033033,0.5033467202141901
models/experiment_68_var_rat_random_14/model9,260.0,0.5027027027027027,0.5033467202141901
models/experiment_68_var_rat_random_14/model9,390.0,0.7135135135135136,0.7242302543507363
models/experiment_68_var_rat_random_14/model9,520.0,0.7417417417417418,0.7322623828647925
models/experiment_68_var_rat_random_14/model9,650.0,0.7315315315315315,0.7215528781793842
models/experiment_68_var_rat_random_14/model9,780.0,0.7771771771771772,0.7269076305220884
models/experiment_68_var_rat_random_14/model9,910.0,0.7321321321321321,0.6961178045515395
models/experiment_68_var_rat_random_14/model9,1040.0,0.7537537537537538,0.7295850066934404
models/experiment_68_var_rat_random_14/model9,1170.0,0.7951951951951952,0.7804551539491299
models/experiment_68_var_rat_random_14/model9,1300.0,0.7657657657657657,0.7576974564926372
models/experiment_68_var_rat_random_14/model9,1430.0,0.7723723723723723,0.751004016064257
models/experiment_68_var_rat_random_14/model9,1560.0,0.8114114114114114,0.7657295850066934
models/experiment_68_var_rat_random_14/model9,1690.0,0.8006006006006006,0.785809906291834
models/experiment_68_var_rat_random_14/model9,1820.0,0.8246246246246246,0.7831325301204819
models/experiment_68_var_rat_random_14/model9,1950.0,0.8192192192192193,0.7710843373493976
models/experiment_68_var_rat_random_14/model9,2080.0,0.8426426426426427,0.7925033467202142
models/experiment_68_var_rat_random_14/model9,2210.0,0.8294294294294294,0.749665327978581
models/experiment_68_var_rat_random_14/model9,2340.0,0.8498498498498499,0.7965194109772423
models/experiment_68_var_rat_random_14/model9,2470.0,0.8336336336336336,0.7670682730923695
models/experiment_68_var_rat_random_14/model9,2600.0,0.8708708708708709,0.8152610441767069
models/experiment_68_var_rat_random_14/model9,2730.0,0.8540540540540541,0.8273092369477911
models/experiment_68_var_rat_random_14/model9,2860.0,0.8804804804804804,0.8085676037483266
models/experiment_68_var_rat_random_14/model9,2990.0,0.8744744744744745,0.821954484605087
models/experiment_68_var_rat_random_14/model9,3120.0,0.8486486486486486,0.7777777777777778
models/experiment_68_var_rat_random_14/model9,3250.0,0.872072072072072,0.8273092369477911
models/experiment_68_var_rat_random_14/model9,3380.0,0.8618618618618619,0.7925033467202142
models/experiment_68_var_rat_random_14/model9,3510.0,0.8684684684684685,0.8099062918340026
models/experiment_68_var_rat_random_14/model9,3640.0,0.8690690690690691,0.8286479250334672
models/experiment_68_var_rat_random_14/model9,3770.0,0.8774774774774775,0.8340026773761714
models/experiment_68_var_rat_random_14/model9,3900.0,0.8972972972972973,0.8179384203480589
models/experiment_68_var_rat_random_14/model9,4030.0,0.878078078078078,0.8232931726907631
models/experiment_68_var_rat_random_14/model9,4160.0,0.8846846846846846,0.8179384203480589
models/experiment_68_var_rat_random_14/model9,4290.0,0.8846846846846846,0.8259705488621151
models/experiment_68_var_rat_random_14/model9,4420.0,0.8840840840840841,0.7831325301204819
models/experiment_68_var_rat_random_14/model9,4550.0,0.8966966966966967,0.8393574297188755
models/experiment_68_var_rat_random_14/model9,4680.0,0.8924924924924925,0.8406961178045516
models/experiment_68_var_rat_random_14/model1,130.0,0.5237237237237238,0.5528781793842035
models/experiment_68_var_rat_random_14/model1,260.0,0.5219219219219219,0.5247657295850067
models/experiment_68_var_rat_random_14/model1,390.0,0.5261261261261261,0.5301204819277109
models/experiment_68_var_rat_random_14/model1,520.0,0.6702702702702703,0.678714859437751
models/experiment_68_var_rat_random_14/model1,650.0,0.7297297297297297,0.7068273092369478
models/experiment_68_var_rat_random_14/model1,780.0,0.7021021021021021,0.7054886211512718
models/experiment_68_var_rat_random_14/model1,910.0,0.7585585585585586,0.7630522088353414
models/experiment_68_var_rat_random_14/model1,1040.0,0.7675675675675676,0.7737617135207496
models/experiment_68_var_rat_random_14/model1,1170.0,0.7075075075075075,0.7121820615796519
models/experiment_68_var_rat_random_14/model1,1300.0,0.7873873873873873,0.7831325301204819
models/experiment_68_var_rat_random_14/model1,1430.0,0.7903903903903904,0.7925033467202142
models/experiment_68_var_rat_random_14/model1,1560.0,0.8,0.8018741633199464
models/experiment_68_var_rat_random_14/model1,1690.0,0.7915915915915915,0.7617135207496654
models/experiment_68_var_rat_random_14/model1,1820.0,0.8246246246246246,0.7871485943775101
models/experiment_68_var_rat_random_14/model1,1950.0,0.8468468468468469,0.8112449799196787
models/experiment_68_var_rat_random_14/model1,2080.0,0.815015015015015,0.7617135207496654
models/experiment_68_var_rat_random_14/model1,2210.0,0.8384384384384385,0.7884872824631861
models/experiment_68_var_rat_random_14/model1,2340.0,0.8444444444444444,0.8179384203480589
models/experiment_68_var_rat_random_14/model1,2470.0,0.8558558558558559,0.7764390896921017
models/experiment_68_var_rat_random_14/model1,2600.0,0.8450450450450451,0.7590361445783133
models/experiment_68_var_rat_random_14/model1,2730.0,0.8576576576576577,0.820615796519411
models/experiment_68_var_rat_random_14/model1,2860.0,0.8594594594594595,0.8125836680053548
models/experiment_68_var_rat_random_14/model1,2990.0,0.8828828828828829,0.784471218206158
models/experiment_68_var_rat_random_14/model1,3120.0,0.8756756756756757,0.8018741633199464
models/experiment_68_var_rat_random_14/model1,3250.0,0.8876876876876877,0.8072289156626506
models/experiment_68_var_rat_random_14/model1,3380.0,0.8636636636636636,0.8018741633199464
models/experiment_68_var_rat_random_14/model1,3510.0,0.8792792792792793,0.7978580990629184
models/experiment_68_var_rat_random_14/model1,3640.0,0.8822822822822823,0.7938420348058902
models/experiment_68_var_rat_random_14/model1,3770.0,0.8498498498498499,0.7817938420348058
models/experiment_68_var_rat_random_14/model1,3900.0,0.8690690690690691,0.8112449799196787
models/experiment_68_var_rat_random_14/model1,4030.0,0.893093093093093,0.8393574297188755
models/experiment_68_var_rat_random_14/model1,4160.0,0.8894894894894895,0.7777777777777778
models/experiment_68_var_rat_random_14/model1,4290.0,0.8870870870870871,0.8125836680053548
models/experiment_68_var_rat_random_14/model1,4420.0,0.8942942942942943,0.8246318607764391
models/experiment_68_var_rat_random_14/model1,4550.0,0.8978978978978979,0.8299866131191432
models/experiment_68_var_rat_random_14/model1,4680.0,0.8834834834834835,0.8165997322623829
models/experiment_68_var_rat_random_14/model6,130.0,0.5057057057057057,0.5046854082998661
models/experiment_68_var_rat_random_14/model6,260.0,0.5393393393393393,0.5783132530120482
models/experiment_68_var_rat_random_14/model6,390.0,0.7195195195195195,0.7188755020080321
models/experiment_68_var_rat_random_14/model6,520.0,0.7351351351351352,0.7884872824631861
models/experiment_68_var_rat_random_14/model6,650.0,0.7297297297297297,0.7751004016064257
models/experiment_68_var_rat_random_14/model6,780.0,0.7303303303303303,0.7349397590361446
models/experiment_68_var_rat_random_14/model6,910.0,0.7477477477477478,0.7550200803212851
models/experiment_68_var_rat_random_14/model6,1040.0,0.787987987987988,0.7898259705488622
models/experiment_68_var_rat_random_14/model6,1170.0,0.8012012012012012,0.8112449799196787
models/experiment_68_var_rat_random_14/model6,1300.0,0.8204204204204204,0.7791164658634538
models/experiment_68_var_rat_random_14/model6,1430.0,0.8174174174174175,0.8045515394912985
models/experiment_68_var_rat_random_14/model6,1560.0,0.7945945945945946,0.7925033467202142
models/experiment_68_var_rat_random_14/model6,1690.0,0.8048048048048048,0.7777777777777778
models/experiment_68_var_rat_random_14/model6,1820.0,0.8354354354354354,0.8487282463186078
models/experiment_68_var_rat_random_14/model6,1950.0,0.8396396396396396,0.7978580990629184
models/experiment_68_var_rat_random_14/model6,2080.0,0.8546546546546546,0.820615796519411
models/experiment_68_var_rat_random_14/model6,2210.0,0.8402402402402402,0.7817938420348058
models/experiment_68_var_rat_random_14/model6,2340.0,0.8318318318318318,0.8005354752342704
models/experiment_68_var_rat_random_14/model6,2470.0,0.8408408408408409,0.784471218206158
models/experiment_68_var_rat_random_14/model6,2600.0,0.8546546546546546,0.8313253012048193
models/experiment_68_var_rat_random_14/model6,2730.0,0.857057057057057,0.8165997322623829
models/experiment_68_var_rat_random_14/model6,2860.0,0.8486486486486486,0.7898259705488622
models/experiment_68_var_rat_random_14/model6,2990.0,0.8612612612612612,0.7884872824631861
models/experiment_68_var_rat_random_14/model6,3120.0,0.8660660660660661,0.8099062918340026
models/experiment_68_var_rat_random_14/model6,3250.0,0.8468468468468469,0.8286479250334672
models/experiment_68_var_rat_random_14/model6,3380.0,0.8690690690690691,0.8018741633199464
models/experiment_68_var_rat_random_14/model6,3510.0,0.8702702702702703,0.8045515394912985
models/experiment_68_var_rat_random_14/model6,3640.0,0.8732732732732733,0.8152610441767069
models/experiment_68_var_rat_random_14/model6,3770.0,0.8816816816816817,0.8393574297188755
models/experiment_68_var_rat_random_14/model6,3900.0,0.8774774774774775,0.7951807228915663
models/experiment_68_var_rat_random_14/model6,4030.0,0.9003003003003003,0.8072289156626506
models/experiment_68_var_rat_random_14/model6,4160.0,0.8918918918918919,0.8340026773761714
models/experiment_68_var_rat_random_14/model6,4290.0,0.9003003003003003,0.8299866131191432
models/experiment_68_var_rat_random_14/model6,4420.0,0.8936936936936937,0.8353413654618473
models/experiment_68_var_rat_random_14/model6,4550.0,0.9033033033033033,0.8072289156626506
models/experiment_68_var_rat_random_14/model6,4680.0,0.9015015015015015,0.8099062918340026
models/experiment_68_var_rat_random_14/model8,130.0,0.5231231231231231,0.499330655957162
models/experiment_68_var_rat_random_14/model8,260.0,0.5261261261261261,0.5194109772423026
models/experiment_68_var_rat_random_14/model8,390.0,0.6816816816816816,0.6934404283801874
models/experiment_68_var_rat_random_14/model8,520.0,0.7237237237237237,0.7282463186077643
models/experiment_68_var_rat_random_14/model8,650.0,0.7093093093093094,0.7295850066934404
models/experiment_68_var_rat_random_14/model8,780.0,0.7231231231231231,0.7242302543507363
models/experiment_68_var_rat_random_14/model8,910.0,0.7507507507507507,0.7523427041499331
models/experiment_68_var_rat_random_14/model8,1040.0,0.784984984984985,0.8045515394912985
models/experiment_68_var_rat_random_14/model8,1170.0,0.784984984984985,0.7643908969210174
models/experiment_68_var_rat_random_14/model8,1300.0,0.7975975975975976,0.7764390896921017
models/experiment_68_var_rat_random_14/model8,1430.0,0.8012012012012012,0.7751004016064257
models/experiment_68_var_rat_random_14/model8,1560.0,0.7903903903903904,0.7965194109772423
models/experiment_68_var_rat_random_14/model8,1690.0,0.8252252252252252,0.8179384203480589
models/experiment_68_var_rat_random_14/model8,1820.0,0.827027027027027,0.8259705488621151
models/experiment_68_var_rat_random_14/model8,1950.0,0.836036036036036,0.7991967871485943
models/experiment_68_var_rat_random_14/model8,2080.0,0.818018018018018,0.7938420348058902
models/experiment_68_var_rat_random_14/model8,2210.0,0.815015015015015,0.8032128514056225
models/experiment_68_var_rat_random_14/model8,2340.0,0.8408408408408409,0.7978580990629184
models/experiment_68_var_rat_random_14/model8,2470.0,0.8324324324324325,0.7791164658634538
models/experiment_68_var_rat_random_14/model8,2600.0,0.8372372372372372,0.8340026773761714
models/experiment_68_var_rat_random_14/model8,2730.0,0.8618618618618619,0.7978580990629184
models/experiment_68_var_rat_random_14/model8,2860.0,0.857057057057057,0.8005354752342704
models/experiment_68_var_rat_random_14/model8,2990.0,0.8708708708708709,0.8032128514056225
models/experiment_68_var_rat_random_14/model8,3120.0,0.8966966966966967,0.7965194109772423
models/experiment_68_var_rat_random_14/model8,3250.0,0.872072072072072,0.8099062918340026
models/experiment_68_var_rat_random_14/model8,3380.0,0.8804804804804804,0.8125836680053548
models/experiment_68_var_rat_random_14/model8,3510.0,0.8858858858858859,0.8112449799196787
models/experiment_68_var_rat_random_14/model8,3640.0,0.8840840840840841,0.7938420348058902
models/experiment_68_var_rat_random_14/model8,3770.0,0.8804804804804804,0.8085676037483266
models/experiment_68_var_rat_random_14/model8,3900.0,0.8774774774774775,0.821954484605087
models/experiment_68_var_rat_random_14/model8,4030.0,0.8774774774774775,0.8179384203480589
models/experiment_68_var_rat_random_14/model8,4160.0,0.8924924924924925,0.7991967871485943
models/experiment_68_var_rat_random_14/model8,4290.0,0.8954954954954955,0.8058902275769746
models/experiment_68_var_rat_random_14/model8,4420.0,0.8918918918918919,0.7965194109772423
models/experiment_68_var_rat_random_14/model8,4550.0,0.8768768768768769,0.8192771084337349
models/experiment_68_var_rat_random_14/model8,4680.0,0.9045045045045045,0.8246318607764391
models/experiment_68_var_rat_random_14/model5,130.0,0.5423423423423424,0.6037483266398929
models/experiment_68_var_rat_random_14/model5,260.0,0.6498498498498498,0.6693440428380187
models/experiment_68_var_rat_random_14/model5,390.0,0.6642642642642642,0.6452476572958501
models/experiment_68_var_rat_random_14/model5,520.0,0.6804804804804805,0.6733601070950469
models/experiment_68_var_rat_random_14/model5,650.0,0.7303303303303303,0.7550200803212851
models/experiment_68_var_rat_random_14/model5,780.0,0.7447447447447447,0.7630522088353414
models/experiment_68_var_rat_random_14/model5,910.0,0.7495495495495496,0.7443105756358769
models/experiment_68_var_rat_random_14/model5,1040.0,0.7657657657657657,0.7630522088353414
models/experiment_68_var_rat_random_14/model5,1170.0,0.76996996996997,0.7697456492637216
models/experiment_68_var_rat_random_14/model5,1300.0,0.7885885885885886,0.785809906291834
models/experiment_68_var_rat_random_14/model5,1430.0,0.7807807807807807,0.7617135207496654
models/experiment_68_var_rat_random_14/model5,1560.0,0.7885885885885886,0.7764390896921017
models/experiment_68_var_rat_random_14/model5,1690.0,0.7537537537537538,0.7322623828647925
models/experiment_68_var_rat_random_14/model5,1820.0,0.8228228228228228,0.7898259705488622
models/experiment_68_var_rat_random_14/model5,1950.0,0.824024024024024,0.7697456492637216
models/experiment_68_var_rat_random_14/model5,2080.0,0.8282282282282283,0.7911646586345381
models/experiment_68_var_rat_random_14/model5,2210.0,0.8372372372372372,0.8058902275769746
models/experiment_68_var_rat_random_14/model5,2340.0,0.8096096096096096,0.785809906291834
models/experiment_68_var_rat_random_14/model5,2470.0,0.8348348348348348,0.7925033467202142
models/experiment_68_var_rat_random_14/model5,2600.0,0.8498498498498499,0.8072289156626506
models/experiment_68_var_rat_random_14/model5,2730.0,0.8450450450450451,0.8018741633199464
models/experiment_68_var_rat_random_14/model5,2860.0,0.8468468468468469,0.8112449799196787
models/experiment_68_var_rat_random_14/model5,2990.0,0.8612612612612612,0.820615796519411
models/experiment_68_var_rat_random_14/model5,3120.0,0.8648648648648649,0.7898259705488622
models/experiment_68_var_rat_random_14/model5,3250.0,0.8666666666666667,0.785809906291834
models/experiment_68_var_rat_random_14/model5,3380.0,0.8858858858858859,0.8380187416331994
models/experiment_68_var_rat_random_14/model5,3510.0,0.857057057057057,0.7965194109772423
models/experiment_68_var_rat_random_14/model5,3640.0,0.8774774774774775,0.8313253012048193
models/experiment_68_var_rat_random_14/model5,3770.0,0.8708708708708709,0.8139223560910308
models/experiment_68_var_rat_random_14/model5,3900.0,0.8792792792792793,0.8005354752342704
models/experiment_68_var_rat_random_14/model5,4030.0,0.8756756756756757,0.7965194109772423
models/experiment_68_var_rat_random_14/model5,4160.0,0.8672672672672672,0.8085676037483266
models/experiment_68_var_rat_random_14/model5,4290.0,0.8948948948948949,0.8286479250334672
models/experiment_68_var_rat_random_14/model5,4420.0,0.8924924924924925,0.8286479250334672
models/experiment_68_var_rat_random_14/model5,4550.0,0.8864864864864865,0.8259705488621151
models/experiment_68_var_rat_random_14/model5,4680.0,0.8966966966966967,0.821954484605087
models/experiment_68_var_rat_random_14/model7,130.0,0.606006006006006,0.6331994645247657
models/experiment_68_var_rat_random_14/model7,260.0,0.5393393393393393,0.5609103078982597
models/experiment_68_var_rat_random_14/model7,390.0,0.7321321321321321,0.7710843373493976
models/experiment_68_var_rat_random_14/model7,520.0,0.6828828828828829,0.6492637215528781
models/experiment_68_var_rat_random_14/model7,650.0,0.7261261261261261,0.7550200803212851
models/experiment_68_var_rat_random_14/model7,780.0,0.7813813813813814,0.7643908969210174
models/experiment_68_var_rat_random_14/model7,910.0,0.7261261261261261,0.7108433734939759
models/experiment_68_var_rat_random_14/model7,1040.0,0.7777777777777778,0.7376171352074966
models/experiment_68_var_rat_random_14/model7,1170.0,0.796996996996997,0.7831325301204819
models/experiment_68_var_rat_random_14/model7,1300.0,0.8144144144144144,0.7938420348058902
models/experiment_68_var_rat_random_14/model7,1430.0,0.8012012012012012,0.8018741633199464
models/experiment_68_var_rat_random_14/model7,1560.0,0.8168168168168168,0.785809906291834
models/experiment_68_var_rat_random_14/model7,1690.0,0.8246246246246246,0.7951807228915663
models/experiment_68_var_rat_random_14/model7,1820.0,0.7855855855855856,0.7697456492637216
models/experiment_68_var_rat_random_14/model7,1950.0,0.806006006006006,0.784471218206158
models/experiment_68_var_rat_random_14/model7,2080.0,0.8204204204204204,0.8032128514056225
models/experiment_68_var_rat_random_14/model7,2210.0,0.8414414414414414,0.7925033467202142
models/experiment_68_var_rat_random_14/model7,2340.0,0.8504504504504504,0.7724230254350736
models/experiment_68_var_rat_random_14/model7,2470.0,0.8252252252252252,0.7938420348058902
models/experiment_68_var_rat_random_14/model7,2600.0,0.8198198198198198,0.7777777777777778
models/experiment_68_var_rat_random_14/model7,2730.0,0.8348348348348348,0.7965194109772423
models/experiment_68_var_rat_random_14/model7,2860.0,0.8450450450450451,0.8286479250334672
models/experiment_68_var_rat_random_14/model7,2990.0,0.8648648648648649,0.7925033467202142
models/experiment_68_var_rat_random_14/model7,3120.0,0.8606606606606607,0.7978580990629184
models/experiment_68_var_rat_random_14/model7,3250.0,0.8624624624624625,0.8259705488621151
models/experiment_68_var_rat_random_14/model7,3380.0,0.8726726726726727,0.8045515394912985
models/experiment_68_var_rat_random_14/model7,3510.0,0.8762762762762762,0.8313253012048193
models/experiment_68_var_rat_random_14/model7,3640.0,0.8816816816816817,0.8179384203480589
models/experiment_68_var_rat_random_14/model7,3770.0,0.8852852852852853,0.856760374832664
models/experiment_68_var_rat_random_14/model7,3900.0,0.8798798798798799,0.8286479250334672
models/experiment_68_var_rat_random_14/model7,4030.0,0.8786786786786787,0.8165997322623829
models/experiment_68_var_rat_random_14/model7,4160.0,0.8846846846846846,0.7925033467202142
models/experiment_68_var_rat_random_14/model7,4290.0,0.9015015015015015,0.8058902275769746
models/experiment_68_var_rat_random_14/model7,4420.0,0.8750750750750751,0.8099062918340026
models/experiment_68_var_rat_random_14/model7,4550.0,0.8912912912912913,0.8259705488621151
models/experiment_68_var_rat_random_14/model7,4680.0,0.8936936936936937,0.8340026773761714
models/experiment_68_var_rat_random_14/model4,130.0,0.5009009009009009,0.5127175368139224
models/experiment_68_var_rat_random_14/model4,260.0,0.6444444444444445,0.6238286479250335
models/experiment_68_var_rat_random_14/model4,390.0,0.6984984984984985,0.6961178045515395
models/experiment_68_var_rat_random_14/model4,520.0,0.6960960960960961,0.714859437751004
models/experiment_68_var_rat_random_14/model4,650.0,0.7123123123123123,0.7041499330655957
models/experiment_68_var_rat_random_14/model4,780.0,0.7591591591591592,0.7684069611780455
models/experiment_68_var_rat_random_14/model4,910.0,0.7153153153153153,0.7014725568942436
models/experiment_68_var_rat_random_14/model4,1040.0,0.7663663663663663,0.7590361445783133
models/experiment_68_var_rat_random_14/model4,1170.0,0.7771771771771772,0.7978580990629184
models/experiment_68_var_rat_random_14/model4,1300.0,0.8012012012012012,0.785809906291834
models/experiment_68_var_rat_random_14/model4,1430.0,0.7831831831831831,0.7630522088353414
models/experiment_68_var_rat_random_14/model4,1560.0,0.7645645645645646,0.7777777777777778
models/experiment_68_var_rat_random_14/model4,1690.0,0.8042042042042042,0.8112449799196787
models/experiment_68_var_rat_random_14/model4,1820.0,0.8426426426426427,0.8152610441767069
models/experiment_68_var_rat_random_14/model4,1950.0,0.8252252252252252,0.8179384203480589
models/experiment_68_var_rat_random_14/model4,2080.0,0.8252252252252252,0.7670682730923695
models/experiment_68_var_rat_random_14/model4,2210.0,0.8234234234234235,0.7951807228915663
models/experiment_68_var_rat_random_14/model4,2340.0,0.8162162162162162,0.8045515394912985
models/experiment_68_var_rat_random_14/model4,2470.0,0.8504504504504504,0.7831325301204819
models/experiment_68_var_rat_random_14/model4,2600.0,0.8306306306306306,0.8018741633199464
models/experiment_68_var_rat_random_14/model4,2730.0,0.8690690690690691,0.8192771084337349
models/experiment_68_var_rat_random_14/model4,2860.0,0.8678678678678678,0.8018741633199464
models/experiment_68_var_rat_random_14/model4,2990.0,0.8492492492492493,0.784471218206158
models/experiment_68_var_rat_random_14/model4,3120.0,0.8672672672672672,0.7965194109772423
models/experiment_68_var_rat_random_14/model4,3250.0,0.8696696696696696,0.8152610441767069
models/experiment_68_var_rat_random_14/model4,3380.0,0.8684684684684685,0.8058902275769746
models/experiment_68_var_rat_random_14/model4,3510.0,0.8624624624624625,0.8125836680053548
models/experiment_68_var_rat_random_14/model4,3640.0,0.8654654654654654,0.8085676037483266
models/experiment_68_var_rat_random_14/model4,3770.0,0.8762762762762762,0.8473895582329317
models/experiment_68_var_rat_random_14/model4,3900.0,0.8744744744744745,0.820615796519411
models/experiment_68_var_rat_random_14/model4,4030.0,0.8912912912912913,0.8139223560910308
models/experiment_68_var_rat_random_14/model4,4160.0,0.8738738738738738,0.8045515394912985
models/experiment_68_var_rat_random_14/model4,4290.0,0.8894894894894895,0.8112449799196787
models/experiment_68_var_rat_random_14/model4,4420.0,0.8960960960960961,0.8340026773761714
models/experiment_68_var_rat_random_14/model4,4550.0,0.9021021021021021,0.8032128514056225
models/experiment_68_var_rat_random_14/model4,4680.0,0.9015015015015015,0.8326639892904953
models/experiment_68_var_rat_random_14/model10,130.0,0.5303303303303303,0.5153949129852744
models/experiment_68_var_rat_random_14/model10,260.0,0.590990990990991,0.643908969210174
models/experiment_68_var_rat_random_14/model10,390.0,0.5495495495495496,0.5247657295850067
models/experiment_68_var_rat_random_14/model10,520.0,0.7243243243243244,0.7536813922356091
models/experiment_68_var_rat_random_14/model10,650.0,0.7465465465465465,0.7697456492637216
models/experiment_68_var_rat_random_14/model10,780.0,0.7243243243243244,0.7322623828647925
models/experiment_68_var_rat_random_14/model10,910.0,0.7543543543543544,0.7831325301204819
models/experiment_68_var_rat_random_14/model10,1040.0,0.7651651651651652,0.7563587684069611
models/experiment_68_var_rat_random_14/model10,1170.0,0.7717717717717718,0.7684069611780455
models/experiment_68_var_rat_random_14/model10,1300.0,0.7945945945945946,0.8005354752342704
models/experiment_68_var_rat_random_14/model10,1430.0,0.7765765765765765,0.7643908969210174
models/experiment_68_var_rat_random_14/model10,1560.0,0.7957957957957958,0.7523427041499331
models/experiment_68_var_rat_random_14/model10,1690.0,0.7903903903903904,0.8058902275769746
models/experiment_68_var_rat_random_14/model10,1820.0,0.7981981981981981,0.7724230254350736
models/experiment_68_var_rat_random_14/model10,1950.0,0.8258258258258259,0.8112449799196787
models/experiment_68_var_rat_random_14/model10,2080.0,0.8096096096096096,0.8045515394912985
models/experiment_68_var_rat_random_14/model10,2210.0,0.8324324324324325,0.7804551539491299
models/experiment_68_var_rat_random_14/model10,2340.0,0.8462462462462462,0.8273092369477911
models/experiment_68_var_rat_random_14/model10,2470.0,0.8144144144144144,0.7563587684069611
models/experiment_68_var_rat_random_14/model10,2600.0,0.8306306306306306,0.8112449799196787
models/experiment_68_var_rat_random_14/model10,2730.0,0.8636636636636636,0.8125836680053548
models/experiment_68_var_rat_random_14/model10,2860.0,0.8486486486486486,0.8165997322623829
models/experiment_68_var_rat_random_14/model10,2990.0,0.863063063063063,0.7898259705488622
models/experiment_68_var_rat_random_14/model10,3120.0,0.8726726726726727,0.8299866131191432
models/experiment_68_var_rat_random_14/model10,3250.0,0.8672672672672672,0.7991967871485943
models/experiment_68_var_rat_random_14/model10,3380.0,0.8486486486486486,0.7991967871485943
models/experiment_68_var_rat_random_14/model10,3510.0,0.8852852852852853,0.820615796519411
models/experiment_68_var_rat_random_14/model10,3640.0,0.8714714714714715,0.7991967871485943
models/experiment_68_var_rat_random_14/model10,3770.0,0.8648648648648649,0.8112449799196787
models/experiment_68_var_rat_random_14/model10,3900.0,0.8864864864864865,0.8232931726907631
models/experiment_68_var_rat_random_14/model10,4030.0,0.8882882882882883,0.7991967871485943
models/experiment_68_var_rat_random_14/model10,4160.0,0.893093093093093,0.8273092369477911
models/experiment_68_var_rat_random_14/model10,4290.0,0.8966966966966967,0.8099062918340026
models/experiment_68_var_rat_random_14/model10,4420.0,0.8828828828828829,0.820615796519411
models/experiment_68_var_rat_random_14/model10,4550.0,0.8876876876876877,0.8273092369477911
models/experiment_68_var_rat_random_14/model10,4680.0,0.8954954954954955,0.8232931726907631
models/experiment_68_var_rat_random_14/model2,130.0,0.5177177177177177,0.5515394912985274
models/experiment_68_var_rat_random_14/model2,260.0,0.5183183183183183,0.5180722891566265
models/experiment_68_var_rat_random_14/model2,390.0,0.6864864864864865,0.6907630522088354
models/experiment_68_var_rat_random_14/model2,520.0,0.6882882882882883,0.7175368139223561
models/experiment_68_var_rat_random_14/model2,650.0,0.7081081081081081,0.7202141900937081
models/experiment_68_var_rat_random_14/model2,780.0,0.7093093093093094,0.7054886211512718
models/experiment_68_var_rat_random_14/model2,910.0,0.736936936936937,0.7376171352074966
models/experiment_68_var_rat_random_14/model2,1040.0,0.7297297297297297,0.7322623828647925
models/experiment_68_var_rat_random_14/model2,1170.0,0.7687687687687688,0.7965194109772423
models/experiment_68_var_rat_random_14/model2,1300.0,0.7927927927927928,0.8099062918340026
models/experiment_68_var_rat_random_14/model2,1430.0,0.809009009009009,0.8165997322623829
models/experiment_68_var_rat_random_14/model2,1560.0,0.7903903903903904,0.7416331994645248
models/experiment_68_var_rat_random_14/model2,1690.0,0.7993993993993994,0.7791164658634538
models/experiment_68_var_rat_random_14/model2,1820.0,0.824024024024024,0.8032128514056225
models/experiment_68_var_rat_random_14/model2,1950.0,0.8312312312312312,0.7911646586345381
models/experiment_68_var_rat_random_14/model2,2080.0,0.8348348348348348,0.8005354752342704
models/experiment_68_var_rat_random_14/model2,2210.0,0.8336336336336336,0.7911646586345381
models/experiment_68_var_rat_random_14/model2,2340.0,0.8372372372372372,0.8273092369477911
models/experiment_68_var_rat_random_14/model2,2470.0,0.8642642642642643,0.8085676037483266
models/experiment_68_var_rat_random_14/model2,2600.0,0.8762762762762762,0.8165997322623829
models/experiment_68_var_rat_random_14/model2,2730.0,0.8552552552552553,0.8099062918340026
models/experiment_68_var_rat_random_14/model2,2860.0,0.8600600600600601,0.784471218206158
models/experiment_68_var_rat_random_14/model2,2990.0,0.848048048048048,0.8340026773761714
models/experiment_68_var_rat_random_14/model2,3120.0,0.8648648648648649,0.8032128514056225
models/experiment_68_var_rat_random_14/model2,3250.0,0.8684684684684685,0.820615796519411
models/experiment_68_var_rat_random_14/model2,3380.0,0.8666666666666667,0.8366800535475234
models/experiment_68_var_rat_random_14/model2,3510.0,0.848048048048048,0.8058902275769746
models/experiment_68_var_rat_random_14/model2,3640.0,0.878078078078078,0.7991967871485943
models/experiment_68_var_rat_random_14/model2,3770.0,0.8870870870870871,0.7991967871485943
models/experiment_68_var_rat_random_14/model2,3900.0,0.8870870870870871,0.8005354752342704
models/experiment_68_var_rat_random_14/model2,4030.0,0.8912912912912913,0.821954484605087
models/experiment_68_var_rat_random_14/model2,4160.0,0.8858858858858859,0.8099062918340026
models/experiment_68_var_rat_random_14/model2,4290.0,0.8954954954954955,0.8099062918340026
models/experiment_68_var_rat_random_14/model2,4420.0,0.8978978978978979,0.8380187416331994
models/experiment_68_var_rat_random_14/model2,4550.0,0.8978978978978979,0.8179384203480589
models/experiment_68_var_rat_random_14/model2,4680.0,0.9039039039039038,0.8340026773761714
