model_name,num_test_data,valid_acc,eval_acc
models/experiment_51_random_random_7/model3,130.0,0.5603715170278638,0.5665399239543726
models/experiment_51_random_random_7/model3,260.0,0.6764705882352942,0.6387832699619772
models/experiment_51_random_random_7/model3,390.0,0.718266253869969,0.7072243346007605
models/experiment_51_random_random_7/model3,520.0,0.7786377708978328,0.7262357414448669
models/experiment_51_random_random_7/model3,650.0,0.7972136222910217,0.6996197718631179
models/experiment_51_random_random_7/model3,780.0,0.7979876160990712,0.7110266159695817
models/experiment_51_random_random_7/model3,910.0,0.8126934984520123,0.7452471482889734
models/experiment_51_random_random_7/model3,1040.0,0.8181114551083591,0.7338403041825095
models/experiment_51_random_random_7/model3,1170.0,0.8243034055727554,0.7604562737642585
models/experiment_51_random_random_7/model3,1300.0,0.8297213622291022,0.714828897338403
models/experiment_51_random_random_7/model3,1430.0,0.8328173374613003,0.7338403041825095
models/experiment_51_random_random_7/model3,1560.0,0.8544891640866873,0.7452471482889734
models/experiment_51_random_random_7/model3,1690.0,0.8490712074303406,0.7414448669201521
models/experiment_51_random_random_7/model3,1820.0,0.8459752321981424,0.7376425855513308
models/experiment_51_random_random_7/model3,1950.0,0.8637770897832817,0.7300380228136882
models/experiment_51_random_random_7/model3,2080.0,0.8691950464396285,0.6806083650190115
models/experiment_51_random_random_7/model3,2210.0,0.8637770897832817,0.7224334600760456
models/experiment_51_random_random_7/model3,2340.0,0.8792569659442725,0.7642585551330798
models/experiment_51_random_random_7/model3,2470.0,0.8753869969040248,0.7034220532319392
models/experiment_51_random_random_7/model3,2600.0,0.8730650154798761,0.7072243346007605
models/experiment_51_random_random_7/model3,2730.0,0.8769349845201239,0.7186311787072244
models/experiment_51_random_random_7/model3,2860.0,0.881578947368421,0.7452471482889734
models/experiment_51_random_random_7/model3,2990.0,0.8924148606811145,0.7604562737642585
models/experiment_51_random_random_7/model3,3120.0,0.8831269349845201,0.7376425855513308
models/experiment_51_random_random_7/model3,3250.0,0.8862229102167183,0.7642585551330798
models/experiment_51_random_random_7/model3,3380.0,0.8823529411764706,0.7452471482889734
models/experiment_51_random_random_7/model3,3510.0,0.8831269349845201,0.752851711026616
models/experiment_51_random_random_7/model3,3640.0,0.8939628482972136,0.7338403041825095
models/experiment_51_random_random_7/model9,130.0,0.5038699690402477,0.46387832699619774
models/experiment_51_random_random_7/model9,260.0,0.641640866873065,0.6387832699619772
models/experiment_51_random_random_7/model9,390.0,0.7368421052631579,0.6197718631178707
models/experiment_51_random_random_7/model9,520.0,0.7647058823529411,0.6692015209125475
models/experiment_51_random_random_7/model9,650.0,0.7832817337461301,0.6653992395437263
models/experiment_51_random_random_7/model9,780.0,0.7871517027863777,0.714828897338403
models/experiment_51_random_random_7/model9,910.0,0.8142414860681114,0.7224334600760456
models/experiment_51_random_random_7/model9,1040.0,0.815015479876161,0.6920152091254753
models/experiment_51_random_random_7/model9,1170.0,0.8258513931888545,0.714828897338403
models/experiment_51_random_random_7/model9,1300.0,0.8637770897832817,0.7186311787072244
models/experiment_51_random_random_7/model9,1430.0,0.8475232198142415,0.7642585551330798
models/experiment_51_random_random_7/model9,1560.0,0.8622291021671826,0.7300380228136882
models/experiment_51_random_random_7/model9,1690.0,0.8506191950464397,0.7034220532319392
models/experiment_51_random_random_7/model9,1820.0,0.8777089783281734,0.7490494296577946
models/experiment_51_random_random_7/model9,1950.0,0.848297213622291,0.7452471482889734
models/experiment_51_random_random_7/model9,2080.0,0.8691950464396285,0.7642585551330798
models/experiment_51_random_random_7/model9,2210.0,0.8792569659442725,0.7604562737642585
models/experiment_51_random_random_7/model9,2340.0,0.8777089783281734,0.7300380228136882
models/experiment_51_random_random_7/model9,2470.0,0.8808049535603715,0.779467680608365
models/experiment_51_random_random_7/model9,2600.0,0.8808049535603715,0.752851711026616
models/experiment_51_random_random_7/model9,2730.0,0.8839009287925697,0.7262357414448669
models/experiment_51_random_random_7/model9,2860.0,0.8846749226006192,0.7376425855513308
models/experiment_51_random_random_7/model9,2990.0,0.8854489164086687,0.7604562737642585
models/experiment_51_random_random_7/model9,3120.0,0.8893188854489165,0.752851711026616
models/experiment_51_random_random_7/model9,3250.0,0.8862229102167183,0.7338403041825095
models/experiment_51_random_random_7/model9,3380.0,0.8931888544891641,0.7566539923954373
models/experiment_51_random_random_7/model9,3510.0,0.8986068111455109,0.7604562737642585
models/experiment_51_random_random_7/model9,3640.0,0.8893188854489165,0.7338403041825095
models/experiment_51_random_random_7/model1,130.0,0.6068111455108359,0.596958174904943
models/experiment_51_random_random_7/model1,260.0,0.6904024767801857,0.6349809885931559
models/experiment_51_random_random_7/model1,390.0,0.7569659442724458,0.6425855513307985
models/experiment_51_random_random_7/model1,520.0,0.7670278637770898,0.6920152091254753
models/experiment_51_random_random_7/model1,650.0,0.7941176470588235,0.7072243346007605
models/experiment_51_random_random_7/model1,780.0,0.8026315789473685,0.7110266159695817
models/experiment_51_random_random_7/model1,910.0,0.8003095975232198,0.7072243346007605
models/experiment_51_random_random_7/model1,1040.0,0.8235294117647058,0.7034220532319392
models/experiment_51_random_random_7/model1,1170.0,0.8452012383900929,0.7300380228136882
models/experiment_51_random_random_7/model1,1300.0,0.8103715170278638,0.7110266159695817
models/experiment_51_random_random_7/model1,1430.0,0.8452012383900929,0.6806083650190115
models/experiment_51_random_random_7/model1,1560.0,0.8513931888544891,0.7262357414448669
models/experiment_51_random_random_7/model1,1690.0,0.8537151702786377,0.7072243346007605
models/experiment_51_random_random_7/model1,1820.0,0.8691950464396285,0.7262357414448669
models/experiment_51_random_random_7/model1,1950.0,0.8591331269349846,0.7262357414448669
models/experiment_51_random_random_7/model1,2080.0,0.8622291021671826,0.7186311787072244
models/experiment_51_random_random_7/model1,2210.0,0.8637770897832817,0.7072243346007605
models/experiment_51_random_random_7/model1,2340.0,0.8792569659442725,0.7072243346007605
models/experiment_51_random_random_7/model1,2470.0,0.871517027863777,0.7338403041825095
models/experiment_51_random_random_7/model1,2600.0,0.8761609907120743,0.7566539923954373
models/experiment_51_random_random_7/model1,2730.0,0.891640866873065,0.7224334600760456
models/experiment_51_random_random_7/model1,2860.0,0.8777089783281734,0.7452471482889734
models/experiment_51_random_random_7/model1,2990.0,0.8707430340557275,0.7452471482889734
models/experiment_51_random_random_7/model1,3120.0,0.8908668730650154,0.7186311787072244
models/experiment_51_random_random_7/model1,3250.0,0.8939628482972136,0.7300380228136882
models/experiment_51_random_random_7/model1,3380.0,0.8970588235294118,0.7414448669201521
models/experiment_51_random_random_7/model1,3510.0,0.8939628482972136,0.714828897338403
models/experiment_51_random_random_7/model1,3640.0,0.8900928792569659,0.7376425855513308
models/experiment_51_random_random_7/model6,130.0,0.5015479876160991,0.46387832699619774
models/experiment_51_random_random_7/model6,260.0,0.5750773993808049,0.5285171102661597
models/experiment_51_random_random_7/model6,390.0,0.7260061919504643,0.6349809885931559
models/experiment_51_random_random_7/model6,520.0,0.7708978328173375,0.6577946768060836
models/experiment_51_random_random_7/model6,650.0,0.7708978328173375,0.7224334600760456
models/experiment_51_random_random_7/model6,780.0,0.826625386996904,0.7452471482889734
models/experiment_51_random_random_7/model6,910.0,0.7902476780185759,0.6730038022813688
models/experiment_51_random_random_7/model6,1040.0,0.8382352941176471,0.7642585551330798
models/experiment_51_random_random_7/model6,1170.0,0.836687306501548,0.688212927756654
models/experiment_51_random_random_7/model6,1300.0,0.8243034055727554,0.7072243346007605
models/experiment_51_random_random_7/model6,1430.0,0.8506191950464397,0.7034220532319392
models/experiment_51_random_random_7/model6,1560.0,0.8552631578947368,0.7224334600760456
models/experiment_51_random_random_7/model6,1690.0,0.8614551083591331,0.6844106463878327
models/experiment_51_random_random_7/model6,1820.0,0.8575851393188855,0.7566539923954373
models/experiment_51_random_random_7/model6,1950.0,0.858359133126935,0.6844106463878327
models/experiment_51_random_random_7/model6,2080.0,0.8645510835913313,0.7452471482889734
models/experiment_51_random_random_7/model6,2210.0,0.8676470588235294,0.7262357414448669
models/experiment_51_random_random_7/model6,2340.0,0.8730650154798761,0.7262357414448669
models/experiment_51_random_random_7/model6,2470.0,0.8908668730650154,0.7414448669201521
models/experiment_51_random_random_7/model6,2600.0,0.8730650154798761,0.7338403041825095
models/experiment_51_random_random_7/model6,2730.0,0.8808049535603715,0.7718631178707225
models/experiment_51_random_random_7/model6,2860.0,0.8823529411764706,0.8060836501901141
models/experiment_51_random_random_7/model6,2990.0,0.8808049535603715,0.7680608365019012
models/experiment_51_random_random_7/model6,3120.0,0.8808049535603715,0.7642585551330798
models/experiment_51_random_random_7/model6,3250.0,0.8862229102167183,0.7566539923954373
models/experiment_51_random_random_7/model6,3380.0,0.8939628482972136,0.7680608365019012
models/experiment_51_random_random_7/model6,3510.0,0.8955108359133127,0.7680608365019012
models/experiment_51_random_random_7/model6,3640.0,0.891640866873065,0.7756653992395437
models/experiment_51_random_random_7/model8,130.0,0.541795665634675,0.5247148288973384
models/experiment_51_random_random_7/model8,260.0,0.7027863777089783,0.6273764258555133
models/experiment_51_random_random_7/model8,390.0,0.7113003095975232,0.6349809885931559
models/experiment_51_random_random_7/model8,520.0,0.7678018575851393,0.688212927756654
models/experiment_51_random_random_7/model8,650.0,0.7995356037151703,0.7566539923954373
models/experiment_51_random_random_7/model8,780.0,0.8010835913312694,0.7490494296577946
models/experiment_51_random_random_7/model8,910.0,0.8026315789473685,0.7452471482889734
models/experiment_51_random_random_7/model8,1040.0,0.8134674922600619,0.7224334600760456
models/experiment_51_random_random_7/model8,1170.0,0.8413312693498453,0.7452471482889734
models/experiment_51_random_random_7/model8,1300.0,0.8181114551083591,0.7110266159695817
models/experiment_51_random_random_7/model8,1430.0,0.826625386996904,0.7072243346007605
models/experiment_51_random_random_7/model8,1560.0,0.8452012383900929,0.7566539923954373
models/experiment_51_random_random_7/model8,1690.0,0.846749226006192,0.688212927756654
models/experiment_51_random_random_7/model8,1820.0,0.8568111455108359,0.7452471482889734
models/experiment_51_random_random_7/model8,1950.0,0.8653250773993808,0.7566539923954373
models/experiment_51_random_random_7/model8,2080.0,0.8622291021671826,0.7376425855513308
models/experiment_51_random_random_7/model8,2210.0,0.8599071207430341,0.7338403041825095
models/experiment_51_random_random_7/model8,2340.0,0.8691950464396285,0.752851711026616
models/experiment_51_random_random_7/model8,2470.0,0.8792569659442725,0.7414448669201521
models/experiment_51_random_random_7/model8,2600.0,0.8707430340557275,0.7262357414448669
models/experiment_51_random_random_7/model8,2730.0,0.8877708978328174,0.7908745247148289
models/experiment_51_random_random_7/model8,2860.0,0.8746130030959752,0.7870722433460076
models/experiment_51_random_random_7/model8,2990.0,0.8854489164086687,0.7718631178707225
models/experiment_51_random_random_7/model8,3120.0,0.8955108359133127,0.7832699619771863
models/experiment_51_random_random_7/model8,3250.0,0.8900928792569659,0.779467680608365
models/experiment_51_random_random_7/model8,3380.0,0.8862229102167183,0.7490494296577946
models/experiment_51_random_random_7/model8,3510.0,0.881578947368421,0.752851711026616
models/experiment_51_random_random_7/model8,3640.0,0.8885448916408669,0.7832699619771863
models/experiment_51_random_random_7/model5,130.0,0.6261609907120743,0.6159695817490495
models/experiment_51_random_random_7/model5,260.0,0.708204334365325,0.6730038022813688
models/experiment_51_random_random_7/model5,390.0,0.7492260061919505,0.6577946768060836
models/experiment_51_random_random_7/model5,520.0,0.7623839009287926,0.7186311787072244
models/experiment_51_random_random_7/model5,650.0,0.7778637770897833,0.7186311787072244
models/experiment_51_random_random_7/model5,780.0,0.7739938080495357,0.7072243346007605
models/experiment_51_random_random_7/model5,910.0,0.8289473684210527,0.7262357414448669
models/experiment_51_random_random_7/model5,1040.0,0.7894736842105263,0.7376425855513308
models/experiment_51_random_random_7/model5,1170.0,0.8513931888544891,0.7338403041825095
models/experiment_51_random_random_7/model5,1300.0,0.8281733746130031,0.7680608365019012
models/experiment_51_random_random_7/model5,1430.0,0.8513931888544891,0.7338403041825095
models/experiment_51_random_random_7/model5,1560.0,0.8622291021671826,0.7262357414448669
models/experiment_51_random_random_7/model5,1690.0,0.8506191950464397,0.779467680608365
models/experiment_51_random_random_7/model5,1820.0,0.8413312693498453,0.7186311787072244
models/experiment_51_random_random_7/model5,1950.0,0.8676470588235294,0.7338403041825095
models/experiment_51_random_random_7/model5,2080.0,0.858359133126935,0.752851711026616
models/experiment_51_random_random_7/model5,2210.0,0.8722910216718266,0.7262357414448669
models/experiment_51_random_random_7/model5,2340.0,0.8537151702786377,0.7452471482889734
models/experiment_51_random_random_7/model5,2470.0,0.8800309597523219,0.7414448669201521
models/experiment_51_random_random_7/model5,2600.0,0.8823529411764706,0.7300380228136882
models/experiment_51_random_random_7/model5,2730.0,0.8808049535603715,0.7490494296577946
models/experiment_51_random_random_7/model5,2860.0,0.8900928792569659,0.7680608365019012
models/experiment_51_random_random_7/model5,2990.0,0.878482972136223,0.7376425855513308
models/experiment_51_random_random_7/model5,3120.0,0.8908668730650154,0.7680608365019012
models/experiment_51_random_random_7/model5,3250.0,0.8869969040247678,0.7414448669201521
models/experiment_51_random_random_7/model5,3380.0,0.8877708978328174,0.7262357414448669
models/experiment_51_random_random_7/model5,3510.0,0.8939628482972136,0.7832699619771863
models/experiment_51_random_random_7/model5,3640.0,0.8900928792569659,0.752851711026616
models/experiment_51_random_random_7/model7,130.0,0.5812693498452013,0.5475285171102662
models/experiment_51_random_random_7/model7,260.0,0.7143962848297214,0.6121673003802282
models/experiment_51_random_random_7/model7,390.0,0.7430340557275542,0.6768060836501901
models/experiment_51_random_random_7/model7,520.0,0.75,0.7110266159695817
models/experiment_51_random_random_7/model7,650.0,0.8057275541795665,0.7338403041825095
models/experiment_51_random_random_7/model7,780.0,0.7654798761609907,0.6806083650190115
models/experiment_51_random_random_7/model7,910.0,0.8204334365325078,0.6806083650190115
models/experiment_51_random_random_7/model7,1040.0,0.8397832817337462,0.7300380228136882
models/experiment_51_random_random_7/model7,1170.0,0.8436532507739938,0.7186311787072244
models/experiment_51_random_random_7/model7,1300.0,0.8281733746130031,0.7034220532319392
models/experiment_51_random_random_7/model7,1430.0,0.8560371517027864,0.6844106463878327
models/experiment_51_random_random_7/model7,1560.0,0.8606811145510835,0.7338403041825095
models/experiment_51_random_random_7/model7,1690.0,0.8606811145510835,0.7262357414448669
models/experiment_51_random_random_7/model7,1820.0,0.8506191950464397,0.688212927756654
models/experiment_51_random_random_7/model7,1950.0,0.8653250773993808,0.6958174904942965
models/experiment_51_random_random_7/model7,2080.0,0.871517027863777,0.7376425855513308
models/experiment_51_random_random_7/model7,2210.0,0.8699690402476781,0.7414448669201521
models/experiment_51_random_random_7/model7,2340.0,0.8831269349845201,0.7490494296577946
models/experiment_51_random_random_7/model7,2470.0,0.8753869969040248,0.7642585551330798
models/experiment_51_random_random_7/model7,2600.0,0.8800309597523219,0.7262357414448669
models/experiment_51_random_random_7/model7,2730.0,0.8862229102167183,0.7490494296577946
models/experiment_51_random_random_7/model7,2860.0,0.8846749226006192,0.7300380228136882
models/experiment_51_random_random_7/model7,2990.0,0.8869969040247678,0.7414448669201521
models/experiment_51_random_random_7/model7,3120.0,0.8800309597523219,0.7490494296577946
models/experiment_51_random_random_7/model7,3250.0,0.8885448916408669,0.7642585551330798
models/experiment_51_random_random_7/model7,3380.0,0.903250773993808,0.7680608365019012
models/experiment_51_random_random_7/model7,3510.0,0.8962848297213623,0.7490494296577946
models/experiment_51_random_random_7/model7,3640.0,0.8993808049535603,0.752851711026616
models/experiment_51_random_random_7/model4,130.0,0.576625386996904,0.5247148288973384
models/experiment_51_random_random_7/model4,260.0,0.6919504643962848,0.6463878326996197
models/experiment_51_random_random_7/model4,390.0,0.7221362229102167,0.6615969581749049
models/experiment_51_random_random_7/model4,520.0,0.7693498452012384,0.6768060836501901
models/experiment_51_random_random_7/model4,650.0,0.7801857585139319,0.714828897338403
models/experiment_51_random_random_7/model4,780.0,0.7623839009287926,0.6768060836501901
models/experiment_51_random_random_7/model4,910.0,0.8181114551083591,0.7300380228136882
models/experiment_51_random_random_7/model4,1040.0,0.8328173374613003,0.7566539923954373
models/experiment_51_random_random_7/model4,1170.0,0.8204334365325078,0.7338403041825095
models/experiment_51_random_random_7/model4,1300.0,0.8568111455108359,0.7300380228136882
models/experiment_51_random_random_7/model4,1430.0,0.8452012383900929,0.6920152091254753
models/experiment_51_random_random_7/model4,1560.0,0.8421052631578947,0.7414448669201521
models/experiment_51_random_random_7/model4,1690.0,0.8746130030959752,0.7338403041825095
models/experiment_51_random_random_7/model4,1820.0,0.858359133126935,0.7490494296577946
models/experiment_51_random_random_7/model4,1950.0,0.8653250773993808,0.7262357414448669
models/experiment_51_random_random_7/model4,2080.0,0.8699690402476781,0.6996197718631179
models/experiment_51_random_random_7/model4,2210.0,0.8660990712074303,0.6920152091254753
models/experiment_51_random_random_7/model4,2340.0,0.881578947368421,0.7604562737642585
models/experiment_51_random_random_7/model4,2470.0,0.8931888544891641,0.7262357414448669
models/experiment_51_random_random_7/model4,2600.0,0.891640866873065,0.7376425855513308
models/experiment_51_random_random_7/model4,2730.0,0.8908668730650154,0.7376425855513308
models/experiment_51_random_random_7/model4,2860.0,0.8839009287925697,0.7300380228136882
models/experiment_51_random_random_7/model4,2990.0,0.8931888544891641,0.7376425855513308
models/experiment_51_random_random_7/model4,3120.0,0.9109907120743034,0.7490494296577946
models/experiment_51_random_random_7/model4,3250.0,0.8993808049535603,0.7414448669201521
models/experiment_51_random_random_7/model4,3380.0,0.9040247678018576,0.7642585551330798
models/experiment_51_random_random_7/model4,3510.0,0.9125386996904025,0.714828897338403
models/experiment_51_random_random_7/model4,3640.0,0.8931888544891641,0.7376425855513308
models/experiment_51_random_random_7/model10,130.0,0.5007739938080495,0.532319391634981
models/experiment_51_random_random_7/model10,260.0,0.5348297213622291,0.5171102661596958
models/experiment_51_random_random_7/model10,390.0,0.5278637770897833,0.5171102661596958
models/experiment_51_random_random_7/model10,520.0,0.7546439628482973,0.6501901140684411
models/experiment_51_random_random_7/model10,650.0,0.7902476780185759,0.6958174904942965
models/experiment_51_random_random_7/model10,780.0,0.8034055727554179,0.7034220532319392
models/experiment_51_random_random_7/model10,910.0,0.8057275541795665,0.7224334600760456
models/experiment_51_random_random_7/model10,1040.0,0.8212074303405573,0.688212927756654
models/experiment_51_random_random_7/model10,1170.0,0.8204334365325078,0.6653992395437263
models/experiment_51_random_random_7/model10,1300.0,0.8560371517027864,0.7376425855513308
models/experiment_51_random_random_7/model10,1430.0,0.8475232198142415,0.714828897338403
models/experiment_51_random_random_7/model10,1560.0,0.846749226006192,0.7300380228136882
models/experiment_51_random_random_7/model10,1690.0,0.8761609907120743,0.7224334600760456
models/experiment_51_random_random_7/model10,1820.0,0.871517027863777,0.7414448669201521
models/experiment_51_random_random_7/model10,1950.0,0.871517027863777,0.7376425855513308
models/experiment_51_random_random_7/model10,2080.0,0.8854489164086687,0.7338403041825095
models/experiment_51_random_random_7/model10,2210.0,0.8746130030959752,0.7110266159695817
models/experiment_51_random_random_7/model10,2340.0,0.8869969040247678,0.7832699619771863
models/experiment_51_random_random_7/model10,2470.0,0.8877708978328174,0.752851711026616
models/experiment_51_random_random_7/model10,2600.0,0.8800309597523219,0.7376425855513308
models/experiment_51_random_random_7/model10,2730.0,0.8900928792569659,0.752851711026616
models/experiment_51_random_random_7/model10,2860.0,0.8877708978328174,0.7566539923954373
models/experiment_51_random_random_7/model10,2990.0,0.891640866873065,0.7908745247148289
models/experiment_51_random_random_7/model10,3120.0,0.8993808049535603,0.752851711026616
models/experiment_51_random_random_7/model10,3250.0,0.8900928792569659,0.7300380228136882
models/experiment_51_random_random_7/model10,3380.0,0.8947368421052632,0.7604562737642585
models/experiment_51_random_random_7/model10,3510.0,0.8978328173374613,0.7452471482889734
models/experiment_51_random_random_7/model10,3640.0,0.9102167182662538,0.7832699619771863
models/experiment_51_random_random_7/model2,130.0,0.5518575851393189,0.55893536121673
models/experiment_51_random_random_7/model2,260.0,0.6726006191950464,0.623574144486692
models/experiment_51_random_random_7/model2,390.0,0.728328173374613,0.6692015209125475
models/experiment_51_random_random_7/model2,520.0,0.7693498452012384,0.7072243346007605
models/experiment_51_random_random_7/model2,650.0,0.7809597523219814,0.7224334600760456
models/experiment_51_random_random_7/model2,780.0,0.8065015479876161,0.7110266159695817
models/experiment_51_random_random_7/model2,910.0,0.8297213622291022,0.7756653992395437
models/experiment_51_random_random_7/model2,1040.0,0.8273993808049536,0.7338403041825095
models/experiment_51_random_random_7/model2,1170.0,0.8212074303405573,0.7186311787072244
models/experiment_51_random_random_7/model2,1300.0,0.8382352941176471,0.7756653992395437
models/experiment_51_random_random_7/model2,1430.0,0.8436532507739938,0.7300380228136882
models/experiment_51_random_random_7/model2,1560.0,0.8513931888544891,0.7566539923954373
models/experiment_51_random_random_7/model2,1690.0,0.8405572755417957,0.7110266159695817
models/experiment_51_random_random_7/model2,1820.0,0.8599071207430341,0.7718631178707225
models/experiment_51_random_random_7/model2,1950.0,0.8630030959752322,0.7604562737642585
models/experiment_51_random_random_7/model2,2080.0,0.8746130030959752,0.7604562737642585
models/experiment_51_random_random_7/model2,2210.0,0.8792569659442725,0.7186311787072244
models/experiment_51_random_random_7/model2,2340.0,0.8831269349845201,0.7832699619771863
models/experiment_51_random_random_7/model2,2470.0,0.8839009287925697,0.7604562737642585
models/experiment_51_random_random_7/model2,2600.0,0.8893188854489165,0.7262357414448669
models/experiment_51_random_random_7/model2,2730.0,0.8869969040247678,0.7414448669201521
models/experiment_51_random_random_7/model2,2860.0,0.8900928792569659,0.752851711026616
models/experiment_51_random_random_7/model2,2990.0,0.8792569659442725,0.7642585551330798
models/experiment_51_random_random_7/model2,3120.0,0.8939628482972136,0.7680608365019012
models/experiment_51_random_random_7/model2,3250.0,0.8854489164086687,0.7718631178707225
models/experiment_51_random_random_7/model2,3380.0,0.8978328173374613,0.7642585551330798
models/experiment_51_random_random_7/model2,3510.0,0.8939628482972136,0.7566539923954373
models/experiment_51_random_random_7/model2,3640.0,0.903250773993808,0.7604562737642585
