model_name,num_test_data,valid_acc,eval_acc
models/experiment_57_entropy_random_3/model3,130.0,0.6258847320525783,0.6648627754155393
models/experiment_57_entropy_random_3/model3,260.0,0.4914054600606673,0.516041747197526
models/experiment_57_entropy_random_3/model3,390.0,0.7300303336703741,0.7259373792037108
models/experiment_57_entropy_random_3/model3,520.0,0.7209302325581395,0.7232315423270197
models/experiment_57_entropy_random_3/model3,650.0,0.7704752275025278,0.7549284885968303
models/experiment_57_entropy_random_3/model3,780.0,0.7684529828109201,0.7348279860842675
models/experiment_57_entropy_random_3/model3,910.0,0.7937310414560161,0.7417858523386162
models/experiment_57_entropy_random_3/model3,1040.0,0.788675429726997,0.7819868573637417
models/experiment_57_entropy_random_3/model3,1170.0,0.7876643073811931,0.7286432160804021
models/experiment_57_entropy_random_3/model3,1300.0,0.8068756319514662,0.7468109779667569
models/experiment_57_entropy_random_3/model3,1430.0,0.8422649140546006,0.7661383842288365
models/experiment_57_entropy_random_3/model3,1560.0,0.8523761375126391,0.7560881329725551
models/experiment_57_entropy_random_3/model3,1690.0,0.8351870576339737,0.7607267104754541
models/experiment_57_entropy_random_3/model3,1820.0,0.8432760364004045,0.7746424429841515
models/experiment_57_entropy_random_3/model3,1950.0,0.8574317492416582,0.7371472748357171
models/experiment_57_entropy_random_3/model3,2080.0,0.8493427704752275,0.7553150367220719
models/experiment_57_entropy_random_3/model3,2210.0,0.8816986855409504,0.7796675686122922
models/experiment_57_entropy_random_3/model3,2340.0,0.8857431749241659,0.7645921917278701
models/experiment_57_entropy_random_3/model3,2470.0,0.8928210313447927,0.751449555469656
models/experiment_57_entropy_random_3/model3,2600.0,0.846309403437816,0.7611132586006958
models/experiment_57_entropy_random_3/model3,2730.0,0.8806875631951466,0.7502899110939312
models/experiment_57_entropy_random_3/model3,2860.0,0.8938321536905965,0.7417858523386162
models/experiment_57_entropy_random_3/model3,2990.0,0.9089989888776542,0.7962891379976808
models/experiment_57_entropy_random_3/model3,3120.0,0.8998988877654196,0.7819868573637417
models/experiment_57_entropy_random_3/model3,3250.0,0.9029322548028311,0.7843061461151913
models/experiment_57_entropy_random_3/model3,3380.0,0.9009100101112234,0.7773482798608427
models/experiment_57_entropy_random_3/model3,3510.0,0.910010111223458,0.7777348279860843
models/experiment_57_entropy_random_3/model3,3640.0,0.9069767441860465,0.7765751836103595
models/experiment_57_entropy_random_3/model9,130.0,0.5884732052578362,0.6215693853884808
models/experiment_57_entropy_random_3/model9,260.0,0.6966632962588474,0.6853498260533436
models/experiment_57_entropy_random_3/model9,390.0,0.5278058645096056,0.5222265172013916
models/experiment_57_entropy_random_3/model9,520.0,0.7098078867542973,0.6899884035562428
models/experiment_57_entropy_random_3/model9,650.0,0.7492416582406471,0.7127947429454967
models/experiment_57_entropy_random_3/model9,780.0,0.7623862487360971,0.7023579435639737
models/experiment_57_entropy_random_3/model9,910.0,0.7633973710819009,0.6996521066872826
models/experiment_57_entropy_random_3/model9,1040.0,0.7906976744186046,0.7189795129493622
models/experiment_57_entropy_random_3/model9,1170.0,0.8119312436804853,0.7448782373405489
models/experiment_57_entropy_random_3/model9,1300.0,0.8250758341759353,0.7572477773482799
models/experiment_57_entropy_random_3/model9,1430.0,0.8372093023255814,0.7433320448395825
models/experiment_57_entropy_random_3/model9,1560.0,0.8493427704752275,0.7642056436026285
models/experiment_57_entropy_random_3/model9,1690.0,0.8301314459049545,0.7696173173560108
models/experiment_57_entropy_random_3/model9,1820.0,0.8624873609706775,0.7692307692307693
models/experiment_57_entropy_random_3/model9,1950.0,0.8685540950455005,0.768457672980286
models/experiment_57_entropy_random_3/model9,2080.0,0.8756319514661274,0.7885581754928489
models/experiment_57_entropy_random_3/model9,2210.0,0.8918099089989889,0.7479706223424817
models/experiment_57_entropy_random_3/model9,2340.0,0.884732052578362,0.7819868573637417
models/experiment_57_entropy_random_3/model9,2470.0,0.865520728008089,0.7359876304599923
models/experiment_57_entropy_random_3/model9,2600.0,0.9029322548028311,0.7692307692307693
models/experiment_57_entropy_random_3/model9,2730.0,0.8867542972699697,0.7761886354851179
models/experiment_57_entropy_random_3/model9,2860.0,0.8806875631951466,0.7603401623502126
models/experiment_57_entropy_random_3/model9,2990.0,0.9120323559150657,0.7761886354851179
models/experiment_57_entropy_random_3/model9,3120.0,0.9049544994944388,0.7816003092385002
models/experiment_57_entropy_random_3/model9,3250.0,0.9059656218402427,0.7843061461151913
models/experiment_57_entropy_random_3/model9,3380.0,0.9019211324570273,0.7727097023579436
models/experiment_57_entropy_random_3/model9,3510.0,0.8958543983822043,0.7823734054889834
models/experiment_57_entropy_random_3/model9,3640.0,0.9191102123356926,0.782759953614225
models/experiment_57_entropy_random_3/model1,130.0,0.531850353892821,0.5106300734441438
models/experiment_57_entropy_random_3/model1,260.0,0.5429726996966633,0.5195206803247004
models/experiment_57_entropy_random_3/model1,390.0,0.7441860465116279,0.7224584460765365
models/experiment_57_entropy_random_3/model1,520.0,0.750252780586451,0.7100889060688056
models/experiment_57_entropy_random_3/model1,650.0,0.5176946410515673,0.48163896405102435
models/experiment_57_entropy_random_3/model1,780.0,0.7876643073811931,0.7402396598376498
models/experiment_57_entropy_random_3/model1,910.0,0.7987866531850354,0.7228449942017782
models/experiment_57_entropy_random_3/model1,1040.0,0.8250758341759353,0.7661383842288365
models/experiment_57_entropy_random_3/model1,1170.0,0.8109201213346815,0.749516814843448
models/experiment_57_entropy_random_3/model1,1300.0,0.7987866531850354,0.7278701198299188
models/experiment_57_entropy_random_3/model1,1430.0,0.8200202224469161,0.7441051410900658
models/experiment_57_entropy_random_3/model1,1560.0,0.840242669362993,0.7626594511016621
models/experiment_57_entropy_random_3/model1,1690.0,0.8624873609706775,0.7800541167375338
models/experiment_57_entropy_random_3/model1,1820.0,0.8695652173913043,0.7661383842288365
models/experiment_57_entropy_random_3/model1,1950.0,0.8665318503538928,0.7653652879783533
models/experiment_57_entropy_random_3/model1,2080.0,0.8837209302325582,0.7812137611132586
models/experiment_57_entropy_random_3/model1,2210.0,0.8705763397371082,0.7688442211055276
models/experiment_57_entropy_random_3/model1,2340.0,0.8776541961577351,0.7603401623502126
models/experiment_57_entropy_random_3/model1,2470.0,0.8897876643073812,0.780827212988017
models/experiment_57_entropy_random_3/model1,2600.0,0.8867542972699697,0.7553150367220719
models/experiment_57_entropy_random_3/model1,2730.0,0.8918099089989889,0.7719366061074604
models/experiment_57_entropy_random_3/model1,2860.0,0.9059656218402427,0.7831465017394665
models/experiment_57_entropy_random_3/model1,2990.0,0.8988877654196158,0.7653652879783533
models/experiment_57_entropy_random_3/model1,3120.0,0.8948432760364005,0.7800541167375338
models/experiment_57_entropy_random_3/model1,3250.0,0.910010111223458,0.7893312717433321
models/experiment_57_entropy_random_3/model1,3380.0,0.9019211324570273,0.7765751836103595
models/experiment_57_entropy_random_3/model1,3510.0,0.9140546006066734,0.7939698492462312
models/experiment_57_entropy_random_3/model1,3640.0,0.9110212335692619,0.7908774642442984
models/experiment_57_entropy_random_3/model6,130.0,0.6066734074823054,0.6126787785079242
models/experiment_57_entropy_random_3/model6,260.0,0.5146612740141557,0.5202937765751836
models/experiment_57_entropy_random_3/model6,390.0,0.7583417593528817,0.7309625048318515
models/experiment_57_entropy_random_3/model6,520.0,0.6875631951466128,0.6795516041747197
models/experiment_57_entropy_random_3/model6,650.0,0.7745197168857432,0.7011982991882489
models/experiment_57_entropy_random_3/model6,780.0,0.7967644084934277,0.7518361035948976
models/experiment_57_entropy_random_3/model6,910.0,0.8018200202224469,0.7236180904522613
models/experiment_57_entropy_random_3/model6,1040.0,0.7977755308392316,0.7286432160804021
models/experiment_57_entropy_random_3/model6,1170.0,0.7937310414560161,0.7510630073444143
models/experiment_57_entropy_random_3/model6,1300.0,0.8038422649140546,0.7185929648241206
models/experiment_57_entropy_random_3/model6,1430.0,0.8179979777553084,0.7614998067259374
models/experiment_57_entropy_random_3/model6,1560.0,0.8574317492416582,0.7085427135678392
models/experiment_57_entropy_random_3/model6,1690.0,0.871587462082912,0.759953614224971
models/experiment_57_entropy_random_3/model6,1820.0,0.8645096056622852,0.7630459992269037
models/experiment_57_entropy_random_3/model6,1950.0,0.8827098078867543,0.7595670660997295
models/experiment_57_entropy_random_3/model6,2080.0,0.8725985844287159,0.7584074217240047
models/experiment_57_entropy_random_3/model6,2210.0,0.8705763397371082,0.7642056436026285
models/experiment_57_entropy_random_3/model6,2340.0,0.8796764408493428,0.7920371086200232
models/experiment_57_entropy_random_3/model6,2470.0,0.8938321536905965,0.7873985311171241
models/experiment_57_entropy_random_3/model6,2600.0,0.8695652173913043,0.7367607267104754
models/experiment_57_entropy_random_3/model6,2730.0,0.8928210313447927,0.7788944723618091
models/experiment_57_entropy_random_3/model6,2860.0,0.9089989888776542,0.7939698492462312
models/experiment_57_entropy_random_3/model6,2990.0,0.9059656218402427,0.7680711248550445
models/experiment_57_entropy_random_3/model6,3120.0,0.9049544994944388,0.7730962504831852
models/experiment_57_entropy_random_3/model6,3250.0,0.8998988877654196,0.7730962504831852
models/experiment_57_entropy_random_3/model6,3380.0,0.8938321536905965,0.7866254348666409
models/experiment_57_entropy_random_3/model6,3510.0,0.9009100101112234,0.7688442211055276
models/experiment_57_entropy_random_3/model6,3640.0,0.9120323559150657,0.768457672980286
models/experiment_57_entropy_random_3/model8,130.0,0.6097067745197169,0.6111325860069579
models/experiment_57_entropy_random_3/model8,260.0,0.6562184024266936,0.6285272516428295
models/experiment_57_entropy_random_3/model8,390.0,0.5257836198179979,0.5376884422110553
models/experiment_57_entropy_random_3/model8,520.0,0.7623862487360971,0.7394665635871666
models/experiment_57_entropy_random_3/model8,650.0,0.7684529828109201,0.7379203710862002
models/experiment_57_entropy_random_3/model8,780.0,0.7765419615773509,0.6733668341708543
models/experiment_57_entropy_random_3/model8,910.0,0.80788675429727,0.7402396598376498
models/experiment_57_entropy_random_3/model8,1040.0,0.813953488372093,0.749516814843448
models/experiment_57_entropy_random_3/model8,1170.0,0.813953488372093,0.7672980286045613
models/experiment_57_entropy_random_3/model8,1300.0,0.8483316481294236,0.7688442211055276
models/experiment_57_entropy_random_3/model8,1430.0,0.8513650151668352,0.7529957479706223
models/experiment_57_entropy_random_3/model8,1560.0,0.7947421638018201,0.7205257054503286
models/experiment_57_entropy_random_3/model8,1690.0,0.8442871587462083,0.7441051410900658
models/experiment_57_entropy_random_3/model8,1820.0,0.8574317492416582,0.7444916892153073
models/experiment_57_entropy_random_3/model8,1950.0,0.8594539939332659,0.7332817935833011
models/experiment_57_entropy_random_3/model8,2080.0,0.8857431749241659,0.7777348279860843
models/experiment_57_entropy_random_3/model8,2210.0,0.8746208291203236,0.7750289911093932
models/experiment_57_entropy_random_3/model8,2340.0,0.8665318503538928,0.7541553923463471
models/experiment_57_entropy_random_3/model8,2470.0,0.8736097067745198,0.7661383842288365
models/experiment_57_entropy_random_3/model8,2600.0,0.9089989888776542,0.7642056436026285
models/experiment_57_entropy_random_3/model8,2730.0,0.8958543983822043,0.7819868573637417
models/experiment_57_entropy_random_3/model8,2860.0,0.9120323559150657,0.766524932354078
models/experiment_57_entropy_random_3/model8,2990.0,0.8988877654196158,0.7823734054889834
models/experiment_57_entropy_random_3/model8,3120.0,0.9069767441860465,0.7688442211055276
models/experiment_57_entropy_random_3/model8,3250.0,0.8928210313447927,0.7738693467336684
models/experiment_57_entropy_random_3/model8,3380.0,0.9029322548028311,0.7850792423656745
models/experiment_57_entropy_random_3/model8,3510.0,0.9019211324570273,0.7444916892153073
models/experiment_57_entropy_random_3/model8,3640.0,0.9039433771486349,0.7738693467336684
models/experiment_57_entropy_random_3/model5,130.0,0.5611729019211324,0.5365287978353305
models/experiment_57_entropy_random_3/model5,260.0,0.6774519716885743,0.6463084654039428
models/experiment_57_entropy_random_3/model5,390.0,0.7189079878665319,0.6799381522999614
models/experiment_57_entropy_random_3/model5,520.0,0.7067745197168858,0.6706609972941632
models/experiment_57_entropy_random_3/model5,650.0,0.7654196157735086,0.7383069192114419
models/experiment_57_entropy_random_3/model5,780.0,0.7937310414560161,0.7468109779667569
models/experiment_57_entropy_random_3/model5,910.0,0.8028311425682507,0.7444916892153073
models/experiment_57_entropy_random_3/model5,1040.0,0.7856420626895855,0.7251642829532277
models/experiment_57_entropy_random_3/model5,1170.0,0.8604651162790697,0.7823734054889834
models/experiment_57_entropy_random_3/model5,1300.0,0.8473205257836198,0.7738693467336684
models/experiment_57_entropy_random_3/model5,1430.0,0.8190091001011123,0.7483571704677232
models/experiment_57_entropy_random_3/model5,1560.0,0.8281092012133469,0.7444916892153073
models/experiment_57_entropy_random_3/model5,1690.0,0.8725985844287159,0.7653652879783533
models/experiment_57_entropy_random_3/model5,1820.0,0.8614762386248737,0.7557015848473135
models/experiment_57_entropy_random_3/model5,1950.0,0.8816986855409504,0.7611132586006958
models/experiment_57_entropy_random_3/model5,2080.0,0.8756319514661274,0.7734827986084267
models/experiment_57_entropy_random_3/model5,2210.0,0.8786653185035389,0.7522226517201391
models/experiment_57_entropy_random_3/model5,2340.0,0.9049544994944388,0.7692307692307693
models/experiment_57_entropy_random_3/model5,2470.0,0.8857431749241659,0.7901043679938152
models/experiment_57_entropy_random_3/model5,2600.0,0.8816986855409504,0.7792810204870506
models/experiment_57_entropy_random_3/model5,2730.0,0.8897876643073812,0.7897178198685736
models/experiment_57_entropy_random_3/model5,2860.0,0.890798786653185,0.7611132586006958
models/experiment_57_entropy_random_3/model5,2990.0,0.8918099089989889,0.7669114804793197
models/experiment_57_entropy_random_3/model5,3120.0,0.897876643073812,0.7765751836103595
models/experiment_57_entropy_random_3/model5,3250.0,0.8928210313447927,0.7491302667182064
models/experiment_57_entropy_random_3/model5,3380.0,0.9029322548028311,0.770390413606494
models/experiment_57_entropy_random_3/model5,3510.0,0.8928210313447927,0.7711635098569772
models/experiment_57_entropy_random_3/model5,3640.0,0.9089989888776542,0.7831465017394665
models/experiment_57_entropy_random_3/model7,130.0,0.5369059656218402,0.500966370313104
models/experiment_57_entropy_random_3/model7,260.0,0.60262891809909,0.6049478160030923
models/experiment_57_entropy_random_3/model7,390.0,0.7512639029322548,0.7526091998453808
models/experiment_57_entropy_random_3/model7,520.0,0.5106167846309403,0.47700038654812527
models/experiment_57_entropy_random_3/model7,650.0,0.7684529828109201,0.7564746810977967
models/experiment_57_entropy_random_3/model7,780.0,0.8149646107178968,0.7765751836103595
models/experiment_57_entropy_random_3/model7,910.0,0.80788675429727,0.7603401623502126
models/experiment_57_entropy_random_3/model7,1040.0,0.8513650151668352,0.784692694240433
models/experiment_57_entropy_random_3/model7,1170.0,0.8442871587462083,0.7738693467336684
models/experiment_57_entropy_random_3/model7,1300.0,0.8685540950455005,0.7700038654812524
models/experiment_57_entropy_random_3/model7,1430.0,0.8483316481294236,0.7638190954773869
models/experiment_57_entropy_random_3/model7,1560.0,0.8179979777553084,0.7452647854657904
models/experiment_57_entropy_random_3/model7,1690.0,0.8665318503538928,0.7568612292230382
models/experiment_57_entropy_random_3/model7,1820.0,0.8685540950455005,0.7587939698492462
models/experiment_57_entropy_random_3/model7,1950.0,0.8806875631951466,0.7804406648627754
models/experiment_57_entropy_random_3/model7,2080.0,0.846309403437816,0.7147274835717047
models/experiment_57_entropy_random_3/model7,2210.0,0.8776541961577351,0.7707769617317356
models/experiment_57_entropy_random_3/model7,2340.0,0.8857431749241659,0.7754155392346347
models/experiment_57_entropy_random_3/model7,2470.0,0.8725985844287159,0.7638190954773869
models/experiment_57_entropy_random_3/model7,2600.0,0.9120323559150657,0.7908774642442984
models/experiment_57_entropy_random_3/model7,2730.0,0.9029322548028311,0.7781213761113258
models/experiment_57_entropy_random_3/model7,2860.0,0.9019211324570273,0.7750289911093932
models/experiment_57_entropy_random_3/model7,2990.0,0.8938321536905965,0.7672980286045613
models/experiment_57_entropy_random_3/model7,3120.0,0.890798786653185,0.7715500579822188
models/experiment_57_entropy_random_3/model7,3250.0,0.9019211324570273,0.7788944723618091
models/experiment_57_entropy_random_3/model7,3380.0,0.9069767441860465,0.7920371086200232
models/experiment_57_entropy_random_3/model7,3510.0,0.9110212335692619,0.7595670660997295
models/experiment_57_entropy_random_3/model7,3640.0,0.9049544994944388,0.7742558948589099
models/experiment_57_entropy_random_3/model4,130.0,0.5864509605662285,0.5693853884808658
models/experiment_57_entropy_random_3/model4,260.0,0.6754297269969667,0.6737533822960958
models/experiment_57_entropy_random_3/model4,390.0,0.6299292214357938,0.62620796289138
models/experiment_57_entropy_random_3/model4,520.0,0.6835187057633973,0.7108620023192888
models/experiment_57_entropy_random_3/model4,650.0,0.7785642062689585,0.7298028604561267
models/experiment_57_entropy_random_3/model4,780.0,0.7765419615773509,0.7421724004638578
models/experiment_57_entropy_random_3/model4,910.0,0.7906976744186046,0.7607267104754541
models/experiment_57_entropy_random_3/model4,1040.0,0.8220424671385238,0.7553150367220719
models/experiment_57_entropy_random_3/model4,1170.0,0.8210313447927199,0.7510630073444143
models/experiment_57_entropy_random_3/model4,1300.0,0.8372093023255814,0.7483571704677232
models/experiment_57_entropy_random_3/model4,1430.0,0.8624873609706775,0.7785079242365675
models/experiment_57_entropy_random_3/model4,1560.0,0.8493427704752275,0.7781213761113258
models/experiment_57_entropy_random_3/model4,1690.0,0.8452982810920121,0.7568612292230382
models/experiment_57_entropy_random_3/model4,1820.0,0.8554095045500506,0.782759953614225
models/experiment_57_entropy_random_3/model4,1950.0,0.8685540950455005,0.766524932354078
models/experiment_57_entropy_random_3/model4,2080.0,0.8806875631951466,0.7819868573637417
models/experiment_57_entropy_random_3/model4,2210.0,0.8756319514661274,0.7649787398531117
models/experiment_57_entropy_random_3/model4,2340.0,0.8897876643073812,0.7591805179744878
models/experiment_57_entropy_random_3/model4,2470.0,0.897876643073812,0.7707769617317356
models/experiment_57_entropy_random_3/model4,2600.0,0.8948432760364005,0.7707769617317356
models/experiment_57_entropy_random_3/model4,2730.0,0.8918099089989889,0.7823734054889834
models/experiment_57_entropy_random_3/model4,2860.0,0.8968655207280081,0.7661383842288365
models/experiment_57_entropy_random_3/model4,2990.0,0.8857431749241659,0.7835330498647082
models/experiment_57_entropy_random_3/model4,3120.0,0.9039433771486349,0.7765751836103595
models/experiment_57_entropy_random_3/model4,3250.0,0.9029322548028311,0.7448782373405489
models/experiment_57_entropy_random_3/model4,3380.0,0.9029322548028311,0.7858523386161577
models/experiment_57_entropy_random_3/model4,3510.0,0.9029322548028311,0.7630459992269037
models/experiment_57_entropy_random_3/model4,3640.0,0.9069767441860465,0.7966756861229223
models/experiment_57_entropy_random_3/model10,130.0,0.5288169868554095,0.5334364128333977
models/experiment_57_entropy_random_3/model10,260.0,0.6653185035389282,0.6235021260146888
models/experiment_57_entropy_random_3/model10,390.0,0.6875631951466128,0.6733668341708543
models/experiment_57_entropy_random_3/model10,520.0,0.7017189079878665,0.6996521066872826
models/experiment_57_entropy_random_3/model10,650.0,0.7441860465116279,0.7042906841901817
models/experiment_57_entropy_random_3/model10,780.0,0.7805864509605662,0.7220718979512949
models/experiment_57_entropy_random_3/model10,910.0,0.8270980788675429,0.7804406648627754
models/experiment_57_entropy_random_3/model10,1040.0,0.7856420626895855,0.7267104754541941
models/experiment_57_entropy_random_3/model10,1170.0,0.8028311425682507,0.7506764592191728
models/experiment_57_entropy_random_3/model10,1300.0,0.840242669362993,0.7584074217240047
models/experiment_57_entropy_random_3/model10,1430.0,0.8240647118301314,0.7483571704677232
models/experiment_57_entropy_random_3/model10,1560.0,0.8665318503538928,0.7529957479706223
models/experiment_57_entropy_random_3/model10,1690.0,0.8483316481294236,0.7715500579822188
models/experiment_57_entropy_random_3/model10,1820.0,0.8645096056622852,0.7379203710862002
models/experiment_57_entropy_random_3/model10,1950.0,0.8584428715874621,0.7607267104754541
models/experiment_57_entropy_random_3/model10,2080.0,0.8725985844287159,0.7904909161190569
models/experiment_57_entropy_random_3/model10,2210.0,0.8685540950455005,0.7506764592191728
models/experiment_57_entropy_random_3/model10,2340.0,0.9019211324570273,0.8009277155005798
models/experiment_57_entropy_random_3/model10,2470.0,0.8867542972699697,0.7711635098569772
models/experiment_57_entropy_random_3/model10,2600.0,0.8766430738119313,0.7471975260919984
models/experiment_57_entropy_random_3/model10,2730.0,0.8998988877654196,0.7870119829918825
models/experiment_57_entropy_random_3/model10,2860.0,0.8928210313447927,0.766524932354078
models/experiment_57_entropy_random_3/model10,2990.0,0.9029322548028311,0.7707769617317356
models/experiment_57_entropy_random_3/model10,3120.0,0.9029322548028311,0.7595670660997295
models/experiment_57_entropy_random_3/model10,3250.0,0.9059656218402427,0.7835330498647082
models/experiment_57_entropy_random_3/model10,3380.0,0.9130434782608695,0.7943563973714728
models/experiment_57_entropy_random_3/model10,3510.0,0.9079878665318504,0.7773482798608427
models/experiment_57_entropy_random_3/model10,3640.0,0.9049544994944388,0.7765751836103595
models/experiment_57_entropy_random_3/model2,130.0,0.5288169868554095,0.5141090065713181
models/experiment_57_entropy_random_3/model2,260.0,0.6713852376137512,0.6799381522999614
models/experiment_57_entropy_random_3/model2,390.0,0.537917087967644,0.5458059528411288
models/experiment_57_entropy_random_3/model2,520.0,0.737108190091001,0.7124081948202551
models/experiment_57_entropy_random_3/model2,650.0,0.7745197168857432,0.73057595670661
models/experiment_57_entropy_random_3/model2,780.0,0.7836198179979778,0.751449555469656
models/experiment_57_entropy_random_3/model2,910.0,0.7876643073811931,0.699265558562041
models/experiment_57_entropy_random_3/model2,1040.0,0.7906976744186046,0.705836876691148
models/experiment_57_entropy_random_3/model2,1170.0,0.8210313447927199,0.742945496714341
models/experiment_57_entropy_random_3/model2,1300.0,0.8220424671385238,0.7510630073444143
models/experiment_57_entropy_random_3/model2,1430.0,0.8473205257836198,0.7518361035948976
models/experiment_57_entropy_random_3/model2,1560.0,0.840242669362993,0.749516814843448
models/experiment_57_entropy_random_3/model2,1690.0,0.8665318503538928,0.7669114804793197
models/experiment_57_entropy_random_3/model2,1820.0,0.8786653185035389,0.7653652879783533
models/experiment_57_entropy_random_3/model2,1950.0,0.8665318503538928,0.758020873598763
models/experiment_57_entropy_random_3/model2,2080.0,0.8827098078867543,0.7340548898337843
models/experiment_57_entropy_random_3/model2,2210.0,0.8766430738119313,0.7649787398531117
models/experiment_57_entropy_random_3/model2,2340.0,0.8877654196157735,0.7707769617317356
models/experiment_57_entropy_random_3/model2,2470.0,0.8756319514661274,0.7425589485890993
models/experiment_57_entropy_random_3/model2,2600.0,0.8897876643073812,0.7904909161190569
models/experiment_57_entropy_random_3/model2,2730.0,0.9069767441860465,0.799768071124855
models/experiment_57_entropy_random_3/model2,2860.0,0.897876643073812,0.7576343254735215
models/experiment_57_entropy_random_3/model2,2990.0,0.897876643073812,0.7916505604947816
models/experiment_57_entropy_random_3/model2,3120.0,0.9049544994944388,0.7653652879783533
models/experiment_57_entropy_random_3/model2,3250.0,0.9039433771486349,0.7870119829918825
models/experiment_57_entropy_random_3/model2,3380.0,0.9059656218402427,0.7723231542327019
models/experiment_57_entropy_random_3/model2,3510.0,0.9019211324570273,0.7765751836103595
models/experiment_57_entropy_random_3/model2,3640.0,0.9049544994944388,0.7754155392346347
