model_name,num_test_data,valid_acc,eval_acc
models/experiment_68_var_rat_random_10/model3,130.0,0.5452793834296724,0.5022779043280182
models/experiment_68_var_rat_random_10/model3,260.0,0.6801541425818882,0.6697038724373576
models/experiment_68_var_rat_random_10/model3,390.0,0.6840077071290944,0.6503416856492027
models/experiment_68_var_rat_random_10/model3,520.0,0.7199743095696853,0.6810933940774487
models/experiment_68_var_rat_random_10/model3,650.0,0.6968529222864484,0.6537585421412301
models/experiment_68_var_rat_random_10/model3,780.0,0.7662170841361593,0.7072892938496583
models/experiment_68_var_rat_random_10/model3,910.0,0.7450224791265254,0.6765375854214123
models/experiment_68_var_rat_random_10/model3,1040.0,0.8124598587026333,0.7255125284738041
models/experiment_68_var_rat_random_10/model3,1170.0,0.7784200385356455,0.7209567198177677
models/experiment_68_var_rat_random_10/model3,1300.0,0.8253050738599872,0.7334851936218679
models/experiment_68_var_rat_random_10/model3,1430.0,0.8111753371868978,0.7539863325740319
models/experiment_68_var_rat_random_10/model3,1560.0,0.8355812459858702,0.7608200455580866
models/experiment_68_var_rat_random_10/model3,1690.0,0.8137443802183687,0.7369020501138952
models/experiment_68_var_rat_random_10/model3,1820.0,0.838150289017341,0.7482915717539863
models/experiment_68_var_rat_random_10/model3,1950.0,0.8439306358381503,0.7539863325740319
models/experiment_68_var_rat_random_10/model3,2080.0,0.8336544637122671,0.755125284738041
models/experiment_68_var_rat_random_10/model3,2210.0,0.8644829800899165,0.7312072892938497
models/experiment_68_var_rat_random_10/model3,2340.0,0.8554913294797688,0.7289293849658315
models/experiment_68_var_rat_random_10/model3,2470.0,0.852922286448298,0.7585421412300684
models/experiment_68_var_rat_random_10/model3,2600.0,0.876043673731535,0.744874715261959
models/experiment_68_var_rat_random_10/model3,2730.0,0.8561335902376365,0.7300683371298405
models/experiment_68_var_rat_random_10/model3,2860.0,0.8773281952472703,0.7471526195899773
models/experiment_68_var_rat_random_10/model3,2990.0,0.8702633269107257,0.7369020501138952
models/experiment_68_var_rat_random_10/model3,3120.0,0.8664097623635196,0.7095671981776766
models/experiment_68_var_rat_random_10/model3,3250.0,0.8574181117533719,0.724373576309795
models/experiment_68_var_rat_random_10/model3,3380.0,0.8805394990366089,0.7460136674259681
models/experiment_68_var_rat_random_10/model3,3510.0,0.8837508028259473,0.7733485193621867
models/experiment_68_var_rat_random_10/model3,3640.0,0.8818240205523442,0.7699316628701595
models/experiment_68_var_rat_random_10/model3,3770.0,0.876043673731535,0.7460136674259681
models/experiment_68_var_rat_random_10/model3,3900.0,0.8946692357096981,0.7687927107061503
models/experiment_68_var_rat_random_10/model3,4030.0,0.8933847141939627,0.7437357630979499
models/experiment_68_var_rat_random_10/model3,4160.0,0.8978805394990366,0.724373576309795
models/experiment_68_var_rat_random_10/model3,4290.0,0.8933847141939627,0.7539863325740319
models/experiment_68_var_rat_random_10/model3,4420.0,0.9036608863198459,0.7608200455580866
models/experiment_68_var_rat_random_10/model3,4550.0,0.9043031470777135,0.7574031890660592
models/experiment_68_var_rat_random_10/model3,4680.0,0.9081567116249197,0.7414578587699316
models/experiment_68_var_rat_random_10/model9,130.0,0.518946692357097,0.4920273348519362
models/experiment_68_var_rat_random_10/model9,260.0,0.5317919075144508,0.5136674259681093
models/experiment_68_var_rat_random_10/model9,390.0,0.7199743095696853,0.6879271070615034
models/experiment_68_var_rat_random_10/model9,520.0,0.7148362235067437,0.6970387243735763
models/experiment_68_var_rat_random_10/model9,650.0,0.737315350032113,0.6662870159453302
models/experiment_68_var_rat_random_10/model9,780.0,0.7655748233782916,0.6902050113895216
models/experiment_68_var_rat_random_10/model9,910.0,0.7366730892742454,0.6902050113895216
models/experiment_68_var_rat_random_10/model9,1040.0,0.798330122029544,0.6981776765375854
models/experiment_68_var_rat_random_10/model9,1170.0,0.7764932562620424,0.7164009111617312
models/experiment_68_var_rat_random_10/model9,1300.0,0.791907514450867,0.7209567198177677
models/experiment_68_var_rat_random_10/model9,1430.0,0.8188824662813102,0.7380410022779044
models/experiment_68_var_rat_random_10/model9,1560.0,0.8098908156711625,0.7403189066059226
models/experiment_68_var_rat_random_10/model9,1690.0,0.8201669877970456,0.7471526195899773
models/experiment_68_var_rat_random_10/model9,1820.0,0.8477842003853564,0.7266514806378133
models/experiment_68_var_rat_random_10/model9,1950.0,0.8163134232498395,0.7175398633257403
models/experiment_68_var_rat_random_10/model9,2080.0,0.831727681438664,0.7425968109339408
models/experiment_68_var_rat_random_10/model9,2210.0,0.8497109826589595,0.7437357630979499
models/experiment_68_var_rat_random_10/model9,2340.0,0.8689788053949904,0.7733485193621867
models/experiment_68_var_rat_random_10/model9,2470.0,0.8362235067437379,0.714123006833713
models/experiment_68_var_rat_random_10/model9,2600.0,0.838150289017341,0.7369020501138952
models/experiment_68_var_rat_random_10/model9,2730.0,0.8439306358381503,0.7380410022779044
models/experiment_68_var_rat_random_10/model9,2860.0,0.8754014129736674,0.755125284738041
models/experiment_68_var_rat_random_10/model9,2990.0,0.8901734104046243,0.7471526195899773
models/experiment_68_var_rat_random_10/model9,3120.0,0.8683365446371226,0.715261958997722
models/experiment_68_var_rat_random_10/model9,3250.0,0.876043673731535,0.7186788154897494
models/experiment_68_var_rat_random_10/model9,3380.0,0.8670520231213873,0.693621867881549
models/experiment_68_var_rat_random_10/model9,3510.0,0.8818240205523442,0.7630979498861048
models/experiment_68_var_rat_random_10/model9,3640.0,0.8914579319203597,0.7357630979498861
models/experiment_68_var_rat_random_10/model9,3770.0,0.9030186255619782,0.7687927107061503
models/experiment_68_var_rat_random_10/model9,3900.0,0.9068721901091843,0.7642369020501139
models/experiment_68_var_rat_random_10/model9,4030.0,0.9036608863198459,0.7699316628701595
models/experiment_68_var_rat_random_10/model9,4160.0,0.8940269749518305,0.7482915717539863
models/experiment_68_var_rat_random_10/model9,4290.0,0.9004495825305073,0.755125284738041
models/experiment_68_var_rat_random_10/model9,4420.0,0.8940269749518305,0.7255125284738041
models/experiment_68_var_rat_random_10/model9,4550.0,0.9107257546563905,0.7767653758542141
models/experiment_68_var_rat_random_10/model9,4680.0,0.9171483622350675,0.7528473804100227
models/experiment_68_var_rat_random_10/model1,130.0,0.5407835581245986,0.5091116173120729
models/experiment_68_var_rat_random_10/model1,260.0,0.6570327552986512,0.6343963553530751
models/experiment_68_var_rat_random_10/model1,390.0,0.6538214515093128,0.6332574031890661
models/experiment_68_var_rat_random_10/model1,520.0,0.7385998715478485,0.6970387243735763
models/experiment_68_var_rat_random_10/model1,650.0,0.7623635195889531,0.7232346241457859
models/experiment_68_var_rat_random_10/model1,780.0,0.7745664739884393,0.7277904328018223
models/experiment_68_var_rat_random_10/model1,910.0,0.7630057803468208,0.7072892938496583
models/experiment_68_var_rat_random_10/model1,1040.0,0.7655748233782916,0.6719817767653758
models/experiment_68_var_rat_random_10/model1,1170.0,0.8124598587026333,0.7437357630979499
models/experiment_68_var_rat_random_10/model1,1300.0,0.791907514450867,0.7015945330296127
models/experiment_68_var_rat_random_10/model1,1430.0,0.8015414258188824,0.6993166287015945
models/experiment_68_var_rat_random_10/model1,1560.0,0.8259473346178549,0.7266514806378133
models/experiment_68_var_rat_random_10/model1,1690.0,0.8452151573538856,0.7357630979498861
models/experiment_68_var_rat_random_10/model1,1820.0,0.8220937700706487,0.7118451025056948
models/experiment_68_var_rat_random_10/model1,1950.0,0.831727681438664,0.715261958997722
models/experiment_68_var_rat_random_10/model1,2080.0,0.815028901734104,0.7095671981776766
models/experiment_68_var_rat_random_10/model1,2210.0,0.8458574181117534,0.7220956719817767
models/experiment_68_var_rat_random_10/model1,2340.0,0.8535645472061657,0.7505694760820045
models/experiment_68_var_rat_random_10/model1,2470.0,0.8747591522157996,0.7425968109339408
models/experiment_68_var_rat_random_10/model1,2600.0,0.867694283879255,0.7460136674259681
models/experiment_68_var_rat_random_10/model1,2730.0,0.8253050738599872,0.7220956719817767
models/experiment_68_var_rat_random_10/model1,2860.0,0.8683365446371226,0.715261958997722
models/experiment_68_var_rat_random_10/model1,2990.0,0.8888888888888888,0.7619589977220956
models/experiment_68_var_rat_random_10/model1,3120.0,0.8908156711624919,0.7687927107061503
models/experiment_68_var_rat_random_10/model1,3250.0,0.8850353243416827,0.7072892938496583
models/experiment_68_var_rat_random_10/model1,3380.0,0.8664097623635196,0.7460136674259681
models/experiment_68_var_rat_random_10/model1,3510.0,0.8709055876685935,0.734624145785877
models/experiment_68_var_rat_random_10/model1,3640.0,0.8876043673731535,0.7642369020501139
models/experiment_68_var_rat_random_10/model1,3770.0,0.9081567116249197,0.7574031890660592
models/experiment_68_var_rat_random_10/model1,3900.0,0.8933847141939627,0.7676537585421412
models/experiment_68_var_rat_random_10/model1,4030.0,0.8908156711624919,0.744874715261959
models/experiment_68_var_rat_random_10/model1,4160.0,0.8998073217726397,0.7767653758542141
models/experiment_68_var_rat_random_10/model1,4290.0,0.9062299293513166,0.7676537585421412
models/experiment_68_var_rat_random_10/model1,4420.0,0.899165061014772,0.7767653758542141
models/experiment_68_var_rat_random_10/model1,4550.0,0.9184328837508028,0.7482915717539863
models/experiment_68_var_rat_random_10/model1,4680.0,0.9023763648041104,0.755125284738041
models/experiment_68_var_rat_random_10/model6,130.0,0.5491329479768786,0.5170842824601367
models/experiment_68_var_rat_random_10/model6,260.0,0.6544637122671805,0.643507972665148
models/experiment_68_var_rat_random_10/model6,390.0,0.7251123956326269,0.6902050113895216
models/experiment_68_var_rat_random_10/model6,520.0,0.5343609505459217,0.5079726651480638
models/experiment_68_var_rat_random_10/model6,650.0,0.7251123956326269,0.6492027334851936
models/experiment_68_var_rat_random_10/model6,780.0,0.7610789980732178,0.7095671981776766
models/experiment_68_var_rat_random_10/model6,910.0,0.7739242132305716,0.7300683371298405
models/experiment_68_var_rat_random_10/model6,1040.0,0.766859344894027,0.6697038724373576
models/experiment_68_var_rat_random_10/model6,1170.0,0.7642903018625562,0.7380410022779044
models/experiment_68_var_rat_random_10/model6,1300.0,0.7809890815671162,0.7255125284738041
models/experiment_68_var_rat_random_10/model6,1430.0,0.7829158638407193,0.7027334851936219
models/experiment_68_var_rat_random_10/model6,1560.0,0.7938342967244701,0.6845102505694761
models/experiment_68_var_rat_random_10/model6,1690.0,0.8028259473346179,0.7403189066059226
models/experiment_68_var_rat_random_10/model6,1820.0,0.8387925497752088,0.744874715261959
models/experiment_68_var_rat_random_10/model6,1950.0,0.8227360308285164,0.7027334851936219
models/experiment_68_var_rat_random_10/model6,2080.0,0.8522800256904303,0.7517084282460137
models/experiment_68_var_rat_random_10/model6,2210.0,0.8336544637122671,0.7050113895216401
models/experiment_68_var_rat_random_10/model6,2340.0,0.8747591522157996,0.7403189066059226
models/experiment_68_var_rat_random_10/model6,2470.0,0.8651252408477842,0.765375854214123
models/experiment_68_var_rat_random_10/model6,2600.0,0.8625561978163134,0.7813211845102506
models/experiment_68_var_rat_random_10/model6,2730.0,0.8426461143224149,0.7175398633257403
models/experiment_68_var_rat_random_10/model6,2860.0,0.8644829800899165,0.7266514806378133
models/experiment_68_var_rat_random_10/model6,2990.0,0.8741168914579319,0.775626423690205
models/experiment_68_var_rat_random_10/model6,3120.0,0.8471419396274887,0.744874715261959
models/experiment_68_var_rat_random_10/model6,3250.0,0.8651252408477842,0.7539863325740319
models/experiment_68_var_rat_random_10/model6,3380.0,0.8811817597944765,0.7722095671981777
models/experiment_68_var_rat_random_10/model6,3510.0,0.8856775850995504,0.7255125284738041
models/experiment_68_var_rat_random_10/model6,3640.0,0.8715478484264612,0.7255125284738041
models/experiment_68_var_rat_random_10/model6,3770.0,0.8972382787411689,0.7767653758542141
models/experiment_68_var_rat_random_10/model6,3900.0,0.8914579319203597,0.7699316628701595
models/experiment_68_var_rat_random_10/model6,4030.0,0.8869621066152859,0.7608200455580866
models/experiment_68_var_rat_random_10/model6,4160.0,0.9068721901091843,0.7722095671981777
models/experiment_68_var_rat_random_10/model6,4290.0,0.899165061014772,0.734624145785877
models/experiment_68_var_rat_random_10/model6,4420.0,0.899165061014772,0.714123006833713
models/experiment_68_var_rat_random_10/model6,4550.0,0.892742453436095,0.7608200455580866
models/experiment_68_var_rat_random_10/model6,4680.0,0.9023763648041104,0.7391799544419134
models/experiment_68_var_rat_random_10/model8,130.0,0.5221579961464354,0.5056947608200456
models/experiment_68_var_rat_random_10/model8,260.0,0.691072575465639,0.6526195899772209
models/experiment_68_var_rat_random_10/model8,390.0,0.6929993577392421,0.6970387243735763
models/experiment_68_var_rat_random_10/model8,520.0,0.7341040462427746,0.7175398633257403
models/experiment_68_var_rat_random_10/model8,650.0,0.7636480411046885,0.7164009111617312
models/experiment_68_var_rat_random_10/model8,780.0,0.7193320488118176,0.6662870159453302
models/experiment_68_var_rat_random_10/model8,910.0,0.7597944765574823,0.6993166287015945
models/experiment_68_var_rat_random_10/model8,1040.0,0.7578676942838792,0.7107061503416856
models/experiment_68_var_rat_random_10/model8,1170.0,0.8105330764290302,0.7517084282460137
models/experiment_68_var_rat_random_10/model8,1300.0,0.8021836865767502,0.7107061503416856
models/experiment_68_var_rat_random_10/model8,1430.0,0.8413615928066795,0.7266514806378133
models/experiment_68_var_rat_random_10/model8,1560.0,0.8175979447655748,0.7505694760820045
models/experiment_68_var_rat_random_10/model8,1690.0,0.8310854206807964,0.7699316628701595
models/experiment_68_var_rat_random_10/model8,1820.0,0.8208092485549133,0.7334851936218679
models/experiment_68_var_rat_random_10/model8,1950.0,0.8574181117533719,0.7357630979498861
models/experiment_68_var_rat_random_10/model8,2080.0,0.8464996788696211,0.6890660592255126
models/experiment_68_var_rat_random_10/model8,2210.0,0.8554913294797688,0.7562642369020501
models/experiment_68_var_rat_random_10/model8,2340.0,0.8420038535645472,0.715261958997722
models/experiment_68_var_rat_random_10/model8,2470.0,0.8477842003853564,0.724373576309795
models/experiment_68_var_rat_random_10/model8,2600.0,0.827874116891458,0.7061503416856492
models/experiment_68_var_rat_random_10/model8,2730.0,0.8651252408477842,0.7391799544419134
models/experiment_68_var_rat_random_10/model8,2860.0,0.8631984585741811,0.7494305239179955
models/experiment_68_var_rat_random_10/model8,2990.0,0.8946692357096981,0.734624145785877
models/experiment_68_var_rat_random_10/model8,3120.0,0.8747591522157996,0.7665148063781321
models/experiment_68_var_rat_random_10/model8,3250.0,0.8747591522157996,0.7779043280182233
models/experiment_68_var_rat_random_10/model8,3380.0,0.8786127167630058,0.7585421412300684
models/experiment_68_var_rat_random_10/model8,3510.0,0.8908156711624919,0.744874715261959
models/experiment_68_var_rat_random_10/model8,3640.0,0.8786127167630058,0.7608200455580866
models/experiment_68_var_rat_random_10/model8,3770.0,0.8850353243416827,0.7517084282460137
models/experiment_68_var_rat_random_10/model8,3900.0,0.8908156711624919,0.7642369020501139
models/experiment_68_var_rat_random_10/model8,4030.0,0.8946692357096981,0.765375854214123
models/experiment_68_var_rat_random_10/model8,4160.0,0.9043031470777135,0.7425968109339408
models/experiment_68_var_rat_random_10/model8,4290.0,0.9100834938985228,0.765375854214123
models/experiment_68_var_rat_random_10/model8,4420.0,0.9132947976878613,0.7471526195899773
models/experiment_68_var_rat_random_10/model8,4550.0,0.9062299293513166,0.7334851936218679
models/experiment_68_var_rat_random_10/model8,4680.0,0.9010918432883751,0.7676537585421412
models/experiment_68_var_rat_random_10/model5,130.0,0.6043673731535003,0.6116173120728929
models/experiment_68_var_rat_random_10/model5,260.0,0.7276814386640976,0.6913439635535308
models/experiment_68_var_rat_random_10/model5,390.0,0.5311496467565832,0.5250569476082004
models/experiment_68_var_rat_random_10/model5,520.0,0.689145793192036,0.6719817767653758
models/experiment_68_var_rat_random_10/model5,650.0,0.7707129094412332,0.7425968109339408
models/experiment_68_var_rat_random_10/model5,780.0,0.7328195247270392,0.6856492027334852
models/experiment_68_var_rat_random_10/model5,910.0,0.7797045600513809,0.7391799544419134
models/experiment_68_var_rat_random_10/model5,1040.0,0.7822736030828517,0.7528473804100227
models/experiment_68_var_rat_random_10/model5,1170.0,0.7655748233782916,0.6958997722095672
models/experiment_68_var_rat_random_10/model5,1300.0,0.8060372511239563,0.7186788154897494
models/experiment_68_var_rat_random_10/model5,1430.0,0.8220937700706487,0.7118451025056948
models/experiment_68_var_rat_random_10/model5,1560.0,0.8156711624919717,0.7334851936218679
models/experiment_68_var_rat_random_10/model5,1690.0,0.8349389852280026,0.7403189066059226
models/experiment_68_var_rat_random_10/model5,1820.0,0.838150289017341,0.7585421412300684
models/experiment_68_var_rat_random_10/model5,1950.0,0.8131021194605009,0.7232346241457859
models/experiment_68_var_rat_random_10/model5,2080.0,0.8413615928066795,0.7107061503416856
models/experiment_68_var_rat_random_10/model5,2210.0,0.8432883750802826,0.7312072892938497
models/experiment_68_var_rat_random_10/model5,2340.0,0.8368657675016057,0.7323462414578588
models/experiment_68_var_rat_random_10/model5,2470.0,0.8606294155427103,0.6993166287015945
models/experiment_68_var_rat_random_10/model5,2600.0,0.8503532434168273,0.7391799544419134
models/experiment_68_var_rat_random_10/model5,2730.0,0.8702633269107257,0.7289293849658315
models/experiment_68_var_rat_random_10/model5,2860.0,0.8683365446371226,0.7232346241457859
models/experiment_68_var_rat_random_10/model5,2990.0,0.8798972382787412,0.744874715261959
models/experiment_68_var_rat_random_10/model5,3120.0,0.8721901091843288,0.7357630979498861
models/experiment_68_var_rat_random_10/model5,3250.0,0.8779704560051381,0.744874715261959
models/experiment_68_var_rat_random_10/model5,3380.0,0.876043673731535,0.775626423690205
models/experiment_68_var_rat_random_10/model5,3510.0,0.8895311496467566,0.7596810933940774
models/experiment_68_var_rat_random_10/model5,3640.0,0.882466281310212,0.724373576309795
models/experiment_68_var_rat_random_10/model5,3770.0,0.8818240205523442,0.7574031890660592
models/experiment_68_var_rat_random_10/model5,3900.0,0.8895311496467566,0.755125284738041
models/experiment_68_var_rat_random_10/model5,4030.0,0.8908156711624919,0.7904328018223234
models/experiment_68_var_rat_random_10/model5,4160.0,0.9062299293513166,0.7824601366742597
models/experiment_68_var_rat_random_10/model5,4290.0,0.9107257546563905,0.7687927107061503
models/experiment_68_var_rat_random_10/model5,4420.0,0.9126525369299936,0.7357630979498861
models/experiment_68_var_rat_random_10/model5,4550.0,0.899165061014772,0.7665148063781321
models/experiment_68_var_rat_random_10/model5,4680.0,0.9261400128452152,0.7722095671981777
models/experiment_68_var_rat_random_10/model7,130.0,0.5382145150931278,0.5558086560364465
models/experiment_68_var_rat_random_10/model7,260.0,0.6506101477199743,0.6150341685649203
models/experiment_68_var_rat_random_10/model7,390.0,0.6949261400128453,0.6708428246013668
models/experiment_68_var_rat_random_10/model7,520.0,0.7148362235067437,0.6947608200455581
models/experiment_68_var_rat_random_10/model7,650.0,0.730892742453436,0.7027334851936219
models/experiment_68_var_rat_random_10/model7,780.0,0.730892742453436,0.6617312072892938
models/experiment_68_var_rat_random_10/model7,910.0,0.7964033397559409,0.6970387243735763
models/experiment_68_var_rat_random_10/model7,1040.0,0.8330122029543995,0.7095671981776766
models/experiment_68_var_rat_random_10/model7,1170.0,0.7951188182402055,0.7175398633257403
models/experiment_68_var_rat_random_10/model7,1300.0,0.7848426461143224,0.6856492027334852
models/experiment_68_var_rat_random_10/model7,1430.0,0.8291586384071933,0.7289293849658315
models/experiment_68_var_rat_random_10/model7,1560.0,0.8285163776493256,0.7277904328018223
models/experiment_68_var_rat_random_10/model7,1690.0,0.8227360308285164,0.7323462414578588
models/experiment_68_var_rat_random_10/model7,1820.0,0.8034682080924855,0.7277904328018223
models/experiment_68_var_rat_random_10/model7,1950.0,0.8497109826589595,0.7562642369020501
models/experiment_68_var_rat_random_10/model7,2080.0,0.827874116891458,0.7630979498861048
models/experiment_68_var_rat_random_10/model7,2210.0,0.8439306358381503,0.7505694760820045
models/experiment_68_var_rat_random_10/model7,2340.0,0.852922286448298,0.7323462414578588
models/experiment_68_var_rat_random_10/model7,2470.0,0.8631984585741811,0.7460136674259681
models/experiment_68_var_rat_random_10/model7,2600.0,0.8567758509955041,0.7232346241457859
models/experiment_68_var_rat_random_10/model7,2730.0,0.8715478484264612,0.7528473804100227
models/experiment_68_var_rat_random_10/model7,2860.0,0.852922286448298,0.7209567198177677
models/experiment_68_var_rat_random_10/model7,2990.0,0.8728323699421965,0.734624145785877
models/experiment_68_var_rat_random_10/model7,3120.0,0.8638407193320488,0.7596810933940774
models/experiment_68_var_rat_random_10/model7,3250.0,0.8856775850995504,0.7665148063781321
models/experiment_68_var_rat_random_10/model7,3380.0,0.8741168914579319,0.7517084282460137
models/experiment_68_var_rat_random_10/model7,3510.0,0.8978805394990366,0.755125284738041
models/experiment_68_var_rat_random_10/model7,3640.0,0.8863198458574181,0.7471526195899773
models/experiment_68_var_rat_random_10/model7,3770.0,0.8805394990366089,0.7767653758542141
models/experiment_68_var_rat_random_10/model7,3900.0,0.8895311496467566,0.7517084282460137
models/experiment_68_var_rat_random_10/model7,4030.0,0.8721901091843288,0.7129840546697038
models/experiment_68_var_rat_random_10/model7,4160.0,0.8895311496467566,0.7710706150341685
models/experiment_68_var_rat_random_10/model7,4290.0,0.8978805394990366,0.7608200455580866
models/experiment_68_var_rat_random_10/model7,4420.0,0.9030186255619782,0.7471526195899773
models/experiment_68_var_rat_random_10/model7,4550.0,0.9120102761721259,0.7539863325740319
models/experiment_68_var_rat_random_10/model7,4680.0,0.8933847141939627,0.7369020501138952
models/experiment_68_var_rat_random_10/model4,130.0,0.5234425176621709,0.5318906605922551
models/experiment_68_var_rat_random_10/model4,260.0,0.5517019910083494,0.5569476082004556
models/experiment_68_var_rat_random_10/model4,390.0,0.6756583172768144,0.6514806378132119
models/experiment_68_var_rat_random_10/model4,520.0,0.7116249197174053,0.6867881548974943
models/experiment_68_var_rat_random_10/model4,650.0,0.7527296082209377,0.7255125284738041
models/experiment_68_var_rat_random_10/model4,780.0,0.7501605651894669,0.7095671981776766
models/experiment_68_var_rat_random_10/model4,910.0,0.7514450867052023,0.6970387243735763
models/experiment_68_var_rat_random_10/model4,1040.0,0.7578676942838792,0.7027334851936219
models/experiment_68_var_rat_random_10/model4,1170.0,0.7623635195889531,0.6697038724373576
models/experiment_68_var_rat_random_10/model4,1300.0,0.8066795118818241,0.755125284738041
models/experiment_68_var_rat_random_10/model4,1430.0,0.8253050738599872,0.7528473804100227
models/experiment_68_var_rat_random_10/model4,1560.0,0.8156711624919717,0.7175398633257403
models/experiment_68_var_rat_random_10/model4,1690.0,0.8298008991650611,0.7460136674259681
models/experiment_68_var_rat_random_10/model4,1820.0,0.8490687219010918,0.7357630979498861
models/experiment_68_var_rat_random_10/model4,1950.0,0.8195247270391779,0.7072892938496583
models/experiment_68_var_rat_random_10/model4,2080.0,0.8060372511239563,0.7528473804100227
models/experiment_68_var_rat_random_10/model4,2210.0,0.8773281952472703,0.7369020501138952
models/experiment_68_var_rat_random_10/model4,2340.0,0.8355812459858702,0.7300683371298405
models/experiment_68_var_rat_random_10/model4,2470.0,0.8464996788696211,0.6902050113895216
models/experiment_68_var_rat_random_10/model4,2600.0,0.8516377649325626,0.7471526195899773
models/experiment_68_var_rat_random_10/model4,2730.0,0.8587026332691072,0.7369020501138952
models/experiment_68_var_rat_random_10/model4,2860.0,0.8741168914579319,0.7539863325740319
models/experiment_68_var_rat_random_10/model4,2990.0,0.8484264611432242,0.714123006833713
models/experiment_68_var_rat_random_10/model4,3120.0,0.8818240205523442,0.7630979498861048
models/experiment_68_var_rat_random_10/model4,3250.0,0.8696210661528581,0.7710706150341685
models/experiment_68_var_rat_random_10/model4,3380.0,0.8850353243416827,0.7357630979498861
models/experiment_68_var_rat_random_10/model4,3510.0,0.8837508028259473,0.7676537585421412
models/experiment_68_var_rat_random_10/model4,3640.0,0.8644829800899165,0.7277904328018223
models/experiment_68_var_rat_random_10/model4,3770.0,0.9152215799614644,0.7676537585421412
models/experiment_68_var_rat_random_10/model4,3900.0,0.8972382787411689,0.7710706150341685
models/experiment_68_var_rat_random_10/model4,4030.0,0.8766859344894027,0.7380410022779044
models/experiment_68_var_rat_random_10/model4,4160.0,0.9062299293513166,0.7733485193621867
models/experiment_68_var_rat_random_10/model4,4290.0,0.892742453436095,0.7357630979498861
models/experiment_68_var_rat_random_10/model4,4420.0,0.8959537572254336,0.7334851936218679
models/experiment_68_var_rat_random_10/model4,4550.0,0.9152215799614644,0.7380410022779044
models/experiment_68_var_rat_random_10/model4,4680.0,0.9094412331406551,0.755125284738041
models/experiment_68_var_rat_random_10/model10,130.0,0.49967886962106617,0.5136674259681093
models/experiment_68_var_rat_random_10/model10,260.0,0.5857418111753372,0.5261958997722096
models/experiment_68_var_rat_random_10/model10,390.0,0.5613359023763648,0.5353075170842825
models/experiment_68_var_rat_random_10/model10,520.0,0.7488760436737315,0.7380410022779044
models/experiment_68_var_rat_random_10/model10,650.0,0.7392421323057161,0.6799544419134397
models/experiment_68_var_rat_random_10/model10,780.0,0.7360308285163777,0.7038724373576309
models/experiment_68_var_rat_random_10/model10,910.0,0.7784200385356455,0.7517084282460137
models/experiment_68_var_rat_random_10/model10,1040.0,0.8105330764290302,0.7482915717539863
models/experiment_68_var_rat_random_10/model10,1170.0,0.7559409120102761,0.714123006833713
models/experiment_68_var_rat_random_10/model10,1300.0,0.8060372511239563,0.715261958997722
models/experiment_68_var_rat_random_10/model10,1430.0,0.8195247270391779,0.7232346241457859
models/experiment_68_var_rat_random_10/model10,1560.0,0.8086062941554271,0.7562642369020501
models/experiment_68_var_rat_random_10/model10,1690.0,0.8028259473346179,0.7266514806378133
models/experiment_68_var_rat_random_10/model10,1820.0,0.821451509312781,0.7414578587699316
models/experiment_68_var_rat_random_10/model10,1950.0,0.8368657675016057,0.7255125284738041
models/experiment_68_var_rat_random_10/model10,2080.0,0.8522800256904303,0.7665148063781321
models/experiment_68_var_rat_random_10/model10,2210.0,0.8394348105330764,0.7528473804100227
models/experiment_68_var_rat_random_10/model10,2340.0,0.8407193320488118,0.734624145785877
models/experiment_68_var_rat_random_10/model10,2470.0,0.8638407193320488,0.7528473804100227
models/experiment_68_var_rat_random_10/model10,2600.0,0.8670520231213873,0.7164009111617312
models/experiment_68_var_rat_random_10/model10,2730.0,0.8754014129736674,0.7266514806378133
models/experiment_68_var_rat_random_10/model10,2860.0,0.8741168914579319,0.7232346241457859
models/experiment_68_var_rat_random_10/model10,2990.0,0.8670520231213873,0.7312072892938497
models/experiment_68_var_rat_random_10/model10,3120.0,0.8792549775208734,0.724373576309795
models/experiment_68_var_rat_random_10/model10,3250.0,0.8818240205523442,0.7892938496583144
models/experiment_68_var_rat_random_10/model10,3380.0,0.8773281952472703,0.7437357630979499
models/experiment_68_var_rat_random_10/model10,3510.0,0.8818240205523442,0.7266514806378133
models/experiment_68_var_rat_random_10/model10,3640.0,0.8946692357096981,0.7369020501138952
models/experiment_68_var_rat_random_10/model10,3770.0,0.9075144508670521,0.7574031890660592
models/experiment_68_var_rat_random_10/model10,3900.0,0.8696210661528581,0.7460136674259681
models/experiment_68_var_rat_random_10/model10,4030.0,0.8888888888888888,0.7482915717539863
models/experiment_68_var_rat_random_10/model10,4160.0,0.9062299293513166,0.7494305239179955
models/experiment_68_var_rat_random_10/model10,4290.0,0.9068721901091843,0.7471526195899773
models/experiment_68_var_rat_random_10/model10,4420.0,0.9062299293513166,0.7460136674259681
models/experiment_68_var_rat_random_10/model10,4550.0,0.9113680154142582,0.7562642369020501
models/experiment_68_var_rat_random_10/model10,4680.0,0.9177906229929351,0.7699316628701595
models/experiment_68_var_rat_random_10/model2,130.0,0.5260115606936416,0.4920273348519362
models/experiment_68_var_rat_random_10/model2,260.0,0.6223506743737958,0.5820045558086561
models/experiment_68_var_rat_random_10/model2,390.0,0.7032755298651252,0.6594533029612756
models/experiment_68_var_rat_random_10/model2,520.0,0.6814386640976237,0.6605922551252847
models/experiment_68_var_rat_random_10/model2,650.0,0.7283236994219653,0.6753986332574032
models/experiment_68_var_rat_random_10/model2,780.0,0.781631342324984,0.7186788154897494
models/experiment_68_var_rat_random_10/model2,910.0,0.7745664739884393,0.7084282460136674
models/experiment_68_var_rat_random_10/model2,1040.0,0.8201669877970456,0.7118451025056948
models/experiment_68_var_rat_random_10/model2,1170.0,0.8092485549132948,0.7232346241457859
models/experiment_68_var_rat_random_10/model2,1300.0,0.7450224791265254,0.6845102505694761
models/experiment_68_var_rat_random_10/model2,1430.0,0.8015414258188824,0.6902050113895216
models/experiment_68_var_rat_random_10/model2,1560.0,0.8304431599229287,0.765375854214123
models/experiment_68_var_rat_random_10/model2,1690.0,0.8143866409762364,0.7209567198177677
models/experiment_68_var_rat_random_10/model2,1820.0,0.8253050738599872,0.7414578587699316
models/experiment_68_var_rat_random_10/model2,1950.0,0.8542068079640334,0.7471526195899773
models/experiment_68_var_rat_random_10/model2,2080.0,0.859344894026975,0.7118451025056948
models/experiment_68_var_rat_random_10/model2,2210.0,0.8522800256904303,0.7255125284738041
models/experiment_68_var_rat_random_10/model2,2340.0,0.8606294155427103,0.734624145785877
models/experiment_68_var_rat_random_10/model2,2470.0,0.8407193320488118,0.7403189066059226
models/experiment_68_var_rat_random_10/model2,2600.0,0.8741168914579319,0.7072892938496583
models/experiment_68_var_rat_random_10/model2,2730.0,0.8850353243416827,0.7164009111617312
models/experiment_68_var_rat_random_10/model2,2860.0,0.8792549775208734,0.7209567198177677
models/experiment_68_var_rat_random_10/model2,2990.0,0.8856775850995504,0.7710706150341685
models/experiment_68_var_rat_random_10/model2,3120.0,0.8606294155427103,0.7300683371298405
models/experiment_68_var_rat_random_10/model2,3250.0,0.8811817597944765,0.7414578587699316
models/experiment_68_var_rat_random_10/model2,3380.0,0.8933847141939627,0.7084282460136674
models/experiment_68_var_rat_random_10/model2,3510.0,0.8972382787411689,0.7323462414578588
models/experiment_68_var_rat_random_10/model2,3640.0,0.8959537572254336,0.7676537585421412
models/experiment_68_var_rat_random_10/model2,3770.0,0.8940269749518305,0.7528473804100227
models/experiment_68_var_rat_random_10/model2,3900.0,0.9068721901091843,0.7357630979498861
models/experiment_68_var_rat_random_10/model2,4030.0,0.915863840719332,0.7699316628701595
models/experiment_68_var_rat_random_10/model2,4160.0,0.9068721901091843,0.775626423690205
models/experiment_68_var_rat_random_10/model2,4290.0,0.9177906229929351,0.7380410022779044
models/experiment_68_var_rat_random_10/model2,4420.0,0.9126525369299936,0.7425968109339408
models/experiment_68_var_rat_random_10/model2,4550.0,0.9113680154142582,0.7630979498861048
models/experiment_68_var_rat_random_10/model2,4680.0,0.8985228002569043,0.7733485193621867
