model_name,num_test_data,valid_acc,eval_acc
models/experiment_58_var_rat_random_3/model3,130.0,0.5662285136501517,0.5724777734827986
models/experiment_58_var_rat_random_3/model3,260.0,0.673407482305359,0.6880556629300348
models/experiment_58_var_rat_random_3/model3,390.0,0.5520728008088979,0.5218399690761499
models/experiment_58_var_rat_random_3/model3,520.0,0.7553083923154702,0.7093158098183224
models/experiment_58_var_rat_random_3/model3,650.0,0.7674418604651163,0.7278701198299188
models/experiment_58_var_rat_random_3/model3,780.0,0.8018200202224469,0.7669114804793197
models/experiment_58_var_rat_random_3/model3,910.0,0.8159757330637007,0.7557015848473135
models/experiment_58_var_rat_random_3/model3,1040.0,0.8088978766430738,0.7398531117124082
models/experiment_58_var_rat_random_3/model3,1170.0,0.8351870576339737,0.7657518361035949
models/experiment_58_var_rat_random_3/model3,1300.0,0.8361981799797775,0.7642056436026285
models/experiment_58_var_rat_random_3/model3,1430.0,0.8412537917087968,0.7267104754541941
models/experiment_58_var_rat_random_3/model3,1560.0,0.8645096056622852,0.7398531117124082
models/experiment_58_var_rat_random_3/model3,1690.0,0.865520728008089,0.7819868573637417
models/experiment_58_var_rat_random_3/model3,1820.0,0.8584428715874621,0.7750289911093932
models/experiment_58_var_rat_random_3/model3,1950.0,0.8614762386248737,0.7502899110939312
models/experiment_58_var_rat_random_3/model3,2080.0,0.8594539939332659,0.7576343254735215
models/experiment_58_var_rat_random_3/model3,2210.0,0.8837209302325582,0.768457672980286
models/experiment_58_var_rat_random_3/model3,2340.0,0.8988877654196158,0.7769617317356011
models/experiment_58_var_rat_random_3/model3,2470.0,0.8988877654196158,0.7750289911093932
models/experiment_58_var_rat_random_3/model3,2600.0,0.9039433771486349,0.7885581754928489
models/experiment_58_var_rat_random_3/model3,2730.0,0.8897876643073812,0.7352145342095091
models/experiment_58_var_rat_random_3/model3,2860.0,0.8948432760364005,0.7642056436026285
models/experiment_58_var_rat_random_3/model3,2990.0,0.8958543983822043,0.7603401623502126
models/experiment_58_var_rat_random_3/model3,3120.0,0.9049544994944388,0.7800541167375338
models/experiment_58_var_rat_random_3/model3,3250.0,0.9029322548028311,0.7750289911093932
models/experiment_58_var_rat_random_3/model3,3380.0,0.910010111223458,0.768457672980286
models/experiment_58_var_rat_random_3/model3,3510.0,0.9120323559150657,0.8040201005025126
models/experiment_58_var_rat_random_3/model3,3640.0,0.916076845298281,0.7866254348666409
models/experiment_58_var_rat_random_3/model9,130.0,0.6066734074823054,0.6173173560108234
models/experiment_58_var_rat_random_3/model9,260.0,0.6693629929221436,0.6695013529184384
models/experiment_58_var_rat_random_3/model9,390.0,0.7077856420626896,0.6988790104367993
models/experiment_58_var_rat_random_3/model9,520.0,0.6612740141557129,0.6497873985311171
models/experiment_58_var_rat_random_3/model9,650.0,0.8018200202224469,0.7433320448395825
models/experiment_58_var_rat_random_3/model9,780.0,0.7785642062689585,0.7406262079628914
models/experiment_58_var_rat_random_3/model9,910.0,0.7633973710819009,0.73057595670661
models/experiment_58_var_rat_random_3/model9,1040.0,0.8169868554095046,0.7371472748357171
models/experiment_58_var_rat_random_3/model9,1170.0,0.782608695652174,0.7437185929648241
models/experiment_58_var_rat_random_3/model9,1300.0,0.8301314459049545,0.7537688442211056
models/experiment_58_var_rat_random_3/model9,1430.0,0.8483316481294236,0.7526091998453808
models/experiment_58_var_rat_random_3/model9,1560.0,0.8554095045500506,0.7785079242365675
models/experiment_58_var_rat_random_3/model9,1690.0,0.8665318503538928,0.7529957479706223
models/experiment_58_var_rat_random_3/model9,1820.0,0.8564206268958544,0.7734827986084267
models/experiment_58_var_rat_random_3/model9,1950.0,0.8766430738119313,0.7576343254735215
models/experiment_58_var_rat_random_3/model9,2080.0,0.8796764408493428,0.7816003092385002
models/experiment_58_var_rat_random_3/model9,2210.0,0.8827098078867543,0.7653652879783533
models/experiment_58_var_rat_random_3/model9,2340.0,0.8928210313447927,0.7707769617317356
models/experiment_58_var_rat_random_3/model9,2470.0,0.871587462082912,0.7402396598376498
models/experiment_58_var_rat_random_3/model9,2600.0,0.9009100101112234,0.7943563973714728
models/experiment_58_var_rat_random_3/model9,2730.0,0.8918099089989889,0.7773482798608427
models/experiment_58_var_rat_random_3/model9,2860.0,0.9150657229524772,0.7750289911093932
models/experiment_58_var_rat_random_3/model9,2990.0,0.9009100101112234,0.7309625048318515
models/experiment_58_var_rat_random_3/model9,3120.0,0.9019211324570273,0.7792810204870506
models/experiment_58_var_rat_random_3/model9,3250.0,0.8988877654196158,0.7661383842288365
models/experiment_58_var_rat_random_3/model9,3380.0,0.8998988877654196,0.7788944723618091
models/experiment_58_var_rat_random_3/model9,3510.0,0.8928210313447927,0.7785079242365675
models/experiment_58_var_rat_random_3/model9,3640.0,0.9130434782608695,0.770390413606494
models/experiment_58_var_rat_random_3/model1,130.0,0.5460060667340748,0.5218399690761499
models/experiment_58_var_rat_random_3/model1,260.0,0.7017189079878665,0.6710475454194047
models/experiment_58_var_rat_random_3/model1,390.0,0.723963599595551,0.7371472748357171
models/experiment_58_var_rat_random_3/model1,520.0,0.4924165824064712,0.5141090065713181
models/experiment_58_var_rat_random_3/model1,650.0,0.7745197168857432,0.7499033629686896
models/experiment_58_var_rat_random_3/model1,780.0,0.7947421638018201,0.7263239273289525
models/experiment_58_var_rat_random_3/model1,910.0,0.7967644084934277,0.761886354851179
models/experiment_58_var_rat_random_3/model1,1040.0,0.8210313447927199,0.74758407421724
models/experiment_58_var_rat_random_3/model1,1170.0,0.8442871587462083,0.7529957479706223
models/experiment_58_var_rat_random_3/model1,1300.0,0.8291203235591507,0.7587939698492462
models/experiment_58_var_rat_random_3/model1,1430.0,0.865520728008089,0.7843061461151913
models/experiment_58_var_rat_random_3/model1,1560.0,0.871587462082912,0.761886354851179
models/experiment_58_var_rat_random_3/model1,1690.0,0.8675429726996967,0.766524932354078
models/experiment_58_var_rat_random_3/model1,1820.0,0.8614762386248737,0.7379203710862002
models/experiment_58_var_rat_random_3/model1,1950.0,0.8725985844287159,0.751449555469656
models/experiment_58_var_rat_random_3/model1,2080.0,0.8746208291203236,0.7471975260919984
models/experiment_58_var_rat_random_3/model1,2210.0,0.8816986855409504,0.7587939698492462
models/experiment_58_var_rat_random_3/model1,2340.0,0.871587462082912,0.7564746810977967
models/experiment_58_var_rat_random_3/model1,2470.0,0.9059656218402427,0.7777348279860843
models/experiment_58_var_rat_random_3/model1,2600.0,0.8948432760364005,0.7769617317356011
models/experiment_58_var_rat_random_3/model1,2730.0,0.8958543983822043,0.7792810204870506
models/experiment_58_var_rat_random_3/model1,2860.0,0.9130434782608695,0.7916505604947816
models/experiment_58_var_rat_random_3/model1,2990.0,0.8857431749241659,0.766524932354078
models/experiment_58_var_rat_random_3/model1,3120.0,0.8958543983822043,0.79126401236954
models/experiment_58_var_rat_random_3/model1,3250.0,0.9019211324570273,0.7730962504831852
models/experiment_58_var_rat_random_3/model1,3380.0,0.9049544994944388,0.7676845767298028
models/experiment_58_var_rat_random_3/model1,3510.0,0.9009100101112234,0.7873985311171241
models/experiment_58_var_rat_random_3/model1,3640.0,0.897876643073812,0.7862388867413993
models/experiment_58_var_rat_random_3/model6,130.0,0.5995955510616785,0.6238886741399304
models/experiment_58_var_rat_random_3/model6,260.0,0.704752275025278,0.7236180904522613
models/experiment_58_var_rat_random_3/model6,390.0,0.7573306370070778,0.7471975260919984
models/experiment_58_var_rat_random_3/model6,520.0,0.7593528816986855,0.7421724004638578
models/experiment_58_var_rat_random_3/model6,650.0,0.7957532861476239,0.7568612292230382
models/experiment_58_var_rat_random_3/model6,780.0,0.7846309403437816,0.7185929648241206
models/experiment_58_var_rat_random_3/model6,910.0,0.7967644084934277,0.7529957479706223
models/experiment_58_var_rat_random_3/model6,1040.0,0.8220424671385238,0.7603401623502126
models/experiment_58_var_rat_random_3/model6,1170.0,0.8169868554095046,0.7321221492075763
models/experiment_58_var_rat_random_3/model6,1300.0,0.8422649140546006,0.7560881329725551
models/experiment_58_var_rat_random_3/model6,1430.0,0.840242669362993,0.7518361035948976
models/experiment_58_var_rat_random_3/model6,1560.0,0.8240647118301314,0.7240046385775029
models/experiment_58_var_rat_random_3/model6,1690.0,0.8584428715874621,0.7557015848473135
models/experiment_58_var_rat_random_3/model6,1820.0,0.8665318503538928,0.7955160417471975
models/experiment_58_var_rat_random_3/model6,1950.0,0.8665318503538928,0.7356010823347506
models/experiment_58_var_rat_random_3/model6,2080.0,0.8675429726996967,0.7537688442211056
models/experiment_58_var_rat_random_3/model6,2210.0,0.8887765419615774,0.7796675686122922
models/experiment_58_var_rat_random_3/model6,2340.0,0.8554095045500506,0.7819868573637417
models/experiment_58_var_rat_random_3/model6,2470.0,0.8948432760364005,0.7645921917278701
models/experiment_58_var_rat_random_3/model6,2600.0,0.9069767441860465,0.7754155392346347
models/experiment_58_var_rat_random_3/model6,2730.0,0.8918099089989889,0.7734827986084267
models/experiment_58_var_rat_random_3/model6,2860.0,0.897876643073812,0.7796675686122922
models/experiment_58_var_rat_random_3/model6,2990.0,0.9019211324570273,0.7642056436026285
models/experiment_58_var_rat_random_3/model6,3120.0,0.9039433771486349,0.7796675686122922
models/experiment_58_var_rat_random_3/model6,3250.0,0.9079878665318504,0.7796675686122922
models/experiment_58_var_rat_random_3/model6,3380.0,0.9039433771486349,0.7587939698492462
models/experiment_58_var_rat_random_3/model6,3510.0,0.9039433771486349,0.7645921917278701
models/experiment_58_var_rat_random_3/model6,3640.0,0.9069767441860465,0.7812137611132586
models/experiment_58_var_rat_random_3/model8,130.0,0.5561172901921132,0.5655199072284499
models/experiment_58_var_rat_random_3/model8,260.0,0.6198179979777553,0.5790490916119057
models/experiment_58_var_rat_random_3/model8,390.0,0.7148634984833164,0.7359876304599923
models/experiment_58_var_rat_random_3/model8,520.0,0.737108190091001,0.709702357943564
models/experiment_58_var_rat_random_3/model8,650.0,0.7775530839231547,0.7328952454580595
models/experiment_58_var_rat_random_3/model8,780.0,0.788675429726997,0.7549284885968303
models/experiment_58_var_rat_random_3/model8,910.0,0.7846309403437816,0.7406262079628914
models/experiment_58_var_rat_random_3/model8,1040.0,0.8240647118301314,0.7251642829532277
models/experiment_58_var_rat_random_3/model8,1170.0,0.8240647118301314,0.7541553923463471
models/experiment_58_var_rat_random_3/model8,1300.0,0.8260869565217391,0.7758020873598763
models/experiment_58_var_rat_random_3/model8,1430.0,0.8210313447927199,0.7707769617317356
models/experiment_58_var_rat_random_3/model8,1560.0,0.8594539939332659,0.7719366061074604
models/experiment_58_var_rat_random_3/model8,1690.0,0.8543983822042467,0.7452647854657904
models/experiment_58_var_rat_random_3/model8,1820.0,0.8867542972699697,0.7835330498647082
models/experiment_58_var_rat_random_3/model8,1950.0,0.8725985844287159,0.7723231542327019
models/experiment_58_var_rat_random_3/model8,2080.0,0.8584428715874621,0.7653652879783533
models/experiment_58_var_rat_random_3/model8,2210.0,0.8736097067745198,0.770390413606494
models/experiment_58_var_rat_random_3/model8,2340.0,0.9029322548028311,0.7885581754928489
models/experiment_58_var_rat_random_3/model8,2470.0,0.9039433771486349,0.7758020873598763
models/experiment_58_var_rat_random_3/model8,2600.0,0.8877654196157735,0.7835330498647082
models/experiment_58_var_rat_random_3/model8,2730.0,0.897876643073812,0.7993815229996134
models/experiment_58_var_rat_random_3/model8,2860.0,0.8948432760364005,0.7738693467336684
models/experiment_58_var_rat_random_3/model8,2990.0,0.8887765419615774,0.768457672980286
models/experiment_58_var_rat_random_3/model8,3120.0,0.8887765419615774,0.7622729029764206
models/experiment_58_var_rat_random_3/model8,3250.0,0.9150657229524772,0.7719366061074604
models/experiment_58_var_rat_random_3/model8,3380.0,0.8988877654196158,0.7850792423656745
models/experiment_58_var_rat_random_3/model8,3510.0,0.8948432760364005,0.7819868573637417
models/experiment_58_var_rat_random_3/model8,3640.0,0.910010111223458,0.79126401236954
models/experiment_58_var_rat_random_3/model5,130.0,0.5682507583417593,0.5639737147274836
models/experiment_58_var_rat_random_3/model5,260.0,0.5460060667340748,0.5670660997294164
models/experiment_58_var_rat_random_3/model5,390.0,0.6976744186046512,0.6671820641669888
models/experiment_58_var_rat_random_3/model5,520.0,0.7553083923154702,0.732508697332818
models/experiment_58_var_rat_random_3/model5,650.0,0.7805864509605662,0.734441437959026
models/experiment_58_var_rat_random_3/model5,780.0,0.7360970677451971,0.7139543873212215
models/experiment_58_var_rat_random_3/model5,910.0,0.8038422649140546,0.7363741785852339
models/experiment_58_var_rat_random_3/model5,1040.0,0.813953488372093,0.7649787398531117
models/experiment_58_var_rat_random_3/model5,1170.0,0.7775530839231547,0.7178198685736374
models/experiment_58_var_rat_random_3/model5,1300.0,0.8351870576339737,0.7715500579822188
models/experiment_58_var_rat_random_3/model5,1430.0,0.8564206268958544,0.7433320448395825
models/experiment_58_var_rat_random_3/model5,1560.0,0.8260869565217391,0.7700038654812524
models/experiment_58_var_rat_random_3/model5,1690.0,0.8523761375126391,0.7193660610746038
models/experiment_58_var_rat_random_3/model5,1820.0,0.8594539939332659,0.7711635098569772
models/experiment_58_var_rat_random_3/model5,1950.0,0.8685540950455005,0.7692307692307693
models/experiment_58_var_rat_random_3/model5,2080.0,0.8412537917087968,0.7939698492462312
models/experiment_58_var_rat_random_3/model5,2210.0,0.8746208291203236,0.7398531117124082
models/experiment_58_var_rat_random_3/model5,2340.0,0.8827098078867543,0.7939698492462312
models/experiment_58_var_rat_random_3/model5,2470.0,0.8998988877654196,0.7688442211055276
models/experiment_58_var_rat_random_3/model5,2600.0,0.8918099089989889,0.7750289911093932
models/experiment_58_var_rat_random_3/model5,2730.0,0.8806875631951466,0.7993815229996134
models/experiment_58_var_rat_random_3/model5,2860.0,0.8877654196157735,0.7835330498647082
models/experiment_58_var_rat_random_3/model5,2990.0,0.8948432760364005,0.7557015848473135
models/experiment_58_var_rat_random_3/model5,3120.0,0.8948432760364005,0.7479706223424817
models/experiment_58_var_rat_random_3/model5,3250.0,0.9079878665318504,0.7796675686122922
models/experiment_58_var_rat_random_3/model5,3380.0,0.9120323559150657,0.7854657904909161
models/experiment_58_var_rat_random_3/model5,3510.0,0.910010111223458,0.8005411673753382
models/experiment_58_var_rat_random_3/model5,3640.0,0.9079878665318504,0.8051797448782373
models/experiment_58_var_rat_random_3/model7,130.0,0.5328614762386249,0.5222265172013916
models/experiment_58_var_rat_random_3/model7,260.0,0.6521739130434783,0.6362582141476614
models/experiment_58_var_rat_random_3/model7,390.0,0.564206268958544,0.5577889447236181
models/experiment_58_var_rat_random_3/model7,520.0,0.7674418604651163,0.716273676072671
models/experiment_58_var_rat_random_3/model7,650.0,0.7350859453993933,0.718206416698879
models/experiment_58_var_rat_random_3/model7,780.0,0.8008088978766431,0.7483571704677232
models/experiment_58_var_rat_random_3/model7,910.0,0.7937310414560161,0.7626594511016621
models/experiment_58_var_rat_random_3/model7,1040.0,0.8220424671385238,0.759953614224971
models/experiment_58_var_rat_random_3/model7,1170.0,0.7906976744186046,0.7317356010823347
models/experiment_58_var_rat_random_3/model7,1300.0,0.8129423660262892,0.7541553923463471
models/experiment_58_var_rat_random_3/model7,1430.0,0.8574317492416582,0.7738693467336684
models/experiment_58_var_rat_random_3/model7,1560.0,0.8442871587462083,0.74758407421724
models/experiment_58_var_rat_random_3/model7,1690.0,0.8442871587462083,0.732508697332818
models/experiment_58_var_rat_random_3/model7,1820.0,0.8746208291203236,0.7711635098569772
models/experiment_58_var_rat_random_3/model7,1950.0,0.8604651162790697,0.7499033629686896
models/experiment_58_var_rat_random_3/model7,2080.0,0.8705763397371082,0.7282566679551604
models/experiment_58_var_rat_random_3/model7,2210.0,0.884732052578362,0.7707769617317356
models/experiment_58_var_rat_random_3/model7,2340.0,0.8746208291203236,0.7294163123308852
models/experiment_58_var_rat_random_3/model7,2470.0,0.8948432760364005,0.7734827986084267
models/experiment_58_var_rat_random_3/model7,2600.0,0.8918099089989889,0.7707769617317356
models/experiment_58_var_rat_random_3/model7,2730.0,0.8968655207280081,0.7603401623502126
models/experiment_58_var_rat_random_3/model7,2860.0,0.8968655207280081,0.7816003092385002
models/experiment_58_var_rat_random_3/model7,2990.0,0.890798786653185,0.784692694240433
models/experiment_58_var_rat_random_3/model7,3120.0,0.9009100101112234,0.7560881329725551
models/experiment_58_var_rat_random_3/model7,3250.0,0.8958543983822043,0.7777348279860843
models/experiment_58_var_rat_random_3/model7,3380.0,0.8958543983822043,0.7761886354851179
models/experiment_58_var_rat_random_3/model7,3510.0,0.9089989888776542,0.7843061461151913
models/experiment_58_var_rat_random_3/model7,3640.0,0.9211324570273003,0.7614998067259374
models/experiment_58_var_rat_random_3/model4,130.0,0.596562184024267,0.596830305373019
models/experiment_58_var_rat_random_3/model4,260.0,0.5348837209302325,0.5380749903362969
models/experiment_58_var_rat_random_3/model4,390.0,0.6926188068756319,0.655585620409741
models/experiment_58_var_rat_random_3/model4,520.0,0.7300303336703741,0.714340935446463
models/experiment_58_var_rat_random_3/model4,650.0,0.7451971688574317,0.6911480479319675
models/experiment_58_var_rat_random_3/model4,780.0,0.7775530839231547,0.7174333204483958
models/experiment_58_var_rat_random_3/model4,910.0,0.7765419615773509,0.6598376497873986
models/experiment_58_var_rat_random_3/model4,1040.0,0.7906976744186046,0.6412833397758021
models/experiment_58_var_rat_random_3/model4,1170.0,0.8230535894843276,0.7425589485890993
models/experiment_58_var_rat_random_3/model4,1300.0,0.813953488372093,0.7321221492075763
models/experiment_58_var_rat_random_3/model4,1430.0,0.8523761375126391,0.7765751836103595
models/experiment_58_var_rat_random_3/model4,1560.0,0.8574317492416582,0.7417858523386162
models/experiment_58_var_rat_random_3/model4,1690.0,0.8634984833164813,0.7711635098569772
models/experiment_58_var_rat_random_3/model4,1820.0,0.8513650151668352,0.7317356010823347
models/experiment_58_var_rat_random_3/model4,1950.0,0.8604651162790697,0.7696173173560108
models/experiment_58_var_rat_random_3/model4,2080.0,0.8837209302325582,0.741012756088133
models/experiment_58_var_rat_random_3/model4,2210.0,0.8877654196157735,0.7959025898724391
models/experiment_58_var_rat_random_3/model4,2340.0,0.8897876643073812,0.7499033629686896
models/experiment_58_var_rat_random_3/model4,2470.0,0.8958543983822043,0.7866254348666409
models/experiment_58_var_rat_random_3/model4,2600.0,0.8918099089989889,0.7788944723618091
models/experiment_58_var_rat_random_3/model4,2730.0,0.897876643073812,0.7796675686122922
models/experiment_58_var_rat_random_3/model4,2860.0,0.9049544994944388,0.7819868573637417
models/experiment_58_var_rat_random_3/model4,2990.0,0.8988877654196158,0.7707769617317356
models/experiment_58_var_rat_random_3/model4,3120.0,0.8998988877654196,0.7657518361035949
models/experiment_58_var_rat_random_3/model4,3250.0,0.9049544994944388,0.7955160417471975
models/experiment_58_var_rat_random_3/model4,3380.0,0.9079878665318504,0.7761886354851179
models/experiment_58_var_rat_random_3/model4,3510.0,0.9079878665318504,0.7924236567452648
models/experiment_58_var_rat_random_3/model4,3640.0,0.9049544994944388,0.7707769617317356
models/experiment_58_var_rat_random_3/model10,130.0,0.5470171890798786,0.5106300734441438
models/experiment_58_var_rat_random_3/model10,260.0,0.5096056622851365,0.48627754155392344
models/experiment_58_var_rat_random_3/model10,390.0,0.7057633973710818,0.6911480479319675
models/experiment_58_var_rat_random_3/model10,520.0,0.717896865520728,0.7112485504445304
models/experiment_58_var_rat_random_3/model10,650.0,0.737108190091001,0.6756861229223038
models/experiment_58_var_rat_random_3/model10,780.0,0.8068756319514662,0.7603401623502126
models/experiment_58_var_rat_random_3/model10,910.0,0.7967644084934277,0.7050637804406649
models/experiment_58_var_rat_random_3/model10,1040.0,0.8068756319514662,0.7468109779667569
models/experiment_58_var_rat_random_3/model10,1170.0,0.8210313447927199,0.7317356010823347
models/experiment_58_var_rat_random_3/model10,1300.0,0.8200202224469161,0.7529957479706223
models/experiment_58_var_rat_random_3/model10,1430.0,0.8422649140546006,0.7758020873598763
models/experiment_58_var_rat_random_3/model10,1560.0,0.8725985844287159,0.7862388867413993
models/experiment_58_var_rat_random_3/model10,1690.0,0.8452982810920121,0.7560881329725551
models/experiment_58_var_rat_random_3/model10,1820.0,0.8776541961577351,0.7499033629686896
models/experiment_58_var_rat_random_3/model10,1950.0,0.8645096056622852,0.7510630073444143
models/experiment_58_var_rat_random_3/model10,2080.0,0.8705763397371082,0.7642056436026285
models/experiment_58_var_rat_random_3/model10,2210.0,0.8776541961577351,0.7765751836103595
models/experiment_58_var_rat_random_3/model10,2340.0,0.8938321536905965,0.7773482798608427
models/experiment_58_var_rat_random_3/model10,2470.0,0.8928210313447927,0.7595670660997295
models/experiment_58_var_rat_random_3/model10,2600.0,0.9029322548028311,0.7742558948589099
models/experiment_58_var_rat_random_3/model10,2730.0,0.8988877654196158,0.7603401623502126
models/experiment_58_var_rat_random_3/model10,2860.0,0.8887765419615774,0.7727097023579436
models/experiment_58_var_rat_random_3/model10,2990.0,0.8968655207280081,0.7676845767298028
models/experiment_58_var_rat_random_3/model10,3120.0,0.9089989888776542,0.7622729029764206
models/experiment_58_var_rat_random_3/model10,3250.0,0.9069767441860465,0.7920371086200232
models/experiment_58_var_rat_random_3/model10,3380.0,0.9120323559150657,0.7862388867413993
models/experiment_58_var_rat_random_3/model10,3510.0,0.9039433771486349,0.7734827986084267
models/experiment_58_var_rat_random_3/model10,3640.0,0.9130434782608695,0.7796675686122922
models/experiment_58_var_rat_random_3/model2,130.0,0.5500505561172901,0.540780827212988
models/experiment_58_var_rat_random_3/model2,260.0,0.5540950455005056,0.5353691534596057
models/experiment_58_var_rat_random_3/model2,390.0,0.6996966632962589,0.6872825666795516
models/experiment_58_var_rat_random_3/model2,520.0,0.7694641051567239,0.6841901816776189
models/experiment_58_var_rat_random_3/model2,650.0,0.7765419615773509,0.741012756088133
models/experiment_58_var_rat_random_3/model2,780.0,0.7856420626895855,0.7522226517201391
models/experiment_58_var_rat_random_3/model2,910.0,0.7381193124368048,0.6988790104367993
models/experiment_58_var_rat_random_3/model2,1040.0,0.8341759352881699,0.7916505604947816
models/experiment_58_var_rat_random_3/model2,1170.0,0.7896865520728008,0.7023579435639737
models/experiment_58_var_rat_random_3/model2,1300.0,0.840242669362993,0.7661383842288365
models/experiment_58_var_rat_random_3/model2,1430.0,0.8554095045500506,0.7591805179744878
models/experiment_58_var_rat_random_3/model2,1560.0,0.8382204246713852,0.7039041360649401
models/experiment_58_var_rat_random_3/model2,1690.0,0.8291203235591507,0.7263239273289525
models/experiment_58_var_rat_random_3/model2,1820.0,0.865520728008089,0.7696173173560108
models/experiment_58_var_rat_random_3/model2,1950.0,0.8513650151668352,0.7645921917278701
models/experiment_58_var_rat_random_3/model2,2080.0,0.8685540950455005,0.7719366061074604
models/experiment_58_var_rat_random_3/model2,2210.0,0.8705763397371082,0.7758020873598763
models/experiment_58_var_rat_random_3/model2,2340.0,0.8796764408493428,0.7537688442211056
models/experiment_58_var_rat_random_3/model2,2470.0,0.9009100101112234,0.7645921917278701
models/experiment_58_var_rat_random_3/model2,2600.0,0.884732052578362,0.7533822960958639
models/experiment_58_var_rat_random_3/model2,2730.0,0.8928210313447927,0.7522226517201391
models/experiment_58_var_rat_random_3/model2,2860.0,0.9029322548028311,0.7955160417471975
models/experiment_58_var_rat_random_3/model2,2990.0,0.8948432760364005,0.7769617317356011
models/experiment_58_var_rat_random_3/model2,3120.0,0.9019211324570273,0.7734827986084267
models/experiment_58_var_rat_random_3/model2,3250.0,0.8685540950455005,0.7379203710862002
models/experiment_58_var_rat_random_3/model2,3380.0,0.9059656218402427,0.7904909161190569
models/experiment_58_var_rat_random_3/model2,3510.0,0.9140546006066734,0.7788944723618091
models/experiment_58_var_rat_random_3/model2,3640.0,0.9079878665318504,0.7545419404715887
