model_name,num_test_data,valid_acc,eval_acc
models/experiment_51_random_random_3/model3,130.0,0.5207280080889788,0.5148821028218014
models/experiment_51_random_random_3/model3,260.0,0.7037411526794742,0.6609972941631234
models/experiment_51_random_random_3/model3,390.0,0.6996966632962589,0.6656358716660224
models/experiment_51_random_random_3/model3,520.0,0.7512639029322548,0.6459219172787012
models/experiment_51_random_random_3/model3,650.0,0.7836198179979778,0.7417858523386162
models/experiment_51_random_random_3/model3,780.0,0.7947421638018201,0.7611132586006958
models/experiment_51_random_random_3/model3,910.0,0.8129423660262892,0.7584074217240047
models/experiment_51_random_random_3/model3,1040.0,0.8372093023255814,0.7707769617317356
models/experiment_51_random_random_3/model3,1170.0,0.8270980788675429,0.7541553923463471
models/experiment_51_random_random_3/model3,1300.0,0.8523761375126391,0.7657518361035949
models/experiment_51_random_random_3/model3,1430.0,0.8321536905965622,0.7777348279860843
models/experiment_51_random_random_3/model3,1560.0,0.8442871587462083,0.7727097023579436
models/experiment_51_random_random_3/model3,1690.0,0.8473205257836198,0.7634325473521454
models/experiment_51_random_random_3/model3,1820.0,0.871587462082912,0.7839195979899497
models/experiment_51_random_random_3/model3,1950.0,0.8736097067745198,0.7858523386161577
models/experiment_51_random_random_3/model3,2080.0,0.8372093023255814,0.7785079242365675
models/experiment_51_random_random_3/model3,2210.0,0.8665318503538928,0.7294163123308852
models/experiment_51_random_random_3/model3,2340.0,0.8857431749241659,0.7642056436026285
models/experiment_51_random_random_3/model3,2470.0,0.884732052578362,0.7363741785852339
models/experiment_51_random_random_3/model3,2600.0,0.8796764408493428,0.7831465017394665
models/experiment_51_random_random_3/model3,2730.0,0.8857431749241659,0.7812137611132586
models/experiment_51_random_random_3/model3,2860.0,0.8918099089989889,0.759953614224971
models/experiment_51_random_random_3/model3,2990.0,0.8827098078867543,0.7587939698492462
models/experiment_51_random_random_3/model3,3120.0,0.890798786653185,0.7982218786238887
models/experiment_51_random_random_3/model3,3250.0,0.9019211324570273,0.7962891379976808
models/experiment_51_random_random_3/model3,3380.0,0.8988877654196158,0.7823734054889834
models/experiment_51_random_random_3/model3,3510.0,0.8988877654196158,0.7715500579822188
models/experiment_51_random_random_3/model3,3640.0,0.9049544994944388,0.7823734054889834
models/experiment_51_random_random_3/model9,130.0,0.6127401415571284,0.6296868960185543
models/experiment_51_random_random_3/model9,260.0,0.4903943377148635,0.5141090065713181
models/experiment_51_random_random_3/model9,390.0,0.6966632962588474,0.6872825666795516
models/experiment_51_random_random_3/model9,520.0,0.7421638018200202,0.7131812910707384
models/experiment_51_random_random_3/model9,650.0,0.782608695652174,0.7499033629686896
models/experiment_51_random_random_3/model9,780.0,0.8099089989888777,0.7862388867413993
models/experiment_51_random_random_3/model9,910.0,0.8048533872598584,0.7734827986084267
models/experiment_51_random_random_3/model9,1040.0,0.7836198179979778,0.7653652879783533
models/experiment_51_random_random_3/model9,1170.0,0.8281092012133469,0.7746424429841515
models/experiment_51_random_random_3/model9,1300.0,0.8260869565217391,0.7727097023579436
models/experiment_51_random_random_3/model9,1430.0,0.8412537917087968,0.7433320448395825
models/experiment_51_random_random_3/model9,1560.0,0.8341759352881699,0.7885581754928489
models/experiment_51_random_random_3/model9,1690.0,0.8432760364004045,0.7719366061074604
models/experiment_51_random_random_3/model9,1820.0,0.8432760364004045,0.7800541167375338
models/experiment_51_random_random_3/model9,1950.0,0.8584428715874621,0.7614998067259374
models/experiment_51_random_random_3/model9,2080.0,0.8473205257836198,0.7881716273676073
models/experiment_51_random_random_3/model9,2210.0,0.8725985844287159,0.7754155392346347
models/experiment_51_random_random_3/model9,2340.0,0.8675429726996967,0.7858523386161577
models/experiment_51_random_random_3/model9,2470.0,0.8634984833164813,0.7777348279860843
models/experiment_51_random_random_3/model9,2600.0,0.8725985844287159,0.7835330498647082
models/experiment_51_random_random_3/model9,2730.0,0.8736097067745198,0.7649787398531117
models/experiment_51_random_random_3/model9,2860.0,0.8725985844287159,0.7986084267491302
models/experiment_51_random_random_3/model9,2990.0,0.8857431749241659,0.7506764592191728
models/experiment_51_random_random_3/model9,3120.0,0.8867542972699697,0.7866254348666409
models/experiment_51_random_random_3/model9,3250.0,0.890798786653185,0.7630459992269037
models/experiment_51_random_random_3/model9,3380.0,0.884732052578362,0.7862388867413993
models/experiment_51_random_random_3/model9,3510.0,0.8918099089989889,0.7758020873598763
models/experiment_51_random_random_3/model9,3640.0,0.8958543983822043,0.7943563973714728
models/experiment_51_random_random_3/model1,130.0,0.6370070778564206,0.5883262466177039
models/experiment_51_random_random_3/model1,260.0,0.7300303336703741,0.6687282566679552
models/experiment_51_random_random_3/model1,390.0,0.7532861476238625,0.7274835717046773
models/experiment_51_random_random_3/model1,520.0,0.750252780586451,0.7019713954387321
models/experiment_51_random_random_3/model1,650.0,0.7644084934277048,0.7510630073444143
models/experiment_51_random_random_3/model1,780.0,0.7745197168857432,0.7120216466950136
models/experiment_51_random_random_3/model1,910.0,0.8008088978766431,0.7676845767298028
models/experiment_51_random_random_3/model1,1040.0,0.8190091001011123,0.7622729029764206
models/experiment_51_random_random_3/model1,1170.0,0.8311425682507584,0.749516814843448
models/experiment_51_random_random_3/model1,1300.0,0.8351870576339737,0.7649787398531117
models/experiment_51_random_random_3/model1,1430.0,0.8361981799797775,0.7746424429841515
models/experiment_51_random_random_3/model1,1560.0,0.8341759352881699,0.742945496714341
models/experiment_51_random_random_3/model1,1690.0,0.8543983822042467,0.7839195979899497
models/experiment_51_random_random_3/model1,1820.0,0.8503538928210314,0.7773482798608427
models/experiment_51_random_random_3/model1,1950.0,0.865520728008089,0.7761886354851179
models/experiment_51_random_random_3/model1,2080.0,0.871587462082912,0.7788944723618091
models/experiment_51_random_random_3/model1,2210.0,0.8725985844287159,0.7672980286045613
models/experiment_51_random_random_3/model1,2340.0,0.8756319514661274,0.780827212988017
models/experiment_51_random_random_3/model1,2470.0,0.8827098078867543,0.7982218786238887
models/experiment_51_random_random_3/model1,2600.0,0.871587462082912,0.7560881329725551
models/experiment_51_random_random_3/model1,2730.0,0.8736097067745198,0.7700038654812524
models/experiment_51_random_random_3/model1,2860.0,0.8746208291203236,0.7823734054889834
models/experiment_51_random_random_3/model1,2990.0,0.884732052578362,0.7587939698492462
models/experiment_51_random_random_3/model1,3120.0,0.8756319514661274,0.7433320448395825
models/experiment_51_random_random_3/model1,3250.0,0.8685540950455005,0.7510630073444143
models/experiment_51_random_random_3/model1,3380.0,0.8867542972699697,0.7738693467336684
models/experiment_51_random_random_3/model1,3510.0,0.8766430738119313,0.7719366061074604
models/experiment_51_random_random_3/model1,3640.0,0.8897876643073812,0.7680711248550445
models/experiment_51_random_random_3/model6,130.0,0.570273003033367,0.5678391959798995
models/experiment_51_random_random_3/model6,260.0,0.7118301314459049,0.6880556629300348
models/experiment_51_random_random_3/model6,390.0,0.7017189079878665,0.6923076923076923
models/experiment_51_random_random_3/model6,520.0,0.7411526794742164,0.7019713954387321
models/experiment_51_random_random_3/model6,650.0,0.7836198179979778,0.7375338229609586
models/experiment_51_random_random_3/model6,780.0,0.7866531850353893,0.7298028604561267
models/experiment_51_random_random_3/model6,910.0,0.8109201213346815,0.7831465017394665
models/experiment_51_random_random_3/model6,1040.0,0.8179979777553084,0.7568612292230382
models/experiment_51_random_random_3/model6,1170.0,0.8169868554095046,0.7761886354851179
models/experiment_51_random_random_3/model6,1300.0,0.8432760364004045,0.7866254348666409
models/experiment_51_random_random_3/model6,1430.0,0.8321536905965622,0.7460378817162737
models/experiment_51_random_random_3/model6,1560.0,0.8422649140546006,0.7738693467336684
models/experiment_51_random_random_3/model6,1690.0,0.8614762386248737,0.7692307692307693
models/experiment_51_random_random_3/model6,1820.0,0.8574317492416582,0.7692307692307693
models/experiment_51_random_random_3/model6,1950.0,0.8725985844287159,0.7576343254735215
models/experiment_51_random_random_3/model6,2080.0,0.865520728008089,0.7614998067259374
models/experiment_51_random_random_3/model6,2210.0,0.8695652173913043,0.782759953614225
models/experiment_51_random_random_3/model6,2340.0,0.8705763397371082,0.7947429454967143
models/experiment_51_random_random_3/model6,2470.0,0.8614762386248737,0.7634325473521454
models/experiment_51_random_random_3/model6,2600.0,0.8816986855409504,0.7549284885968303
models/experiment_51_random_random_3/model6,2730.0,0.8665318503538928,0.7893312717433321
models/experiment_51_random_random_3/model6,2860.0,0.8867542972699697,0.7812137611132586
models/experiment_51_random_random_3/model6,2990.0,0.8786653185035389,0.7661383842288365
models/experiment_51_random_random_3/model6,3120.0,0.8948432760364005,0.7839195979899497
models/experiment_51_random_random_3/model6,3250.0,0.8796764408493428,0.7877850792423656
models/experiment_51_random_random_3/model6,3380.0,0.884732052578362,0.7897178198685736
models/experiment_51_random_random_3/model6,3510.0,0.8938321536905965,0.7692307692307693
models/experiment_51_random_random_3/model6,3640.0,0.8897876643073812,0.7661383842288365
models/experiment_51_random_random_3/model8,130.0,0.6167846309403437,0.586393505991496
models/experiment_51_random_random_3/model8,260.0,0.5460060667340748,0.5125628140703518
models/experiment_51_random_random_3/model8,390.0,0.5227502527805864,0.4889833784306146
models/experiment_51_random_random_3/model8,520.0,0.7674418604651163,0.7444916892153073
models/experiment_51_random_random_3/model8,650.0,0.7381193124368048,0.7073830691921145
models/experiment_51_random_random_3/model8,780.0,0.7917087967644085,0.7290297642056436
models/experiment_51_random_random_3/model8,910.0,0.8109201213346815,0.7800541167375338
models/experiment_51_random_random_3/model8,1040.0,0.8230535894843276,0.7711635098569772
models/experiment_51_random_random_3/model8,1170.0,0.8311425682507584,0.7885581754928489
models/experiment_51_random_random_3/model8,1300.0,0.8361981799797775,0.7843061461151913
models/experiment_51_random_random_3/model8,1430.0,0.8311425682507584,0.7541553923463471
models/experiment_51_random_random_3/model8,1560.0,0.8533872598584429,0.784692694240433
models/experiment_51_random_random_3/model8,1690.0,0.8341759352881699,0.7885581754928489
models/experiment_51_random_random_3/model8,1820.0,0.8361981799797775,0.7657518361035949
models/experiment_51_random_random_3/model8,1950.0,0.8493427704752275,0.7587939698492462
models/experiment_51_random_random_3/model8,2080.0,0.8412537917087968,0.74758407421724
models/experiment_51_random_random_3/model8,2210.0,0.8543983822042467,0.7603401623502126
models/experiment_51_random_random_3/model8,2340.0,0.8725985844287159,0.7723231542327019
models/experiment_51_random_random_3/model8,2470.0,0.8574317492416582,0.7893312717433321
models/experiment_51_random_random_3/model8,2600.0,0.871587462082912,0.7669114804793197
models/experiment_51_random_random_3/model8,2730.0,0.8897876643073812,0.7758020873598763
models/experiment_51_random_random_3/model8,2860.0,0.8685540950455005,0.7758020873598763
models/experiment_51_random_random_3/model8,2990.0,0.8827098078867543,0.7777348279860843
models/experiment_51_random_random_3/model8,3120.0,0.8776541961577351,0.74758407421724
models/experiment_51_random_random_3/model8,3250.0,0.8816986855409504,0.7754155392346347
models/experiment_51_random_random_3/model8,3380.0,0.8948432760364005,0.784692694240433
models/experiment_51_random_random_3/model8,3510.0,0.8897876643073812,0.759953614224971
models/experiment_51_random_random_3/model8,3640.0,0.8918099089989889,0.7839195979899497
models/experiment_51_random_random_3/model5,130.0,0.6228513650151668,0.6466950135291843
models/experiment_51_random_random_3/model5,260.0,0.6774519716885743,0.6791650560494782
models/experiment_51_random_random_3/model5,390.0,0.7118301314459049,0.6524932354078082
models/experiment_51_random_random_3/model5,520.0,0.7482305358948432,0.7576343254735215
models/experiment_51_random_random_3/model5,650.0,0.7724974721941354,0.7301894085813684
models/experiment_51_random_random_3/model5,780.0,0.7957532861476239,0.7730962504831852
models/experiment_51_random_random_3/model5,910.0,0.8149646107178968,0.7441051410900658
models/experiment_51_random_random_3/model5,1040.0,0.8149646107178968,0.7232315423270197
models/experiment_51_random_random_3/model5,1170.0,0.8119312436804853,0.7479706223424817
models/experiment_51_random_random_3/model5,1300.0,0.8311425682507584,0.7332817935833011
models/experiment_51_random_random_3/model5,1430.0,0.8513650151668352,0.759953614224971
models/experiment_51_random_random_3/model5,1560.0,0.840242669362993,0.74758407421724
models/experiment_51_random_random_3/model5,1690.0,0.846309403437816,0.7645921917278701
models/experiment_51_random_random_3/model5,1820.0,0.8543983822042467,0.7638190954773869
models/experiment_51_random_random_3/model5,1950.0,0.8372093023255814,0.7622729029764206
models/experiment_51_random_random_3/model5,2080.0,0.8483316481294236,0.73057595670661
models/experiment_51_random_random_3/model5,2210.0,0.8614762386248737,0.7638190954773869
models/experiment_51_random_random_3/model5,2340.0,0.8574317492416582,0.7877850792423656
models/experiment_51_random_random_3/model5,2470.0,0.8725985844287159,0.7692307692307693
models/experiment_51_random_random_3/model5,2600.0,0.8634984833164813,0.7522226517201391
models/experiment_51_random_random_3/model5,2730.0,0.8796764408493428,0.758020873598763
models/experiment_51_random_random_3/model5,2860.0,0.871587462082912,0.766524932354078
models/experiment_51_random_random_3/model5,2990.0,0.8938321536905965,0.7730962504831852
models/experiment_51_random_random_3/model5,3120.0,0.8877654196157735,0.7676845767298028
models/experiment_51_random_random_3/model5,3250.0,0.9029322548028311,0.7622729029764206
models/experiment_51_random_random_3/model5,3380.0,0.8918099089989889,0.7738693467336684
models/experiment_51_random_random_3/model5,3510.0,0.8837209302325582,0.7788944723618091
models/experiment_51_random_random_3/model5,3640.0,0.890798786653185,0.7727097023579436
models/experiment_51_random_random_3/model7,130.0,0.5904954499494439,0.5999226903749517
models/experiment_51_random_random_3/model7,260.0,0.698685540950455,0.6830305373018941
models/experiment_51_random_random_3/model7,390.0,0.704752275025278,0.7027444916892153
models/experiment_51_random_random_3/model7,520.0,0.6936299292214358,0.6725937379203711
models/experiment_51_random_random_3/model7,650.0,0.7492416582406471,0.7212988017008117
models/experiment_51_random_random_3/model7,780.0,0.7836198179979778,0.7274835717046773
models/experiment_51_random_random_3/model7,910.0,0.8038422649140546,0.7576343254735215
models/experiment_51_random_random_3/model7,1040.0,0.7977755308392316,0.7224584460765365
models/experiment_51_random_random_3/model7,1170.0,0.782608695652174,0.7247777348279861
models/experiment_51_random_random_3/model7,1300.0,0.8291203235591507,0.7499033629686896
models/experiment_51_random_random_3/model7,1430.0,0.8311425682507584,0.7298028604561267
models/experiment_51_random_random_3/model7,1560.0,0.839231547017189,0.7541553923463471
models/experiment_51_random_random_3/model7,1690.0,0.8554095045500506,0.7785079242365675
models/experiment_51_random_random_3/model7,1820.0,0.8574317492416582,0.7800541167375338
models/experiment_51_random_random_3/model7,1950.0,0.8523761375126391,0.7676845767298028
models/experiment_51_random_random_3/model7,2080.0,0.8604651162790697,0.782759953614225
models/experiment_51_random_random_3/model7,2210.0,0.8614762386248737,0.739080015461925
models/experiment_51_random_random_3/model7,2340.0,0.8614762386248737,0.7622729029764206
models/experiment_51_random_random_3/model7,2470.0,0.8776541961577351,0.7873985311171241
models/experiment_51_random_random_3/model7,2600.0,0.8786653185035389,0.751449555469656
models/experiment_51_random_random_3/model7,2730.0,0.8675429726996967,0.7943563973714728
models/experiment_51_random_random_3/model7,2860.0,0.8736097067745198,0.7959025898724391
models/experiment_51_random_random_3/model7,2990.0,0.8837209302325582,0.7908774642442984
models/experiment_51_random_random_3/model7,3120.0,0.8938321536905965,0.7781213761113258
models/experiment_51_random_random_3/model7,3250.0,0.8867542972699697,0.7645921917278701
models/experiment_51_random_random_3/model7,3380.0,0.8948432760364005,0.7746424429841515
models/experiment_51_random_random_3/model7,3510.0,0.8958543983822043,0.7823734054889834
models/experiment_51_random_random_3/model7,3640.0,0.8968655207280081,0.7672980286045613
models/experiment_51_random_random_3/model4,130.0,0.5308392315470172,0.5063780440664862
models/experiment_51_random_random_3/model4,260.0,0.5338725985844287,0.507537688442211
models/experiment_51_random_random_3/model4,390.0,0.7603640040444893,0.7332817935833011
models/experiment_51_random_random_3/model4,520.0,0.6562184024266936,0.6149980672593738
models/experiment_51_random_random_3/model4,650.0,0.7229524772497472,0.6540394279087747
models/experiment_51_random_random_3/model4,780.0,0.7745197168857432,0.7421724004638578
models/experiment_51_random_random_3/model4,910.0,0.7987866531850354,0.7379203710862002
models/experiment_51_random_random_3/model4,1040.0,0.8119312436804853,0.7236180904522613
models/experiment_51_random_random_3/model4,1170.0,0.8119312436804853,0.7402396598376498
models/experiment_51_random_random_3/model4,1300.0,0.846309403437816,0.766524932354078
models/experiment_51_random_random_3/model4,1430.0,0.8361981799797775,0.7692307692307693
models/experiment_51_random_random_3/model4,1560.0,0.8483316481294236,0.7537688442211056
models/experiment_51_random_random_3/model4,1690.0,0.839231547017189,0.7638190954773869
models/experiment_51_random_random_3/model4,1820.0,0.8624873609706775,0.7642056436026285
models/experiment_51_random_random_3/model4,1950.0,0.8523761375126391,0.7870119829918825
models/experiment_51_random_random_3/model4,2080.0,0.840242669362993,0.7785079242365675
models/experiment_51_random_random_3/model4,2210.0,0.8533872598584429,0.7966756861229223
models/experiment_51_random_random_3/model4,2340.0,0.8594539939332659,0.7765751836103595
models/experiment_51_random_random_3/model4,2470.0,0.8483316481294236,0.7676845767298028
models/experiment_51_random_random_3/model4,2600.0,0.8746208291203236,0.7510630073444143
models/experiment_51_random_random_3/model4,2730.0,0.8675429726996967,0.79126401236954
models/experiment_51_random_random_3/model4,2860.0,0.8725985844287159,0.7866254348666409
models/experiment_51_random_random_3/model4,2990.0,0.8837209302325582,0.7723231542327019
models/experiment_51_random_random_3/model4,3120.0,0.8827098078867543,0.7920371086200232
models/experiment_51_random_random_3/model4,3250.0,0.8776541961577351,0.780827212988017
models/experiment_51_random_random_3/model4,3380.0,0.8867542972699697,0.7630459992269037
models/experiment_51_random_random_3/model4,3510.0,0.8938321536905965,0.7634325473521454
models/experiment_51_random_random_3/model4,3640.0,0.8958543983822043,0.7843061461151913
models/experiment_51_random_random_3/model10,130.0,0.5227502527805864,0.5148821028218014
models/experiment_51_random_random_3/model10,260.0,0.5530839231547017,0.5593351372245845
models/experiment_51_random_random_3/model10,390.0,0.7098078867542973,0.6695013529184384
models/experiment_51_random_random_3/model10,520.0,0.7735085945399394,0.7147274835717047
models/experiment_51_random_random_3/model10,650.0,0.750252780586451,0.7386934673366834
models/experiment_51_random_random_3/model10,780.0,0.7896865520728008,0.7444916892153073
models/experiment_51_random_random_3/model10,910.0,0.8200202224469161,0.7777348279860843
models/experiment_51_random_random_3/model10,1040.0,0.8250758341759353,0.7669114804793197
models/experiment_51_random_random_3/model10,1170.0,0.8361981799797775,0.7603401623502126
models/experiment_51_random_random_3/model10,1300.0,0.8513650151668352,0.7901043679938152
models/experiment_51_random_random_3/model10,1430.0,0.8483316481294236,0.7785079242365675
models/experiment_51_random_random_3/model10,1560.0,0.8584428715874621,0.7676845767298028
models/experiment_51_random_random_3/model10,1690.0,0.8554095045500506,0.780827212988017
models/experiment_51_random_random_3/model10,1820.0,0.8584428715874621,0.7510630073444143
models/experiment_51_random_random_3/model10,1950.0,0.8412537917087968,0.7471975260919984
models/experiment_51_random_random_3/model10,2080.0,0.8665318503538928,0.7611132586006958
models/experiment_51_random_random_3/model10,2210.0,0.8604651162790697,0.7386934673366834
models/experiment_51_random_random_3/model10,2340.0,0.871587462082912,0.7947429454967143
models/experiment_51_random_random_3/model10,2470.0,0.8665318503538928,0.8028604561267878
models/experiment_51_random_random_3/model10,2600.0,0.884732052578362,0.7877850792423656
models/experiment_51_random_random_3/model10,2730.0,0.8816986855409504,0.801700811751063
models/experiment_51_random_random_3/model10,2860.0,0.8746208291203236,0.7839195979899497
models/experiment_51_random_random_3/model10,2990.0,0.8877654196157735,0.7785079242365675
models/experiment_51_random_random_3/model10,3120.0,0.8806875631951466,0.7622729029764206
models/experiment_51_random_random_3/model10,3250.0,0.8837209302325582,0.7881716273676073
models/experiment_51_random_random_3/model10,3380.0,0.884732052578362,0.7966756861229223
models/experiment_51_random_random_3/model10,3510.0,0.890798786653185,0.7920371086200232
models/experiment_51_random_random_3/model10,3640.0,0.8887765419615774,0.7572477773482799
models/experiment_51_random_random_3/model2,130.0,0.6956521739130435,0.6675686122922304
models/experiment_51_random_random_3/model2,260.0,0.5399393326592518,0.5206803247004252
models/experiment_51_random_random_3/model2,390.0,0.737108190091001,0.699265558562041
models/experiment_51_random_random_3/model2,520.0,0.7462082912032356,0.7054503285659065
models/experiment_51_random_random_3/model2,650.0,0.7421638018200202,0.7270970235794356
models/experiment_51_random_random_3/model2,780.0,0.7967644084934277,0.7255508310784693
models/experiment_51_random_random_3/model2,910.0,0.8038422649140546,0.7437185929648241
models/experiment_51_random_random_3/model2,1040.0,0.8260869565217391,0.7359876304599923
models/experiment_51_random_random_3/model2,1170.0,0.8291203235591507,0.7765751836103595
models/experiment_51_random_random_3/model2,1300.0,0.8240647118301314,0.7800541167375338
models/experiment_51_random_random_3/model2,1430.0,0.840242669362993,0.7812137611132586
models/experiment_51_random_random_3/model2,1560.0,0.8614762386248737,0.795129493621956
models/experiment_51_random_random_3/model2,1690.0,0.8473205257836198,0.782759953614225
models/experiment_51_random_random_3/model2,1820.0,0.846309403437816,0.7754155392346347
models/experiment_51_random_random_3/model2,1950.0,0.8594539939332659,0.7742558948589099
models/experiment_51_random_random_3/model2,2080.0,0.8645096056622852,0.7908774642442984
models/experiment_51_random_random_3/model2,2210.0,0.8725985844287159,0.7622729029764206
models/experiment_51_random_random_3/model2,2340.0,0.8645096056622852,0.7576343254735215
models/experiment_51_random_random_3/model2,2470.0,0.8806875631951466,0.7607267104754541
models/experiment_51_random_random_3/model2,2600.0,0.8756319514661274,0.7711635098569772
models/experiment_51_random_random_3/model2,2730.0,0.8695652173913043,0.782759953614225
models/experiment_51_random_random_3/model2,2860.0,0.8918099089989889,0.7777348279860843
models/experiment_51_random_random_3/model2,2990.0,0.8786653185035389,0.7788944723618091
models/experiment_51_random_random_3/model2,3120.0,0.9009100101112234,0.7873985311171241
models/experiment_51_random_random_3/model2,3250.0,0.8938321536905965,0.7889447236180904
models/experiment_51_random_random_3/model2,3380.0,0.884732052578362,0.7742558948589099
models/experiment_51_random_random_3/model2,3510.0,0.8968655207280081,0.7754155392346347
models/experiment_51_random_random_3/model2,3640.0,0.8928210313447927,0.7711635098569772
