model_name,num_test_data,valid_acc,eval_acc
models/experiment_68_var_rat_random_13/model3,130.0,0.5205314009661836,0.551056338028169
models/experiment_68_var_rat_random_13/model3,260.0,0.6521739130434783,0.6690140845070423
models/experiment_68_var_rat_random_13/model3,390.0,0.7010869565217391,0.7007042253521126
models/experiment_68_var_rat_random_13/model3,520.0,0.6696859903381642,0.647887323943662
models/experiment_68_var_rat_random_13/model3,650.0,0.7518115942028986,0.7095070422535211
models/experiment_68_var_rat_random_13/model3,780.0,0.7415458937198067,0.7183098591549296
models/experiment_68_var_rat_random_13/model3,910.0,0.7548309178743962,0.698943661971831
models/experiment_68_var_rat_random_13/model3,1040.0,0.7379227053140096,0.7095070422535211
models/experiment_68_var_rat_random_13/model3,1170.0,0.8115942028985508,0.7552816901408451
models/experiment_68_var_rat_random_13/model3,1300.0,0.7753623188405797,0.7711267605633803
models/experiment_68_var_rat_random_13/model3,1430.0,0.8085748792270532,0.7764084507042254
models/experiment_68_var_rat_random_13/model3,1560.0,0.8128019323671497,0.7605633802816901
models/experiment_68_var_rat_random_13/model3,1690.0,0.8164251207729468,0.7623239436619719
models/experiment_68_var_rat_random_13/model3,1820.0,0.8200483091787439,0.772887323943662
models/experiment_68_var_rat_random_13/model3,1950.0,0.836352657004831,0.772887323943662
models/experiment_68_var_rat_random_13/model3,2080.0,0.8611111111111112,0.7552816901408451
models/experiment_68_var_rat_random_13/model3,2210.0,0.8417874396135265,0.772887323943662
models/experiment_68_var_rat_random_13/model3,2340.0,0.839975845410628,0.7799295774647887
models/experiment_68_var_rat_random_13/model3,2470.0,0.8429951690821256,0.7429577464788732
models/experiment_68_var_rat_random_13/model3,2600.0,0.8490338164251208,0.7482394366197183
models/experiment_68_var_rat_random_13/model3,2730.0,0.8484299516908212,0.772887323943662
models/experiment_68_var_rat_random_13/model3,2860.0,0.8725845410628019,0.7887323943661971
models/experiment_68_var_rat_random_13/model3,2990.0,0.8731884057971014,0.7799295774647887
models/experiment_68_var_rat_random_13/model3,3120.0,0.8532608695652174,0.7200704225352113
models/experiment_68_var_rat_random_13/model3,3250.0,0.8756038647342995,0.7975352112676056
models/experiment_68_var_rat_random_13/model3,3380.0,0.8707729468599034,0.7799295774647887
models/experiment_68_var_rat_random_13/model3,3510.0,0.8743961352657005,0.7711267605633803
models/experiment_68_var_rat_random_13/model3,3640.0,0.8798309178743962,0.7640845070422535
models/experiment_68_var_rat_random_13/model3,3770.0,0.8840579710144928,0.7658450704225352
models/experiment_68_var_rat_random_13/model3,3900.0,0.9051932367149759,0.7940140845070423
models/experiment_68_var_rat_random_13/model3,4030.0,0.8894927536231884,0.7764084507042254
models/experiment_68_var_rat_random_13/model3,4160.0,0.8985507246376812,0.7447183098591549
models/experiment_68_var_rat_random_13/model3,4290.0,0.9045893719806763,0.7764084507042254
models/experiment_68_var_rat_random_13/model3,4420.0,0.8931159420289855,0.7464788732394366
models/experiment_68_var_rat_random_13/model3,4550.0,0.8792270531400966,0.7711267605633803
models/experiment_68_var_rat_random_13/model3,4680.0,0.9033816425120773,0.7834507042253521
models/experiment_68_var_rat_random_13/model9,130.0,0.5380434782608695,0.5246478873239436
models/experiment_68_var_rat_random_13/model9,260.0,0.7059178743961353,0.698943661971831
models/experiment_68_var_rat_random_13/model9,390.0,0.7004830917874396,0.7007042253521126
models/experiment_68_var_rat_random_13/model9,520.0,0.6763285024154589,0.6161971830985915
models/experiment_68_var_rat_random_13/model9,650.0,0.7288647342995169,0.698943661971831
models/experiment_68_var_rat_random_13/model9,780.0,0.7518115942028986,0.7253521126760564
models/experiment_68_var_rat_random_13/model9,910.0,0.7542270531400966,0.7183098591549296
models/experiment_68_var_rat_random_13/model9,1040.0,0.7777777777777778,0.7394366197183099
models/experiment_68_var_rat_random_13/model9,1170.0,0.7457729468599034,0.7288732394366197
models/experiment_68_var_rat_random_13/model9,1300.0,0.8007246376811594,0.7447183098591549
models/experiment_68_var_rat_random_13/model9,1430.0,0.7657004830917874,0.7059859154929577
models/experiment_68_var_rat_random_13/model9,1560.0,0.7614734299516909,0.7059859154929577
models/experiment_68_var_rat_random_13/model9,1690.0,0.8061594202898551,0.7887323943661971
models/experiment_68_var_rat_random_13/model9,1820.0,0.8049516908212561,0.7517605633802817
models/experiment_68_var_rat_random_13/model9,1950.0,0.8291062801932367,0.7887323943661971
models/experiment_68_var_rat_random_13/model9,2080.0,0.8134057971014492,0.7411971830985915
models/experiment_68_var_rat_random_13/model9,2210.0,0.8019323671497585,0.7341549295774648
models/experiment_68_var_rat_random_13/model9,2340.0,0.8429951690821256,0.7447183098591549
models/experiment_68_var_rat_random_13/model9,2470.0,0.8532608695652174,0.7869718309859155
models/experiment_68_var_rat_random_13/model9,2600.0,0.8520531400966184,0.7764084507042254
models/experiment_68_var_rat_random_13/model9,2730.0,0.8617149758454107,0.7816901408450704
models/experiment_68_var_rat_random_13/model9,2860.0,0.8435990338164251,0.7517605633802817
models/experiment_68_var_rat_random_13/model9,2990.0,0.8659420289855072,0.7517605633802817
models/experiment_68_var_rat_random_13/model9,3120.0,0.876207729468599,0.7816901408450704
models/experiment_68_var_rat_random_13/model9,3250.0,0.873792270531401,0.7711267605633803
models/experiment_68_var_rat_random_13/model9,3380.0,0.873792270531401,0.7904929577464789
models/experiment_68_var_rat_random_13/model9,3510.0,0.8876811594202898,0.7623239436619719
models/experiment_68_var_rat_random_13/model9,3640.0,0.8810386473429952,0.7816901408450704
models/experiment_68_var_rat_random_13/model9,3770.0,0.8707729468599034,0.7552816901408451
models/experiment_68_var_rat_random_13/model9,3900.0,0.8743961352657005,0.7482394366197183
models/experiment_68_var_rat_random_13/model9,4030.0,0.8955314009661836,0.7904929577464789
models/experiment_68_var_rat_random_13/model9,4160.0,0.8882850241545893,0.7852112676056338
models/experiment_68_var_rat_random_13/model9,4290.0,0.8804347826086957,0.7623239436619719
models/experiment_68_var_rat_random_13/model9,4420.0,0.892512077294686,0.7623239436619719
models/experiment_68_var_rat_random_13/model9,4550.0,0.9027777777777778,0.7904929577464789
models/experiment_68_var_rat_random_13/model9,4680.0,0.8955314009661836,0.7852112676056338
models/experiment_68_var_rat_random_13/model1,130.0,0.4969806763285024,0.4876760563380282
models/experiment_68_var_rat_random_13/model1,260.0,0.5,0.49295774647887325
models/experiment_68_var_rat_random_13/model1,390.0,0.7101449275362319,0.6830985915492958
models/experiment_68_var_rat_random_13/model1,520.0,0.7506038647342995,0.7095070422535211
models/experiment_68_var_rat_random_13/model1,650.0,0.7759661835748792,0.75
models/experiment_68_var_rat_random_13/model1,780.0,0.7644927536231884,0.7447183098591549
models/experiment_68_var_rat_random_13/model1,910.0,0.7832125603864735,0.75
models/experiment_68_var_rat_random_13/model1,1040.0,0.785024154589372,0.7482394366197183
models/experiment_68_var_rat_random_13/model1,1170.0,0.7940821256038647,0.7482394366197183
models/experiment_68_var_rat_random_13/model1,1300.0,0.7916666666666666,0.7429577464788732
models/experiment_68_var_rat_random_13/model1,1430.0,0.7989130434782609,0.7869718309859155
models/experiment_68_var_rat_random_13/model1,1560.0,0.841183574879227,0.7799295774647887
models/experiment_68_var_rat_random_13/model1,1690.0,0.8152173913043478,0.7588028169014085
models/experiment_68_var_rat_random_13/model1,1820.0,0.8303140096618358,0.7605633802816901
models/experiment_68_var_rat_random_13/model1,1950.0,0.8260869565217391,0.778169014084507
models/experiment_68_var_rat_random_13/model1,2080.0,0.8472222222222222,0.7640845070422535
models/experiment_68_var_rat_random_13/model1,2210.0,0.8538647342995169,0.7711267605633803
models/experiment_68_var_rat_random_13/model1,2340.0,0.8502415458937198,0.75
models/experiment_68_var_rat_random_13/model1,2470.0,0.8327294685990339,0.7552816901408451
models/experiment_68_var_rat_random_13/model1,2600.0,0.8683574879227053,0.7746478873239436
models/experiment_68_var_rat_random_13/model1,2730.0,0.8683574879227053,0.7517605633802817
models/experiment_68_var_rat_random_13/model1,2860.0,0.8514492753623188,0.7676056338028169
models/experiment_68_var_rat_random_13/model1,2990.0,0.8641304347826086,0.7658450704225352
models/experiment_68_var_rat_random_13/model1,3120.0,0.8864734299516909,0.7570422535211268
models/experiment_68_var_rat_random_13/model1,3250.0,0.8985507246376812,0.7834507042253521
models/experiment_68_var_rat_random_13/model1,3380.0,0.8846618357487923,0.7816901408450704
models/experiment_68_var_rat_random_13/model1,3510.0,0.8707729468599034,0.7552816901408451
models/experiment_68_var_rat_random_13/model1,3640.0,0.8870772946859904,0.7693661971830986
models/experiment_68_var_rat_random_13/model1,3770.0,0.8665458937198067,0.7588028169014085
models/experiment_68_var_rat_random_13/model1,3900.0,0.8798309178743962,0.7588028169014085
models/experiment_68_var_rat_random_13/model1,4030.0,0.8876811594202898,0.7623239436619719
models/experiment_68_var_rat_random_13/model1,4160.0,0.892512077294686,0.7869718309859155
models/experiment_68_var_rat_random_13/model1,4290.0,0.892512077294686,0.772887323943662
models/experiment_68_var_rat_random_13/model1,4420.0,0.8864734299516909,0.7869718309859155
models/experiment_68_var_rat_random_13/model1,4550.0,0.893719806763285,0.7869718309859155
models/experiment_68_var_rat_random_13/model1,4680.0,0.9045893719806763,0.7975352112676056
models/experiment_68_var_rat_random_13/model6,130.0,0.4969806763285024,0.4859154929577465
models/experiment_68_var_rat_random_13/model6,260.0,0.5567632850241546,0.5580985915492958
models/experiment_68_var_rat_random_13/model6,390.0,0.5700483091787439,0.5580985915492958
models/experiment_68_var_rat_random_13/model6,520.0,0.7210144927536232,0.7253521126760564
models/experiment_68_var_rat_random_13/model6,650.0,0.7620772946859904,0.7200704225352113
models/experiment_68_var_rat_random_13/model6,780.0,0.7451690821256038,0.727112676056338
models/experiment_68_var_rat_random_13/model6,910.0,0.7560386473429952,0.7130281690140845
models/experiment_68_var_rat_random_13/model6,1040.0,0.8091787439613527,0.7711267605633803
models/experiment_68_var_rat_random_13/model6,1170.0,0.783816425120773,0.7183098591549296
models/experiment_68_var_rat_random_13/model6,1300.0,0.8170289855072463,0.7676056338028169
models/experiment_68_var_rat_random_13/model6,1430.0,0.8146135265700483,0.7552816901408451
models/experiment_68_var_rat_random_13/model6,1560.0,0.821256038647343,0.7605633802816901
models/experiment_68_var_rat_random_13/model6,1690.0,0.8115942028985508,0.7376760563380281
models/experiment_68_var_rat_random_13/model6,1820.0,0.841183574879227,0.7464788732394366
models/experiment_68_var_rat_random_13/model6,1950.0,0.822463768115942,0.7816901408450704
models/experiment_68_var_rat_random_13/model6,2080.0,0.8599033816425121,0.7940140845070423
models/experiment_68_var_rat_random_13/model6,2210.0,0.8544685990338164,0.7992957746478874
models/experiment_68_var_rat_random_13/model6,2340.0,0.8544685990338164,0.7711267605633803
models/experiment_68_var_rat_random_13/model6,2470.0,0.8707729468599034,0.7623239436619719
models/experiment_68_var_rat_random_13/model6,2600.0,0.8484299516908212,0.7693661971830986
models/experiment_68_var_rat_random_13/model6,2730.0,0.8659420289855072,0.7658450704225352
models/experiment_68_var_rat_random_13/model6,2860.0,0.8544685990338164,0.7922535211267606
models/experiment_68_var_rat_random_13/model6,2990.0,0.8900966183574879,0.7623239436619719
models/experiment_68_var_rat_random_13/model6,3120.0,0.8852657004830918,0.7764084507042254
models/experiment_68_var_rat_random_13/model6,3250.0,0.8731884057971014,0.7623239436619719
models/experiment_68_var_rat_random_13/model6,3380.0,0.8798309178743962,0.7852112676056338
models/experiment_68_var_rat_random_13/model6,3510.0,0.856280193236715,0.7447183098591549
models/experiment_68_var_rat_random_13/model6,3640.0,0.8876811594202898,0.7535211267605634
models/experiment_68_var_rat_random_13/model6,3770.0,0.907608695652174,0.7799295774647887
models/experiment_68_var_rat_random_13/model6,3900.0,0.892512077294686,0.7640845070422535
models/experiment_68_var_rat_random_13/model6,4030.0,0.8653381642512077,0.7517605633802817
models/experiment_68_var_rat_random_13/model6,4160.0,0.8991545893719807,0.7588028169014085
models/experiment_68_var_rat_random_13/model6,4290.0,0.8997584541062802,0.7852112676056338
models/experiment_68_var_rat_random_13/model6,4420.0,0.9118357487922706,0.7552816901408451
models/experiment_68_var_rat_random_13/model6,4550.0,0.9051932367149759,0.7904929577464789
models/experiment_68_var_rat_random_13/model6,4680.0,0.9039855072463768,0.7711267605633803
models/experiment_68_var_rat_random_13/model8,130.0,0.5096618357487923,0.5475352112676056
models/experiment_68_var_rat_random_13/model8,260.0,0.5766908212560387,0.5440140845070423
models/experiment_68_var_rat_random_13/model8,390.0,0.7246376811594203,0.7130281690140845
models/experiment_68_var_rat_random_13/model8,520.0,0.7016908212560387,0.6971830985915493
models/experiment_68_var_rat_random_13/model8,650.0,0.7355072463768116,0.7130281690140845
models/experiment_68_var_rat_random_13/model8,780.0,0.7777777777777778,0.7165492957746479
models/experiment_68_var_rat_random_13/model8,910.0,0.7795893719806763,0.7482394366197183
models/experiment_68_var_rat_random_13/model8,1040.0,0.7572463768115942,0.7235915492957746
models/experiment_68_var_rat_random_13/model8,1170.0,0.8061594202898551,0.7764084507042254
models/experiment_68_var_rat_random_13/model8,1300.0,0.8128019323671497,0.7482394366197183
models/experiment_68_var_rat_random_13/model8,1430.0,0.8140096618357487,0.7711267605633803
models/experiment_68_var_rat_random_13/model8,1560.0,0.8278985507246377,0.7376760563380281
models/experiment_68_var_rat_random_13/model8,1690.0,0.8218599033816425,0.7588028169014085
models/experiment_68_var_rat_random_13/model8,1820.0,0.8103864734299517,0.7200704225352113
models/experiment_68_var_rat_random_13/model8,1950.0,0.8520531400966184,0.7535211267605634
models/experiment_68_var_rat_random_13/model8,2080.0,0.8532608695652174,0.7588028169014085
models/experiment_68_var_rat_random_13/model8,2210.0,0.8339371980676329,0.7429577464788732
models/experiment_68_var_rat_random_13/model8,2340.0,0.8526570048309179,0.7570422535211268
models/experiment_68_var_rat_random_13/model8,2470.0,0.8756038647342995,0.7658450704225352
models/experiment_68_var_rat_random_13/model8,2600.0,0.8496376811594203,0.7693661971830986
models/experiment_68_var_rat_random_13/model8,2730.0,0.8526570048309179,0.772887323943662
models/experiment_68_var_rat_random_13/model8,2860.0,0.8671497584541062,0.7676056338028169
models/experiment_68_var_rat_random_13/model8,2990.0,0.8671497584541062,0.7693661971830986
models/experiment_68_var_rat_random_13/model8,3120.0,0.8828502415458938,0.7816901408450704
models/experiment_68_var_rat_random_13/model8,3250.0,0.8888888888888888,0.7711267605633803
models/experiment_68_var_rat_random_13/model8,3380.0,0.8894927536231884,0.7517605633802817
models/experiment_68_var_rat_random_13/model8,3510.0,0.8780193236714976,0.7517605633802817
models/experiment_68_var_rat_random_13/model8,3640.0,0.875,0.7711267605633803
models/experiment_68_var_rat_random_13/model8,3770.0,0.875,0.7464788732394366
models/experiment_68_var_rat_random_13/model8,3900.0,0.8725845410628019,0.778169014084507
models/experiment_68_var_rat_random_13/model8,4030.0,0.8834541062801933,0.7535211267605634
models/experiment_68_var_rat_random_13/model8,4160.0,0.9082125603864735,0.7904929577464789
models/experiment_68_var_rat_random_13/model8,4290.0,0.9064009661835749,0.7764084507042254
models/experiment_68_var_rat_random_13/model8,4420.0,0.8919082125603864,0.7640845070422535
models/experiment_68_var_rat_random_13/model8,4550.0,0.8991545893719807,0.7676056338028169
models/experiment_68_var_rat_random_13/model8,4680.0,0.8967391304347826,0.7852112676056338
models/experiment_68_var_rat_random_13/model5,130.0,0.5229468599033816,0.545774647887324
models/experiment_68_var_rat_random_13/model5,260.0,0.6509661835748792,0.6690140845070423
models/experiment_68_var_rat_random_13/model5,390.0,0.6908212560386473,0.6584507042253521
models/experiment_68_var_rat_random_13/model5,520.0,0.6890096618357487,0.6549295774647887
models/experiment_68_var_rat_random_13/model5,650.0,0.7403381642512077,0.7095070422535211
models/experiment_68_var_rat_random_13/model5,780.0,0.7536231884057971,0.704225352112676
models/experiment_68_var_rat_random_13/model5,910.0,0.7681159420289855,0.7112676056338029
models/experiment_68_var_rat_random_13/model5,1040.0,0.7427536231884058,0.7183098591549296
models/experiment_68_var_rat_random_13/model5,1170.0,0.7989130434782609,0.7535211267605634
models/experiment_68_var_rat_random_13/model5,1300.0,0.782608695652174,0.7552816901408451
models/experiment_68_var_rat_random_13/model5,1430.0,0.8146135265700483,0.7887323943661971
models/experiment_68_var_rat_random_13/model5,1560.0,0.7904589371980676,0.7746478873239436
models/experiment_68_var_rat_random_13/model5,1690.0,0.8254830917874396,0.801056338028169
models/experiment_68_var_rat_random_13/model5,1820.0,0.8085748792270532,0.7535211267605634
models/experiment_68_var_rat_random_13/model5,1950.0,0.8472222222222222,0.7605633802816901
models/experiment_68_var_rat_random_13/model5,2080.0,0.8544685990338164,0.7764084507042254
models/experiment_68_var_rat_random_13/model5,2210.0,0.8665458937198067,0.7746478873239436
models/experiment_68_var_rat_random_13/model5,2340.0,0.8556763285024155,0.795774647887324
models/experiment_68_var_rat_random_13/model5,2470.0,0.821256038647343,0.7711267605633803
models/experiment_68_var_rat_random_13/model5,2600.0,0.8405797101449275,0.7676056338028169
models/experiment_68_var_rat_random_13/model5,2730.0,0.8514492753623188,0.7834507042253521
models/experiment_68_var_rat_random_13/model5,2860.0,0.8683574879227053,0.795774647887324
models/experiment_68_var_rat_random_13/model5,2990.0,0.8671497584541062,0.7764084507042254
models/experiment_68_var_rat_random_13/model5,3120.0,0.8466183574879227,0.7535211267605634
models/experiment_68_var_rat_random_13/model5,3250.0,0.8683574879227053,0.7904929577464789
models/experiment_68_var_rat_random_13/model5,3380.0,0.8683574879227053,0.7640845070422535
models/experiment_68_var_rat_random_13/model5,3510.0,0.8919082125603864,0.801056338028169
models/experiment_68_var_rat_random_13/model5,3640.0,0.8858695652173914,0.7746478873239436
models/experiment_68_var_rat_random_13/model5,3770.0,0.8617149758454107,0.7359154929577465
models/experiment_68_var_rat_random_13/model5,3900.0,0.8816425120772947,0.7799295774647887
models/experiment_68_var_rat_random_13/model5,4030.0,0.8840579710144928,0.8028169014084507
models/experiment_68_var_rat_random_13/model5,4160.0,0.8846618357487923,0.7676056338028169
models/experiment_68_var_rat_random_13/model5,4290.0,0.8985507246376812,0.7711267605633803
models/experiment_68_var_rat_random_13/model5,4420.0,0.8792270531400966,0.772887323943662
models/experiment_68_var_rat_random_13/model5,4550.0,0.8864734299516909,0.7834507042253521
models/experiment_68_var_rat_random_13/model5,4680.0,0.8973429951690821,0.8045774647887324
models/experiment_68_var_rat_random_13/model7,130.0,0.5501207729468599,0.5088028169014085
models/experiment_68_var_rat_random_13/model7,260.0,0.5211352657004831,0.551056338028169
models/experiment_68_var_rat_random_13/model7,390.0,0.7379227053140096,0.7253521126760564
models/experiment_68_var_rat_random_13/model7,520.0,0.7397342995169082,0.7077464788732394
models/experiment_68_var_rat_random_13/model7,650.0,0.7083333333333334,0.6954225352112676
models/experiment_68_var_rat_random_13/model7,780.0,0.7192028985507246,0.7112676056338029
models/experiment_68_var_rat_random_13/model7,910.0,0.7814009661835749,0.7323943661971831
models/experiment_68_var_rat_random_13/model7,1040.0,0.7898550724637681,0.7429577464788732
models/experiment_68_var_rat_random_13/model7,1170.0,0.7650966183574879,0.7200704225352113
models/experiment_68_var_rat_random_13/model7,1300.0,0.7868357487922706,0.7552816901408451
models/experiment_68_var_rat_random_13/model7,1430.0,0.7989130434782609,0.7394366197183099
models/experiment_68_var_rat_random_13/model7,1560.0,0.8103864734299517,0.7658450704225352
models/experiment_68_var_rat_random_13/model7,1690.0,0.8309178743961353,0.772887323943662
models/experiment_68_var_rat_random_13/model7,1820.0,0.8218599033816425,0.778169014084507
models/experiment_68_var_rat_random_13/model7,1950.0,0.8266908212560387,0.7693661971830986
models/experiment_68_var_rat_random_13/model7,2080.0,0.8556763285024155,0.7623239436619719
models/experiment_68_var_rat_random_13/model7,2210.0,0.8375603864734299,0.7869718309859155
models/experiment_68_var_rat_random_13/model7,2340.0,0.8611111111111112,0.7605633802816901
models/experiment_68_var_rat_random_13/model7,2470.0,0.8285024154589372,0.7676056338028169
models/experiment_68_var_rat_random_13/model7,2600.0,0.8435990338164251,0.7605633802816901
models/experiment_68_var_rat_random_13/model7,2730.0,0.8556763285024155,0.772887323943662
models/experiment_68_var_rat_random_13/model7,2860.0,0.8683574879227053,0.7605633802816901
models/experiment_68_var_rat_random_13/model7,2990.0,0.8617149758454107,0.7852112676056338
models/experiment_68_var_rat_random_13/model7,3120.0,0.876207729468599,0.7922535211267606
models/experiment_68_var_rat_random_13/model7,3250.0,0.876207729468599,0.7834507042253521
models/experiment_68_var_rat_random_13/model7,3380.0,0.8798309178743962,0.7605633802816901
models/experiment_68_var_rat_random_13/model7,3510.0,0.8774154589371981,0.8080985915492958
models/experiment_68_var_rat_random_13/model7,3640.0,0.8605072463768116,0.7605633802816901
models/experiment_68_var_rat_random_13/model7,3770.0,0.893719806763285,0.7746478873239436
models/experiment_68_var_rat_random_13/model7,3900.0,0.8774154589371981,0.7799295774647887
models/experiment_68_var_rat_random_13/model7,4030.0,0.9057971014492754,0.7623239436619719
models/experiment_68_var_rat_random_13/model7,4160.0,0.8719806763285024,0.7869718309859155
models/experiment_68_var_rat_random_13/model7,4290.0,0.8931159420289855,0.778169014084507
models/experiment_68_var_rat_random_13/model7,4420.0,0.8961352657004831,0.7658450704225352
models/experiment_68_var_rat_random_13/model7,4550.0,0.9070048309178744,0.7640845070422535
models/experiment_68_var_rat_random_13/model7,4680.0,0.9051932367149759,0.7887323943661971
models/experiment_68_var_rat_random_13/model4,130.0,0.5036231884057971,0.5140845070422535
models/experiment_68_var_rat_random_13/model4,260.0,0.6153381642512077,0.5950704225352113
models/experiment_68_var_rat_random_13/model4,390.0,0.6884057971014492,0.6637323943661971
models/experiment_68_var_rat_random_13/model4,520.0,0.7469806763285024,0.7323943661971831
models/experiment_68_var_rat_random_13/model4,650.0,0.7632850241545893,0.7323943661971831
models/experiment_68_var_rat_random_13/model4,780.0,0.7711352657004831,0.7376760563380281
models/experiment_68_var_rat_random_13/model4,910.0,0.7427536231884058,0.7200704225352113
models/experiment_68_var_rat_random_13/model4,1040.0,0.7735507246376812,0.7570422535211268
models/experiment_68_var_rat_random_13/model4,1170.0,0.8001207729468599,0.7464788732394366
models/experiment_68_var_rat_random_13/model4,1300.0,0.8019323671497585,0.7588028169014085
models/experiment_68_var_rat_random_13/model4,1430.0,0.8158212560386473,0.7693661971830986
models/experiment_68_var_rat_random_13/model4,1560.0,0.7844202898550725,0.7306338028169014
models/experiment_68_var_rat_random_13/model4,1690.0,0.7958937198067633,0.7341549295774648
models/experiment_68_var_rat_random_13/model4,1820.0,0.8375603864734299,0.772887323943662
models/experiment_68_var_rat_random_13/model4,1950.0,0.8435990338164251,0.7447183098591549
models/experiment_68_var_rat_random_13/model4,2080.0,0.8321256038647343,0.7588028169014085
models/experiment_68_var_rat_random_13/model4,2210.0,0.8381642512077294,0.7552816901408451
models/experiment_68_var_rat_random_13/model4,2340.0,0.855072463768116,0.7605633802816901
models/experiment_68_var_rat_random_13/model4,2470.0,0.8508454106280193,0.7552816901408451
models/experiment_68_var_rat_random_13/model4,2600.0,0.8526570048309179,0.75
models/experiment_68_var_rat_random_13/model4,2730.0,0.842391304347826,0.7200704225352113
models/experiment_68_var_rat_random_13/model4,2860.0,0.8520531400966184,0.7588028169014085
models/experiment_68_var_rat_random_13/model4,2990.0,0.8592995169082126,0.7588028169014085
models/experiment_68_var_rat_random_13/model4,3120.0,0.8496376811594203,0.7429577464788732
models/experiment_68_var_rat_random_13/model4,3250.0,0.8743961352657005,0.772887323943662
models/experiment_68_var_rat_random_13/model4,3380.0,0.8743961352657005,0.7623239436619719
models/experiment_68_var_rat_random_13/model4,3510.0,0.8725845410628019,0.772887323943662
models/experiment_68_var_rat_random_13/model4,3640.0,0.873792270531401,0.7535211267605634
models/experiment_68_var_rat_random_13/model4,3770.0,0.8888888888888888,0.7658450704225352
models/experiment_68_var_rat_random_13/model4,3900.0,0.8913043478260869,0.7640845070422535
models/experiment_68_var_rat_random_13/model4,4030.0,0.875,0.7640845070422535
models/experiment_68_var_rat_random_13/model4,4160.0,0.8888888888888888,0.7834507042253521
models/experiment_68_var_rat_random_13/model4,4290.0,0.8828502415458938,0.772887323943662
models/experiment_68_var_rat_random_13/model4,4420.0,0.8991545893719807,0.7535211267605634
models/experiment_68_var_rat_random_13/model4,4550.0,0.8979468599033816,0.7711267605633803
models/experiment_68_var_rat_random_13/model4,4680.0,0.8943236714975845,0.7711267605633803
models/experiment_68_var_rat_random_13/model10,130.0,0.6026570048309179,0.6073943661971831
models/experiment_68_var_rat_random_13/model10,260.0,0.6745169082125604,0.6619718309859155
models/experiment_68_var_rat_random_13/model10,390.0,0.7264492753623188,0.7183098591549296
models/experiment_68_var_rat_random_13/model10,520.0,0.663647342995169,0.6672535211267606
models/experiment_68_var_rat_random_13/model10,650.0,0.6884057971014492,0.6936619718309859
models/experiment_68_var_rat_random_13/model10,780.0,0.7548309178743962,0.7253521126760564
models/experiment_68_var_rat_random_13/model10,910.0,0.7397342995169082,0.7095070422535211
models/experiment_68_var_rat_random_13/model10,1040.0,0.7880434782608695,0.7640845070422535
models/experiment_68_var_rat_random_13/model10,1170.0,0.769927536231884,0.7112676056338029
models/experiment_68_var_rat_random_13/model10,1300.0,0.7807971014492754,0.778169014084507
models/experiment_68_var_rat_random_13/model10,1430.0,0.782608695652174,0.7482394366197183
models/experiment_68_var_rat_random_13/model10,1560.0,0.8121980676328503,0.7482394366197183
models/experiment_68_var_rat_random_13/model10,1690.0,0.7952898550724637,0.7323943661971831
models/experiment_68_var_rat_random_13/model10,1820.0,0.8278985507246377,0.7517605633802817
models/experiment_68_var_rat_random_13/model10,1950.0,0.8140096618357487,0.7869718309859155
models/experiment_68_var_rat_random_13/model10,2080.0,0.8484299516908212,0.7834507042253521
models/experiment_68_var_rat_random_13/model10,2210.0,0.842391304347826,0.7623239436619719
models/experiment_68_var_rat_random_13/model10,2340.0,0.8490338164251208,0.7588028169014085
models/experiment_68_var_rat_random_13/model10,2470.0,0.8623188405797102,0.778169014084507
models/experiment_68_var_rat_random_13/model10,2600.0,0.8617149758454107,0.7570422535211268
models/experiment_68_var_rat_random_13/model10,2730.0,0.8568840579710145,0.7869718309859155
models/experiment_68_var_rat_random_13/model10,2860.0,0.8810386473429952,0.7640845070422535
models/experiment_68_var_rat_random_13/model10,2990.0,0.8786231884057971,0.7887323943661971
models/experiment_68_var_rat_random_13/model10,3120.0,0.8490338164251208,0.7464788732394366
models/experiment_68_var_rat_random_13/model10,3250.0,0.8725845410628019,0.7535211267605634
models/experiment_68_var_rat_random_13/model10,3380.0,0.875,0.7658450704225352
models/experiment_68_var_rat_random_13/model10,3510.0,0.8955314009661836,0.7605633802816901
models/experiment_68_var_rat_random_13/model10,3640.0,0.8556763285024155,0.7482394366197183
models/experiment_68_var_rat_random_13/model10,3770.0,0.8768115942028986,0.7764084507042254
models/experiment_68_var_rat_random_13/model10,3900.0,0.8852657004830918,0.7816901408450704
models/experiment_68_var_rat_random_13/model10,4030.0,0.8943236714975845,0.8063380281690141
models/experiment_68_var_rat_random_13/model10,4160.0,0.8961352657004831,0.7852112676056338
models/experiment_68_var_rat_random_13/model10,4290.0,0.8997584541062802,0.7588028169014085
models/experiment_68_var_rat_random_13/model10,4420.0,0.9064009661835749,0.7623239436619719
models/experiment_68_var_rat_random_13/model10,4550.0,0.8919082125603864,0.7764084507042254
models/experiment_68_var_rat_random_13/model10,4680.0,0.9039855072463768,0.7746478873239436
models/experiment_68_var_rat_random_13/model2,130.0,0.5181159420289855,0.5334507042253521
models/experiment_68_var_rat_random_13/model2,260.0,0.6521739130434783,0.6461267605633803
models/experiment_68_var_rat_random_13/model2,390.0,0.533816425120773,0.5316901408450704
models/experiment_68_var_rat_random_13/model2,520.0,0.5108695652173914,0.49119718309859156
models/experiment_68_var_rat_random_13/model2,650.0,0.7379227053140096,0.7253521126760564
models/experiment_68_var_rat_random_13/model2,780.0,0.768719806763285,0.7429577464788732
models/experiment_68_var_rat_random_13/model2,910.0,0.7602657004830918,0.7394366197183099
models/experiment_68_var_rat_random_13/model2,1040.0,0.7747584541062802,0.7570422535211268
models/experiment_68_var_rat_random_13/model2,1170.0,0.7795893719806763,0.7306338028169014
models/experiment_68_var_rat_random_13/model2,1300.0,0.768719806763285,0.75
models/experiment_68_var_rat_random_13/model2,1430.0,0.7922705314009661,0.7306338028169014
models/experiment_68_var_rat_random_13/model2,1560.0,0.8055555555555556,0.7376760563380281
models/experiment_68_var_rat_random_13/model2,1690.0,0.769927536231884,0.7007042253521126
models/experiment_68_var_rat_random_13/model2,1820.0,0.8194444444444444,0.7658450704225352
models/experiment_68_var_rat_random_13/model2,1950.0,0.8303140096618358,0.7746478873239436
models/experiment_68_var_rat_random_13/model2,2080.0,0.841183574879227,0.778169014084507
models/experiment_68_var_rat_random_13/model2,2210.0,0.8496376811594203,0.7658450704225352
models/experiment_68_var_rat_random_13/model2,2340.0,0.8321256038647343,0.7482394366197183
models/experiment_68_var_rat_random_13/model2,2470.0,0.8538647342995169,0.7588028169014085
models/experiment_68_var_rat_random_13/model2,2600.0,0.8538647342995169,0.7711267605633803
models/experiment_68_var_rat_random_13/model2,2730.0,0.8774154589371981,0.7552816901408451
models/experiment_68_var_rat_random_13/model2,2860.0,0.873792270531401,0.7852112676056338
models/experiment_68_var_rat_random_13/model2,2990.0,0.8448067632850241,0.7588028169014085
models/experiment_68_var_rat_random_13/model2,3120.0,0.8882850241545893,0.7834507042253521
models/experiment_68_var_rat_random_13/model2,3250.0,0.8647342995169082,0.75
models/experiment_68_var_rat_random_13/model2,3380.0,0.8683574879227053,0.795774647887324
models/experiment_68_var_rat_random_13/model2,3510.0,0.8683574879227053,0.7517605633802817
models/experiment_68_var_rat_random_13/model2,3640.0,0.8725845410628019,0.7552816901408451
models/experiment_68_var_rat_random_13/model2,3770.0,0.8828502415458938,0.7535211267605634
models/experiment_68_var_rat_random_13/model2,3900.0,0.8888888888888888,0.7852112676056338
models/experiment_68_var_rat_random_13/model2,4030.0,0.9033816425120773,0.7711267605633803
models/experiment_68_var_rat_random_13/model2,4160.0,0.8973429951690821,0.7535211267605634
models/experiment_68_var_rat_random_13/model2,4290.0,0.8985507246376812,0.7605633802816901
models/experiment_68_var_rat_random_13/model2,4420.0,0.8991545893719807,0.7605633802816901
models/experiment_68_var_rat_random_13/model2,4550.0,0.9039855072463768,0.7658450704225352
models/experiment_68_var_rat_random_13/model2,4680.0,0.8834541062801933,0.8063380281690141
