model_name,num_test_data,valid_acc,eval_acc
models/experiment_59_bald_random_3/model3,130.0,0.5419615773508595,0.507537688442211
models/experiment_59_bald_random_3/model3,260.0,0.6744186046511628,0.6853498260533436
models/experiment_59_bald_random_3/model3,390.0,0.7431749241658241,0.7352145342095091
models/experiment_59_bald_random_3/model3,520.0,0.7431749241658241,0.7263239273289525
models/experiment_59_bald_random_3/model3,650.0,0.7724974721941354,0.7398531117124082
models/experiment_59_bald_random_3/model3,780.0,0.7836198179979778,0.7298028604561267
models/experiment_59_bald_random_3/model3,910.0,0.7836198179979778,0.7189795129493622
models/experiment_59_bald_random_3/model3,1040.0,0.7805864509605662,0.6617703904136065
models/experiment_59_bald_random_3/model3,1170.0,0.8159757330637007,0.7468109779667569
models/experiment_59_bald_random_3/model3,1300.0,0.8270980788675429,0.7487437185929648
models/experiment_59_bald_random_3/model3,1430.0,0.7573306370070778,0.7031310398144569
models/experiment_59_bald_random_3/model3,1560.0,0.8634984833164813,0.7413993042133745
models/experiment_59_bald_random_3/model3,1690.0,0.8685540950455005,0.7529957479706223
models/experiment_59_bald_random_3/model3,1820.0,0.8432760364004045,0.7383069192114419
models/experiment_59_bald_random_3/model3,1950.0,0.8614762386248737,0.7688442211055276
models/experiment_59_bald_random_3/model3,2080.0,0.8918099089989889,0.7746424429841515
models/experiment_59_bald_random_3/model3,2210.0,0.871587462082912,0.7661383842288365
models/experiment_59_bald_random_3/model3,2340.0,0.8705763397371082,0.7560881329725551
models/experiment_59_bald_random_3/model3,2470.0,0.890798786653185,0.7839195979899497
models/experiment_59_bald_random_3/model3,2600.0,0.8958543983822043,0.7676845767298028
models/experiment_59_bald_random_3/model3,2730.0,0.8877654196157735,0.7692307692307693
models/experiment_59_bald_random_3/model3,2860.0,0.9049544994944388,0.7700038654812524
models/experiment_59_bald_random_3/model3,2990.0,0.8918099089989889,0.7680711248550445
models/experiment_59_bald_random_3/model3,3120.0,0.910010111223458,0.7773482798608427
models/experiment_59_bald_random_3/model3,3250.0,0.9049544994944388,0.7866254348666409
models/experiment_59_bald_random_3/model3,3380.0,0.9089989888776542,0.7796675686122922
models/experiment_59_bald_random_3/model3,3510.0,0.9039433771486349,0.7804406648627754
models/experiment_59_bald_random_3/model3,3640.0,0.9079878665318504,0.795129493621956
models/experiment_59_bald_random_3/model9,130.0,0.5955510616784631,0.611905682257441
models/experiment_59_bald_random_3/model9,260.0,0.6966632962588474,0.6849632779281021
models/experiment_59_bald_random_3/model9,390.0,0.7350859453993933,0.6749130266718206
models/experiment_59_bald_random_3/model9,520.0,0.7735085945399394,0.6934673366834171
models/experiment_59_bald_random_3/model9,650.0,0.7694641051567239,0.716273676072671
models/experiment_59_bald_random_3/model9,780.0,0.8008088978766431,0.7193660610746038
models/experiment_59_bald_random_3/model9,910.0,0.5399393326592518,0.5187475840742173
models/experiment_59_bald_random_3/model9,1040.0,0.7714863498483316,0.7201391573250869
models/experiment_59_bald_random_3/model9,1170.0,0.8311425682507584,0.7614998067259374
models/experiment_59_bald_random_3/model9,1300.0,0.8210313447927199,0.7421724004638578
models/experiment_59_bald_random_3/model9,1430.0,0.8321536905965622,0.7499033629686896
models/experiment_59_bald_random_3/model9,1560.0,0.8422649140546006,0.7843061461151913
models/experiment_59_bald_random_3/model9,1690.0,0.8574317492416582,0.7572477773482799
models/experiment_59_bald_random_3/model9,1820.0,0.865520728008089,0.7758020873598763
models/experiment_59_bald_random_3/model9,1950.0,0.840242669362993,0.7700038654812524
models/experiment_59_bald_random_3/model9,2080.0,0.8746208291203236,0.7831465017394665
models/experiment_59_bald_random_3/model9,2210.0,0.8776541961577351,0.7557015848473135
models/experiment_59_bald_random_3/model9,2340.0,0.8867542972699697,0.739080015461925
models/experiment_59_bald_random_3/model9,2470.0,0.9069767441860465,0.7854657904909161
models/experiment_59_bald_random_3/model9,2600.0,0.8988877654196158,0.7758020873598763
models/experiment_59_bald_random_3/model9,2730.0,0.8958543983822043,0.7924236567452648
models/experiment_59_bald_random_3/model9,2860.0,0.8928210313447927,0.7785079242365675
models/experiment_59_bald_random_3/model9,2990.0,0.8918099089989889,0.7680711248550445
models/experiment_59_bald_random_3/model9,3120.0,0.8928210313447927,0.7614998067259374
models/experiment_59_bald_random_3/model9,3250.0,0.9069767441860465,0.7904909161190569
models/experiment_59_bald_random_3/model9,3380.0,0.9039433771486349,0.7850792423656745
models/experiment_59_bald_random_3/model9,3510.0,0.8887765419615774,0.7854657904909161
models/experiment_59_bald_random_3/model9,3640.0,0.8998988877654196,0.7746424429841515
models/experiment_59_bald_random_3/model1,130.0,0.538928210313448,0.5647468109779668
models/experiment_59_bald_random_3/model1,260.0,0.6774519716885743,0.6625434866640897
models/experiment_59_bald_random_3/model1,390.0,0.5419615773508595,0.5709315809818323
models/experiment_59_bald_random_3/model1,520.0,0.5824064711830131,0.6003092385001932
models/experiment_59_bald_random_3/model1,650.0,0.7876643073811931,0.7290297642056436
models/experiment_59_bald_random_3/model1,780.0,0.8018200202224469,0.7464244298415152
models/experiment_59_bald_random_3/model1,910.0,0.7947421638018201,0.7456513335910321
models/experiment_59_bald_random_3/model1,1040.0,0.8058645096056622,0.7564746810977967
models/experiment_59_bald_random_3/model1,1170.0,0.7947421638018201,0.699265558562041
models/experiment_59_bald_random_3/model1,1300.0,0.8220424671385238,0.7595670660997295
models/experiment_59_bald_random_3/model1,1430.0,0.8513650151668352,0.7545419404715887
models/experiment_59_bald_random_3/model1,1560.0,0.8624873609706775,0.7587939698492462
models/experiment_59_bald_random_3/model1,1690.0,0.8554095045500506,0.7502899110939312
models/experiment_59_bald_random_3/model1,1820.0,0.8675429726996967,0.74758407421724
models/experiment_59_bald_random_3/model1,1950.0,0.8776541961577351,0.7858523386161577
models/experiment_59_bald_random_3/model1,2080.0,0.8432760364004045,0.7653652879783533
models/experiment_59_bald_random_3/model1,2210.0,0.8918099089989889,0.7750289911093932
models/experiment_59_bald_random_3/model1,2340.0,0.8877654196157735,0.7970622342481639
models/experiment_59_bald_random_3/model1,2470.0,0.8867542972699697,0.7649787398531117
models/experiment_59_bald_random_3/model1,2600.0,0.8837209302325582,0.7607267104754541
models/experiment_59_bald_random_3/model1,2730.0,0.8543983822042467,0.7734827986084267
models/experiment_59_bald_random_3/model1,2860.0,0.8918099089989889,0.7727097023579436
models/experiment_59_bald_random_3/model1,2990.0,0.9029322548028311,0.7750289911093932
models/experiment_59_bald_random_3/model1,3120.0,0.9049544994944388,0.7533822960958639
models/experiment_59_bald_random_3/model1,3250.0,0.9110212335692619,0.7769617317356011
models/experiment_59_bald_random_3/model1,3380.0,0.8968655207280081,0.7773482798608427
models/experiment_59_bald_random_3/model1,3510.0,0.9039433771486349,0.7908774642442984
models/experiment_59_bald_random_3/model1,3640.0,0.9079878665318504,0.7843061461151913
models/experiment_59_bald_random_3/model6,130.0,0.5419615773508595,0.5241592578275995
models/experiment_59_bald_random_3/model6,260.0,0.6885743174924166,0.6710475454194047
models/experiment_59_bald_random_3/model6,390.0,0.7249747219413549,0.68689601855431
models/experiment_59_bald_random_3/model6,520.0,0.7765419615773509,0.7448782373405489
models/experiment_59_bald_random_3/model6,650.0,0.7623862487360971,0.7413993042133745
models/experiment_59_bald_random_3/model6,780.0,0.80788675429727,0.758020873598763
models/experiment_59_bald_random_3/model6,910.0,0.8058645096056622,0.7541553923463471
models/experiment_59_bald_random_3/model6,1040.0,0.7967644084934277,0.7425589485890993
models/experiment_59_bald_random_3/model6,1170.0,0.8038422649140546,0.7653652879783533
models/experiment_59_bald_random_3/model6,1300.0,0.8291203235591507,0.7761886354851179
models/experiment_59_bald_random_3/model6,1430.0,0.8473205257836198,0.7649787398531117
models/experiment_59_bald_random_3/model6,1560.0,0.8422649140546006,0.7471975260919984
models/experiment_59_bald_random_3/model6,1690.0,0.833164812942366,0.7584074217240047
models/experiment_59_bald_random_3/model6,1820.0,0.8513650151668352,0.7788944723618091
models/experiment_59_bald_random_3/model6,1950.0,0.8675429726996967,0.7356010823347506
models/experiment_59_bald_random_3/model6,2080.0,0.8776541961577351,0.7518361035948976
models/experiment_59_bald_random_3/model6,2210.0,0.8645096056622852,0.7526091998453808
models/experiment_59_bald_random_3/model6,2340.0,0.8675429726996967,0.7777348279860843
models/experiment_59_bald_random_3/model6,2470.0,0.8897876643073812,0.7835330498647082
models/experiment_59_bald_random_3/model6,2600.0,0.8938321536905965,0.7541553923463471
models/experiment_59_bald_random_3/model6,2730.0,0.8918099089989889,0.7982218786238887
models/experiment_59_bald_random_3/model6,2860.0,0.9069767441860465,0.7889447236180904
models/experiment_59_bald_random_3/model6,2990.0,0.9039433771486349,0.793196752995748
models/experiment_59_bald_random_3/model6,3120.0,0.9059656218402427,0.7916505604947816
models/experiment_59_bald_random_3/model6,3250.0,0.9039433771486349,0.7769617317356011
models/experiment_59_bald_random_3/model6,3380.0,0.9059656218402427,0.7734827986084267
models/experiment_59_bald_random_3/model6,3510.0,0.9029322548028311,0.8005411673753382
models/experiment_59_bald_random_3/model6,3640.0,0.9150657229524772,0.7843061461151913
models/experiment_59_bald_random_3/model8,130.0,0.4994944388270981,0.5260919984538075
models/experiment_59_bald_random_3/model8,260.0,0.5591506572295247,0.5086973328179358
models/experiment_59_bald_random_3/model8,390.0,0.7340748230535895,0.697332817935833
models/experiment_59_bald_random_3/model8,520.0,0.7684529828109201,0.7309625048318515
models/experiment_59_bald_random_3/model8,650.0,0.7906976744186046,0.7614998067259374
models/experiment_59_bald_random_3/model8,780.0,0.8119312436804853,0.7332817935833011
models/experiment_59_bald_random_3/model8,910.0,0.8301314459049545,0.7642056436026285
models/experiment_59_bald_random_3/model8,1040.0,0.8270980788675429,0.761886354851179
models/experiment_59_bald_random_3/model8,1170.0,0.8281092012133469,0.7715500579822188
models/experiment_59_bald_random_3/model8,1300.0,0.8190091001011123,0.7356010823347506
models/experiment_59_bald_random_3/model8,1430.0,0.8372093023255814,0.7692307692307693
models/experiment_59_bald_random_3/model8,1560.0,0.839231547017189,0.7263239273289525
models/experiment_59_bald_random_3/model8,1690.0,0.8281092012133469,0.7336683417085427
models/experiment_59_bald_random_3/model8,1820.0,0.8725985844287159,0.7560881329725551
models/experiment_59_bald_random_3/model8,1950.0,0.8543983822042467,0.7533822960958639
models/experiment_59_bald_random_3/model8,2080.0,0.8796764408493428,0.780827212988017
models/experiment_59_bald_random_3/model8,2210.0,0.8705763397371082,0.7719366061074604
models/experiment_59_bald_random_3/model8,2340.0,0.8584428715874621,0.7433320448395825
models/experiment_59_bald_random_3/model8,2470.0,0.8938321536905965,0.7761886354851179
models/experiment_59_bald_random_3/model8,2600.0,0.8867542972699697,0.7904909161190569
models/experiment_59_bald_random_3/model8,2730.0,0.8988877654196158,0.7630459992269037
models/experiment_59_bald_random_3/model8,2860.0,0.9039433771486349,0.782759953614225
models/experiment_59_bald_random_3/model8,2990.0,0.9019211324570273,0.7758020873598763
models/experiment_59_bald_random_3/model8,3120.0,0.9029322548028311,0.7885581754928489
models/experiment_59_bald_random_3/model8,3250.0,0.9059656218402427,0.7638190954773869
models/experiment_59_bald_random_3/model8,3380.0,0.8998988877654196,0.7518361035948976
models/experiment_59_bald_random_3/model8,3510.0,0.9069767441860465,0.7657518361035949
models/experiment_59_bald_random_3/model8,3640.0,0.9019211324570273,0.793196752995748
models/experiment_59_bald_random_3/model5,130.0,0.5197168857431749,0.5040587553150367
models/experiment_59_bald_random_3/model5,260.0,0.7118301314459049,0.705836876691148
models/experiment_59_bald_random_3/model5,390.0,0.7492416582406471,0.68689601855431
models/experiment_59_bald_random_3/model5,520.0,0.7573306370070778,0.7282566679551604
models/experiment_59_bald_random_3/model5,650.0,0.7856420626895855,0.7332817935833011
models/experiment_59_bald_random_3/model5,780.0,0.782608695652174,0.73057595670661
models/experiment_59_bald_random_3/model5,910.0,0.7805864509605662,0.7313490529570932
models/experiment_59_bald_random_3/model5,1040.0,0.8159757330637007,0.7491302667182064
models/experiment_59_bald_random_3/model5,1170.0,0.8452982810920121,0.7487437185929648
models/experiment_59_bald_random_3/model5,1300.0,0.8361981799797775,0.7626594511016621
models/experiment_59_bald_random_3/model5,1430.0,0.8260869565217391,0.7359876304599923
models/experiment_59_bald_random_3/model5,1560.0,0.8270980788675429,0.7356010823347506
models/experiment_59_bald_random_3/model5,1690.0,0.8584428715874621,0.7522226517201391
models/experiment_59_bald_random_3/model5,1820.0,0.8594539939332659,0.7464244298415152
models/experiment_59_bald_random_3/model5,1950.0,0.8766430738119313,0.7773482798608427
models/experiment_59_bald_random_3/model5,2080.0,0.884732052578362,0.7730962504831852
models/experiment_59_bald_random_3/model5,2210.0,0.8806875631951466,0.7823734054889834
models/experiment_59_bald_random_3/model5,2340.0,0.8493427704752275,0.7564746810977967
models/experiment_59_bald_random_3/model5,2470.0,0.8887765419615774,0.7769617317356011
models/experiment_59_bald_random_3/model5,2600.0,0.8928210313447927,0.7696173173560108
models/experiment_59_bald_random_3/model5,2730.0,0.9029322548028311,0.7707769617317356
models/experiment_59_bald_random_3/model5,2860.0,0.9150657229524772,0.8032470042520293
models/experiment_59_bald_random_3/model5,2990.0,0.9059656218402427,0.7804406648627754
models/experiment_59_bald_random_3/model5,3120.0,0.9110212335692619,0.7839195979899497
models/experiment_59_bald_random_3/model5,3250.0,0.9009100101112234,0.7904909161190569
models/experiment_59_bald_random_3/model5,3380.0,0.8877654196157735,0.7541553923463471
models/experiment_59_bald_random_3/model5,3510.0,0.9059656218402427,0.7831465017394665
models/experiment_59_bald_random_3/model5,3640.0,0.9009100101112234,0.7758020873598763
models/experiment_59_bald_random_3/model7,130.0,0.5551061678463094,0.5419404715887128
models/experiment_59_bald_random_3/model7,260.0,0.6632962588473206,0.6130653266331658
models/experiment_59_bald_random_3/model7,390.0,0.723963599595551,0.7174333204483958
models/experiment_59_bald_random_3/model7,520.0,0.7138523761375126,0.6926942404329339
models/experiment_59_bald_random_3/model7,650.0,0.7138523761375126,0.6865094704290684
models/experiment_59_bald_random_3/model7,780.0,0.7623862487360971,0.7243911867027445
models/experiment_59_bald_random_3/model7,910.0,0.7856420626895855,0.7286432160804021
models/experiment_59_bald_random_3/model7,1040.0,0.8058645096056622,0.7587939698492462
models/experiment_59_bald_random_3/model7,1170.0,0.7836198179979778,0.7201391573250869
models/experiment_59_bald_random_3/model7,1300.0,0.7977755308392316,0.761886354851179
models/experiment_59_bald_random_3/model7,1430.0,0.8200202224469161,0.7158871279474295
models/experiment_59_bald_random_3/model7,1560.0,0.8483316481294236,0.7723231542327019
models/experiment_59_bald_random_3/model7,1690.0,0.8584428715874621,0.7614998067259374
models/experiment_59_bald_random_3/model7,1820.0,0.8533872598584429,0.782759953614225
models/experiment_59_bald_random_3/model7,1950.0,0.8594539939332659,0.7816003092385002
models/experiment_59_bald_random_3/model7,2080.0,0.8695652173913043,0.7441051410900658
models/experiment_59_bald_random_3/model7,2210.0,0.8756319514661274,0.7966756861229223
models/experiment_59_bald_random_3/model7,2340.0,0.8756319514661274,0.7638190954773869
models/experiment_59_bald_random_3/model7,2470.0,0.8897876643073812,0.7622729029764206
models/experiment_59_bald_random_3/model7,2600.0,0.8877654196157735,0.793196752995748
models/experiment_59_bald_random_3/model7,2730.0,0.871587462082912,0.7680711248550445
models/experiment_59_bald_random_3/model7,2860.0,0.8887765419615774,0.7607267104754541
models/experiment_59_bald_random_3/model7,2990.0,0.8938321536905965,0.7634325473521454
models/experiment_59_bald_random_3/model7,3120.0,0.8958543983822043,0.7881716273676073
models/experiment_59_bald_random_3/model7,3250.0,0.9049544994944388,0.7715500579822188
models/experiment_59_bald_random_3/model7,3380.0,0.9059656218402427,0.7769617317356011
models/experiment_59_bald_random_3/model7,3510.0,0.9049544994944388,0.7924236567452648
models/experiment_59_bald_random_3/model7,3640.0,0.9019211324570273,0.7719366061074604
models/experiment_59_bald_random_3/model4,130.0,0.4974721941354904,0.517974487823734
models/experiment_59_bald_random_3/model4,260.0,0.7108190091001011,0.6988790104367993
models/experiment_59_bald_random_3/model4,390.0,0.7542972699696663,0.7112485504445304
models/experiment_59_bald_random_3/model4,520.0,0.7401415571284126,0.6810977966756862
models/experiment_59_bald_random_3/model4,650.0,0.7421638018200202,0.655585620409741
models/experiment_59_bald_random_3/model4,780.0,0.7573306370070778,0.7402396598376498
models/experiment_59_bald_random_3/model4,910.0,0.8038422649140546,0.7441051410900658
models/experiment_59_bald_random_3/model4,1040.0,0.8220424671385238,0.7549284885968303
models/experiment_59_bald_random_3/model4,1170.0,0.7745197168857432,0.7270970235794356
models/experiment_59_bald_random_3/model4,1300.0,0.8190091001011123,0.7506764592191728
models/experiment_59_bald_random_3/model4,1430.0,0.8503538928210314,0.7294163123308852
models/experiment_59_bald_random_3/model4,1560.0,0.8473205257836198,0.7626594511016621
models/experiment_59_bald_random_3/model4,1690.0,0.8624873609706775,0.7715500579822188
models/experiment_59_bald_random_3/model4,1820.0,0.8614762386248737,0.7564746810977967
models/experiment_59_bald_random_3/model4,1950.0,0.8827098078867543,0.7785079242365675
models/experiment_59_bald_random_3/model4,2080.0,0.8796764408493428,0.780827212988017
models/experiment_59_bald_random_3/model4,2210.0,0.8827098078867543,0.7788944723618091
models/experiment_59_bald_random_3/model4,2340.0,0.884732052578362,0.7638190954773869
models/experiment_59_bald_random_3/model4,2470.0,0.8988877654196158,0.7893312717433321
models/experiment_59_bald_random_3/model4,2600.0,0.8857431749241659,0.758020873598763
models/experiment_59_bald_random_3/model4,2730.0,0.8897876643073812,0.7645921917278701
models/experiment_59_bald_random_3/model4,2860.0,0.9069767441860465,0.7499033629686896
models/experiment_59_bald_random_3/model4,2990.0,0.9049544994944388,0.7591805179744878
models/experiment_59_bald_random_3/model4,3120.0,0.8827098078867543,0.7607267104754541
models/experiment_59_bald_random_3/model4,3250.0,0.9059656218402427,0.7754155392346347
models/experiment_59_bald_random_3/model4,3380.0,0.8988877654196158,0.7576343254735215
models/experiment_59_bald_random_3/model4,3510.0,0.9130434782608695,0.7607267104754541
models/experiment_59_bald_random_3/model4,3640.0,0.9049544994944388,0.7908774642442984
models/experiment_59_bald_random_3/model10,130.0,0.5409504550050556,0.517974487823734
models/experiment_59_bald_random_3/model10,260.0,0.6572295247724975,0.6714340935446463
models/experiment_59_bald_random_3/model10,390.0,0.5308392315470172,0.5659064553536916
models/experiment_59_bald_random_3/model10,520.0,0.7472194135490394,0.7216853498260534
models/experiment_59_bald_random_3/model10,650.0,0.7421638018200202,0.699265558562041
models/experiment_59_bald_random_3/model10,780.0,0.8058645096056622,0.7630459992269037
models/experiment_59_bald_random_3/model10,910.0,0.7957532861476239,0.7487437185929648
models/experiment_59_bald_random_3/model10,1040.0,0.7957532861476239,0.7630459992269037
models/experiment_59_bald_random_3/model10,1170.0,0.8250758341759353,0.7630459992269037
models/experiment_59_bald_random_3/model10,1300.0,0.8533872598584429,0.7819868573637417
models/experiment_59_bald_random_3/model10,1430.0,0.8220424671385238,0.7522226517201391
models/experiment_59_bald_random_3/model10,1560.0,0.8311425682507584,0.749516814843448
models/experiment_59_bald_random_3/model10,1690.0,0.8230535894843276,0.7499033629686896
models/experiment_59_bald_random_3/model10,1820.0,0.8412537917087968,0.7746424429841515
models/experiment_59_bald_random_3/model10,1950.0,0.8705763397371082,0.7448782373405489
models/experiment_59_bald_random_3/model10,2080.0,0.8685540950455005,0.7456513335910321
models/experiment_59_bald_random_3/model10,2210.0,0.8645096056622852,0.7734827986084267
models/experiment_59_bald_random_3/model10,2340.0,0.8806875631951466,0.7672980286045613
models/experiment_59_bald_random_3/model10,2470.0,0.8928210313447927,0.7843061461151913
models/experiment_59_bald_random_3/model10,2600.0,0.8958543983822043,0.7761886354851179
models/experiment_59_bald_random_3/model10,2730.0,0.8837209302325582,0.7533822960958639
models/experiment_59_bald_random_3/model10,2860.0,0.8938321536905965,0.7788944723618091
models/experiment_59_bald_random_3/model10,2990.0,0.897876643073812,0.7885581754928489
models/experiment_59_bald_random_3/model10,3120.0,0.9150657229524772,0.7812137611132586
models/experiment_59_bald_random_3/model10,3250.0,0.9079878665318504,0.7839195979899497
models/experiment_59_bald_random_3/model10,3380.0,0.9150657229524772,0.7576343254735215
models/experiment_59_bald_random_3/model10,3510.0,0.9069767441860465,0.7893312717433321
models/experiment_59_bald_random_3/model10,3640.0,0.9029322548028311,0.7765751836103595
models/experiment_59_bald_random_3/model2,130.0,0.5844287158746209,0.596830305373019
models/experiment_59_bald_random_3/model2,260.0,0.537917087967644,0.549284885968303
models/experiment_59_bald_random_3/model2,390.0,0.7290192113245703,0.7116350985697719
models/experiment_59_bald_random_3/model2,520.0,0.7765419615773509,0.7301894085813684
models/experiment_59_bald_random_3/model2,650.0,0.7937310414560161,0.7576343254735215
models/experiment_59_bald_random_3/model2,780.0,0.7492416582406471,0.7108620023192888
models/experiment_59_bald_random_3/model2,910.0,0.8119312436804853,0.7564746810977967
models/experiment_59_bald_random_3/model2,1040.0,0.80788675429727,0.7267104754541941
models/experiment_59_bald_random_3/model2,1170.0,0.8543983822042467,0.7645921917278701
models/experiment_59_bald_random_3/model2,1300.0,0.8301314459049545,0.7247777348279861
models/experiment_59_bald_random_3/model2,1430.0,0.8361981799797775,0.734441437959026
models/experiment_59_bald_random_3/model2,1560.0,0.8432760364004045,0.7491302667182064
models/experiment_59_bald_random_3/model2,1690.0,0.8473205257836198,0.7638190954773869
models/experiment_59_bald_random_3/model2,1820.0,0.8675429726996967,0.768457672980286
models/experiment_59_bald_random_3/model2,1950.0,0.8766430738119313,0.7727097023579436
models/experiment_59_bald_random_3/model2,2080.0,0.8725985844287159,0.7614998067259374
models/experiment_59_bald_random_3/model2,2210.0,0.8705763397371082,0.7700038654812524
models/experiment_59_bald_random_3/model2,2340.0,0.8776541961577351,0.7657518361035949
models/experiment_59_bald_random_3/model2,2470.0,0.8928210313447927,0.7502899110939312
models/experiment_59_bald_random_3/model2,2600.0,0.8766430738119313,0.7560881329725551
models/experiment_59_bald_random_3/model2,2730.0,0.9039433771486349,0.7908774642442984
models/experiment_59_bald_random_3/model2,2860.0,0.8958543983822043,0.7858523386161577
models/experiment_59_bald_random_3/model2,2990.0,0.897876643073812,0.7738693467336684
models/experiment_59_bald_random_3/model2,3120.0,0.9009100101112234,0.7835330498647082
models/experiment_59_bald_random_3/model2,3250.0,0.9079878665318504,0.7862388867413993
models/experiment_59_bald_random_3/model2,3380.0,0.9059656218402427,0.7839195979899497
models/experiment_59_bald_random_3/model2,3510.0,0.9059656218402427,0.7773482798608427
models/experiment_59_bald_random_3/model2,3640.0,0.8887765419615774,0.799768071124855
