model_name,num_test_data,valid_acc,eval_acc
models/experiment_61_random_random_14/model3,130.0,0.5267267267267267,0.4966532797858099
models/experiment_61_random_random_14/model3,260.0,0.6654654654654655,0.6720214190093708
models/experiment_61_random_random_14/model3,390.0,0.6672672672672673,0.6880856760374833
models/experiment_61_random_random_14/model3,520.0,0.7225225225225225,0.7389558232931727
models/experiment_61_random_random_14/model3,650.0,0.7129129129129129,0.7121820615796519
models/experiment_61_random_random_14/model3,780.0,0.7555555555555555,0.7831325301204819
models/experiment_61_random_random_14/model3,910.0,0.772972972972973,0.7536813922356091
models/experiment_61_random_random_14/model3,1040.0,0.7915915915915915,0.7710843373493976
models/experiment_61_random_random_14/model3,1170.0,0.7585585585585586,0.7590361445783133
models/experiment_61_random_random_14/model3,1300.0,0.7807807807807807,0.7871485943775101
models/experiment_61_random_random_14/model3,1430.0,0.7945945945945946,0.7898259705488622
models/experiment_61_random_random_14/model3,1560.0,0.7963963963963964,0.7697456492637216
models/experiment_61_random_random_14/model3,1690.0,0.7789789789789789,0.7764390896921017
models/experiment_61_random_random_14/model3,1820.0,0.8042042042042042,0.7951807228915663
models/experiment_61_random_random_14/model3,1950.0,0.8222222222222222,0.7817938420348058
models/experiment_61_random_random_14/model3,2080.0,0.8042042042042042,0.7804551539491299
models/experiment_61_random_random_14/model3,2210.0,0.818018018018018,0.7751004016064257
models/experiment_61_random_random_14/model3,2340.0,0.8354354354354354,0.7991967871485943
models/experiment_61_random_random_14/model3,2470.0,0.8264264264264264,0.8072289156626506
models/experiment_61_random_random_14/model3,2600.0,0.8288288288288288,0.8246318607764391
models/experiment_61_random_random_14/model3,2730.0,0.8276276276276276,0.7991967871485943
models/experiment_61_random_random_14/model3,2860.0,0.8312312312312312,0.8018741633199464
models/experiment_61_random_random_14/model3,2990.0,0.8516516516516517,0.8273092369477911
models/experiment_61_random_random_14/model3,3120.0,0.836036036036036,0.784471218206158
models/experiment_61_random_random_14/model3,3250.0,0.8540540540540541,0.7991967871485943
models/experiment_61_random_random_14/model3,3380.0,0.8558558558558559,0.8085676037483266
models/experiment_61_random_random_14/model3,3510.0,0.8378378378378378,0.8259705488621151
models/experiment_61_random_random_14/model3,3640.0,0.8564564564564564,0.8139223560910308
models/experiment_61_random_random_14/model3,3770.0,0.8624624624624625,0.8433734939759037
models/experiment_61_random_random_14/model3,3900.0,0.8540540540540541,0.8246318607764391
models/experiment_61_random_random_14/model3,4030.0,0.8810810810810811,0.8246318607764391
models/experiment_61_random_random_14/model3,4160.0,0.8654654654654654,0.8179384203480589
models/experiment_61_random_random_14/model3,4290.0,0.8678678678678678,0.8299866131191432
models/experiment_61_random_random_14/model3,4420.0,0.8708708708708709,0.8433734939759037
models/experiment_61_random_random_14/model3,4550.0,0.8762762762762762,0.8192771084337349
models/experiment_61_random_random_14/model3,4680.0,0.8654654654654654,0.8246318607764391
models/experiment_61_random_random_14/model9,130.0,0.5399399399399399,0.5381526104417671
models/experiment_61_random_random_14/model9,260.0,0.5033033033033033,0.5046854082998661
models/experiment_61_random_random_14/model9,390.0,0.6990990990990991,0.7215528781793842
models/experiment_61_random_random_14/model9,520.0,0.7501501501501502,0.7483266398929049
models/experiment_61_random_random_14/model9,650.0,0.7555555555555555,0.7831325301204819
models/experiment_61_random_random_14/model9,780.0,0.745945945945946,0.7523427041499331
models/experiment_61_random_random_14/model9,910.0,0.76996996996997,0.7563587684069611
models/experiment_61_random_random_14/model9,1040.0,0.775975975975976,0.7831325301204819
models/experiment_61_random_random_14/model9,1170.0,0.7687687687687688,0.8005354752342704
models/experiment_61_random_random_14/model9,1300.0,0.7921921921921922,0.8032128514056225
models/experiment_61_random_random_14/model9,1430.0,0.7957957957957958,0.8246318607764391
models/experiment_61_random_random_14/model9,1560.0,0.7927927927927928,0.8045515394912985
models/experiment_61_random_random_14/model9,1690.0,0.809009009009009,0.8125836680053548
models/experiment_61_random_random_14/model9,1820.0,0.8216216216216217,0.8447121820615796
models/experiment_61_random_random_14/model9,1950.0,0.8336336336336336,0.8152610441767069
models/experiment_61_random_random_14/model9,2080.0,0.8234234234234235,0.8380187416331994
models/experiment_61_random_random_14/model9,2210.0,0.818018018018018,0.8099062918340026
models/experiment_61_random_random_14/model9,2340.0,0.8162162162162162,0.8032128514056225
models/experiment_61_random_random_14/model9,2470.0,0.8474474474474475,0.8192771084337349
models/experiment_61_random_random_14/model9,2600.0,0.8348348348348348,0.7965194109772423
models/experiment_61_random_random_14/model9,2730.0,0.8252252252252252,0.8099062918340026
models/experiment_61_random_random_14/model9,2860.0,0.8444444444444444,0.7965194109772423
models/experiment_61_random_random_14/model9,2990.0,0.8468468468468469,0.8232931726907631
models/experiment_61_random_random_14/model9,3120.0,0.8444444444444444,0.8165997322623829
models/experiment_61_random_random_14/model9,3250.0,0.8558558558558559,0.8085676037483266
models/experiment_61_random_random_14/model9,3380.0,0.8462462462462462,0.8353413654618473
models/experiment_61_random_random_14/model9,3510.0,0.8564564564564564,0.8326639892904953
models/experiment_61_random_random_14/model9,3640.0,0.8654654654654654,0.8286479250334672
models/experiment_61_random_random_14/model9,3770.0,0.863063063063063,0.8313253012048193
models/experiment_61_random_random_14/model9,3900.0,0.8690690690690691,0.8032128514056225
models/experiment_61_random_random_14/model9,4030.0,0.8576576576576577,0.8393574297188755
models/experiment_61_random_random_14/model9,4160.0,0.8600600600600601,0.8139223560910308
models/experiment_61_random_random_14/model9,4290.0,0.8546546546546546,0.8286479250334672
models/experiment_61_random_random_14/model9,4420.0,0.8654654654654654,0.8286479250334672
models/experiment_61_random_random_14/model9,4550.0,0.8762762762762762,0.8246318607764391
models/experiment_61_random_random_14/model9,4680.0,0.8756756756756757,0.8299866131191432
models/experiment_61_random_random_14/model1,130.0,0.5141141141141141,0.5542168674698795
models/experiment_61_random_random_14/model1,260.0,0.5417417417417417,0.5742971887550201
models/experiment_61_random_random_14/model1,390.0,0.6012012012012012,0.6184738955823293
models/experiment_61_random_random_14/model1,520.0,0.7147147147147147,0.7670682730923695
models/experiment_61_random_random_14/model1,650.0,0.7567567567567568,0.7724230254350736
models/experiment_61_random_random_14/model1,780.0,0.7447447447447447,0.7349397590361446
models/experiment_61_random_random_14/model1,910.0,0.7633633633633634,0.7737617135207496
models/experiment_61_random_random_14/model1,1040.0,0.7795795795795796,0.7710843373493976
models/experiment_61_random_random_14/model1,1170.0,0.7645645645645646,0.8045515394912985
models/experiment_61_random_random_14/model1,1300.0,0.7915915915915915,0.7978580990629184
models/experiment_61_random_random_14/model1,1430.0,0.7777777777777778,0.7429718875502008
models/experiment_61_random_random_14/model1,1560.0,0.7915915915915915,0.7978580990629184
models/experiment_61_random_random_14/model1,1690.0,0.7825825825825826,0.784471218206158
models/experiment_61_random_random_14/model1,1820.0,0.8174174174174175,0.8125836680053548
models/experiment_61_random_random_14/model1,1950.0,0.815015015015015,0.820615796519411
models/experiment_61_random_random_14/model1,2080.0,0.827027027027027,0.820615796519411
models/experiment_61_random_random_14/model1,2210.0,0.8234234234234235,0.8139223560910308
models/experiment_61_random_random_14/model1,2340.0,0.8606606606606607,0.8085676037483266
models/experiment_61_random_random_14/model1,2470.0,0.836036036036036,0.7991967871485943
models/experiment_61_random_random_14/model1,2600.0,0.8426426426426427,0.8366800535475234
models/experiment_61_random_random_14/model1,2730.0,0.8288288288288288,0.8005354752342704
models/experiment_61_random_random_14/model1,2860.0,0.8444444444444444,0.8072289156626506
models/experiment_61_random_random_14/model1,2990.0,0.8648648648648649,0.8072289156626506
models/experiment_61_random_random_14/model1,3120.0,0.8606606606606607,0.8273092369477911
models/experiment_61_random_random_14/model1,3250.0,0.8576576576576577,0.8045515394912985
models/experiment_61_random_random_14/model1,3380.0,0.863063063063063,0.8340026773761714
models/experiment_61_random_random_14/model1,3510.0,0.8552552552552553,0.7991967871485943
models/experiment_61_random_random_14/model1,3640.0,0.8750750750750751,0.8313253012048193
models/experiment_61_random_random_14/model1,3770.0,0.8642642642642643,0.8072289156626506
models/experiment_61_random_random_14/model1,3900.0,0.8810810810810811,0.8125836680053548
models/experiment_61_random_random_14/model1,4030.0,0.8648648648648649,0.8085676037483266
models/experiment_61_random_random_14/model1,4160.0,0.8726726726726727,0.8058902275769746
models/experiment_61_random_random_14/model1,4290.0,0.8696696696696696,0.8514056224899599
models/experiment_61_random_random_14/model1,4420.0,0.872072072072072,0.8554216867469879
models/experiment_61_random_random_14/model1,4550.0,0.8696696696696696,0.821954484605087
models/experiment_61_random_random_14/model1,4680.0,0.8900900900900901,0.8380187416331994
models/experiment_61_random_random_14/model6,130.0,0.5267267267267267,0.5274431057563588
models/experiment_61_random_random_14/model6,260.0,0.5153153153153153,0.5287817938420348
models/experiment_61_random_random_14/model6,390.0,0.5135135135135135,0.5127175368139224
models/experiment_61_random_random_14/model6,520.0,0.7033033033033033,0.7336010709504686
models/experiment_61_random_random_14/model6,650.0,0.7423423423423423,0.7777777777777778
models/experiment_61_random_random_14/model6,780.0,0.7327327327327328,0.7630522088353414
models/experiment_61_random_random_14/model6,910.0,0.7735735735735736,0.7751004016064257
models/experiment_61_random_random_14/model6,1040.0,0.7843843843843844,0.7777777777777778
models/experiment_61_random_random_14/model6,1170.0,0.7885885885885886,0.7991967871485943
models/experiment_61_random_random_14/model6,1300.0,0.793993993993994,0.7817938420348058
models/experiment_61_random_random_14/model6,1430.0,0.7915915915915915,0.8246318607764391
models/experiment_61_random_random_14/model6,1560.0,0.8018018018018018,0.7817938420348058
models/experiment_61_random_random_14/model6,1690.0,0.7777777777777778,0.7978580990629184
models/experiment_61_random_random_14/model6,1820.0,0.8054054054054054,0.8139223560910308
models/experiment_61_random_random_14/model6,1950.0,0.8186186186186186,0.8032128514056225
models/experiment_61_random_random_14/model6,2080.0,0.8096096096096096,0.8192771084337349
models/experiment_61_random_random_14/model6,2210.0,0.818018018018018,0.8299866131191432
models/experiment_61_random_random_14/model6,2340.0,0.818018018018018,0.7965194109772423
models/experiment_61_random_random_14/model6,2470.0,0.8450450450450451,0.7991967871485943
models/experiment_61_random_random_14/model6,2600.0,0.8504504504504504,0.8085676037483266
models/experiment_61_random_random_14/model6,2730.0,0.8414414414414414,0.8085676037483266
models/experiment_61_random_random_14/model6,2860.0,0.8516516516516517,0.821954484605087
models/experiment_61_random_random_14/model6,2990.0,0.8558558558558559,0.8058902275769746
models/experiment_61_random_random_14/model6,3120.0,0.8498498498498499,0.8326639892904953
models/experiment_61_random_random_14/model6,3250.0,0.8564564564564564,0.8340026773761714
models/experiment_61_random_random_14/model6,3380.0,0.8534534534534535,0.8313253012048193
models/experiment_61_random_random_14/model6,3510.0,0.857057057057057,0.8366800535475234
models/experiment_61_random_random_14/model6,3640.0,0.8612612612612612,0.8299866131191432
models/experiment_61_random_random_14/model6,3770.0,0.8636636636636636,0.8032128514056225
models/experiment_61_random_random_14/model6,3900.0,0.8726726726726727,0.8232931726907631
models/experiment_61_random_random_14/model6,4030.0,0.8588588588588588,0.7965194109772423
models/experiment_61_random_random_14/model6,4160.0,0.8678678678678678,0.8273092369477911
models/experiment_61_random_random_14/model6,4290.0,0.8810810810810811,0.8273092369477911
models/experiment_61_random_random_14/model6,4420.0,0.8732732732732733,0.8179384203480589
models/experiment_61_random_random_14/model6,4550.0,0.8816816816816817,0.8326639892904953
models/experiment_61_random_random_14/model6,4680.0,0.8852852852852853,0.8299866131191432
models/experiment_61_random_random_14/model8,130.0,0.5123123123123123,0.4899598393574297
models/experiment_61_random_random_14/model8,260.0,0.6720720720720721,0.6720214190093708
models/experiment_61_random_random_14/model8,390.0,0.721921921921922,0.7643908969210174
models/experiment_61_random_random_14/model8,520.0,0.7243243243243244,0.7322623828647925
models/experiment_61_random_random_14/model8,650.0,0.7561561561561562,0.7630522088353414
models/experiment_61_random_random_14/model8,780.0,0.7207207207207207,0.7255689424364123
models/experiment_61_random_random_14/model8,910.0,0.7693693693693694,0.7791164658634538
models/experiment_61_random_random_14/model8,1040.0,0.7345345345345345,0.7483266398929049
models/experiment_61_random_random_14/model8,1170.0,0.7813813813813814,0.8032128514056225
models/experiment_61_random_random_14/model8,1300.0,0.7555555555555555,0.7684069611780455
models/experiment_61_random_random_14/model8,1430.0,0.809009009009009,0.7938420348058902
models/experiment_61_random_random_14/model8,1560.0,0.821021021021021,0.8259705488621151
models/experiment_61_random_random_14/model8,1690.0,0.8252252252252252,0.8380187416331994
models/experiment_61_random_random_14/model8,1820.0,0.8306306306306306,0.8139223560910308
models/experiment_61_random_random_14/model8,1950.0,0.8018018018018018,0.7389558232931727
models/experiment_61_random_random_14/model8,2080.0,0.8294294294294294,0.8045515394912985
models/experiment_61_random_random_14/model8,2210.0,0.8102102102102102,0.7871485943775101
models/experiment_61_random_random_14/model8,2340.0,0.8390390390390391,0.8246318607764391
models/experiment_61_random_random_14/model8,2470.0,0.8306306306306306,0.8112449799196787
models/experiment_61_random_random_14/model8,2600.0,0.8378378378378378,0.8112449799196787
models/experiment_61_random_random_14/model8,2730.0,0.8390390390390391,0.7951807228915663
models/experiment_61_random_random_14/model8,2860.0,0.8426426426426427,0.7898259705488622
models/experiment_61_random_random_14/model8,2990.0,0.8342342342342343,0.7764390896921017
models/experiment_61_random_random_14/model8,3120.0,0.8672672672672672,0.8192771084337349
models/experiment_61_random_random_14/model8,3250.0,0.851051051051051,0.8139223560910308
models/experiment_61_random_random_14/model8,3380.0,0.8528528528528528,0.8299866131191432
models/experiment_61_random_random_14/model8,3510.0,0.8492492492492493,0.7938420348058902
models/experiment_61_random_random_14/model8,3640.0,0.8666666666666667,0.8179384203480589
models/experiment_61_random_random_14/model8,3770.0,0.8606606606606607,0.8125836680053548
models/experiment_61_random_random_14/model8,3900.0,0.8714714714714715,0.8340026773761714
models/experiment_61_random_random_14/model8,4030.0,0.8516516516516517,0.820615796519411
models/experiment_61_random_random_14/model8,4160.0,0.8726726726726727,0.8246318607764391
models/experiment_61_random_random_14/model8,4290.0,0.8714714714714715,0.7951807228915663
models/experiment_61_random_random_14/model8,4420.0,0.8672672672672672,0.8058902275769746
models/experiment_61_random_random_14/model8,4550.0,0.8750750750750751,0.820615796519411
models/experiment_61_random_random_14/model8,4680.0,0.8858858858858859,0.8032128514056225
models/experiment_61_random_random_14/model5,130.0,0.5501501501501501,0.5568942436412316
models/experiment_61_random_random_14/model5,260.0,0.5993993993993993,0.6358768406961178
models/experiment_61_random_random_14/model5,390.0,0.669069069069069,0.6987951807228916
models/experiment_61_random_random_14/model5,520.0,0.7291291291291291,0.7643908969210174
models/experiment_61_random_random_14/model5,650.0,0.7177177177177178,0.7282463186077643
models/experiment_61_random_random_14/model5,780.0,0.7357357357357357,0.7590361445783133
models/experiment_61_random_random_14/model5,910.0,0.7723723723723723,0.7710843373493976
models/experiment_61_random_random_14/model5,1040.0,0.7651651651651652,0.7831325301204819
models/experiment_61_random_random_14/model5,1170.0,0.790990990990991,0.8005354752342704
models/experiment_61_random_random_14/model5,1300.0,0.7963963963963964,0.7737617135207496
models/experiment_61_random_random_14/model5,1430.0,0.7957957957957958,0.7965194109772423
models/experiment_61_random_random_14/model5,1560.0,0.8258258258258259,0.8072289156626506
models/experiment_61_random_random_14/model5,1690.0,0.8066066066066067,0.7925033467202142
models/experiment_61_random_random_14/model5,1820.0,0.8006006006006006,0.7590361445783133
models/experiment_61_random_random_14/model5,1950.0,0.7855855855855856,0.8099062918340026
models/experiment_61_random_random_14/model5,2080.0,0.8294294294294294,0.784471218206158
models/experiment_61_random_random_14/model5,2210.0,0.8282282282282283,0.8005354752342704
models/experiment_61_random_random_14/model5,2340.0,0.8348348348348348,0.8018741633199464
models/experiment_61_random_random_14/model5,2470.0,0.8252252252252252,0.8058902275769746
models/experiment_61_random_random_14/model5,2600.0,0.8294294294294294,0.8018741633199464
models/experiment_61_random_random_14/model5,2730.0,0.8684684684684685,0.820615796519411
models/experiment_61_random_random_14/model5,2860.0,0.833033033033033,0.7951807228915663
models/experiment_61_random_random_14/model5,2990.0,0.8546546546546546,0.8179384203480589
models/experiment_61_random_random_14/model5,3120.0,0.8474474474474475,0.8072289156626506
models/experiment_61_random_random_14/model5,3250.0,0.8498498498498499,0.8045515394912985
models/experiment_61_random_random_14/model5,3380.0,0.851051051051051,0.8005354752342704
models/experiment_61_random_random_14/model5,3510.0,0.8366366366366367,0.8005354752342704
models/experiment_61_random_random_14/model5,3640.0,0.8672672672672672,0.7978580990629184
models/experiment_61_random_random_14/model5,3770.0,0.8648648648648649,0.7938420348058902
models/experiment_61_random_random_14/model5,3900.0,0.8552552552552553,0.7871485943775101
models/experiment_61_random_random_14/model5,4030.0,0.857057057057057,0.8058902275769746
models/experiment_61_random_random_14/model5,4160.0,0.8612612612612612,0.7938420348058902
models/experiment_61_random_random_14/model5,4290.0,0.8726726726726727,0.8125836680053548
models/experiment_61_random_random_14/model5,4420.0,0.8792792792792793,0.8165997322623829
models/experiment_61_random_random_14/model5,4550.0,0.8792792792792793,0.8179384203480589
models/experiment_61_random_random_14/model5,4680.0,0.8858858858858859,0.8045515394912985
models/experiment_61_random_random_14/model7,130.0,0.5117117117117117,0.4926372155287818
models/experiment_61_random_random_14/model7,260.0,0.6810810810810811,0.6854082998661312
models/experiment_61_random_random_14/model7,390.0,0.7267267267267268,0.7550200803212851
models/experiment_61_random_random_14/model7,520.0,0.6492492492492492,0.7108433734939759
models/experiment_61_random_random_14/model7,650.0,0.7303303303303303,0.7523427041499331
models/experiment_61_random_random_14/model7,780.0,0.721921921921922,0.7590361445783133
models/experiment_61_random_random_14/model7,910.0,0.7651651651651652,0.7951807228915663
models/experiment_61_random_random_14/model7,1040.0,0.7561561561561562,0.7617135207496654
models/experiment_61_random_random_14/model7,1170.0,0.7393393393393394,0.7563587684069611
models/experiment_61_random_random_14/model7,1300.0,0.7897897897897898,0.7938420348058902
models/experiment_61_random_random_14/model7,1430.0,0.7735735735735736,0.7590361445783133
models/experiment_61_random_random_14/model7,1560.0,0.7981981981981981,0.7965194109772423
models/experiment_61_random_random_14/model7,1690.0,0.8168168168168168,0.8192771084337349
models/experiment_61_random_random_14/model7,1820.0,0.7951951951951952,0.8299866131191432
models/experiment_61_random_random_14/model7,1950.0,0.803003003003003,0.820615796519411
models/experiment_61_random_random_14/model7,2080.0,0.8294294294294294,0.8125836680053548
models/experiment_61_random_random_14/model7,2210.0,0.8234234234234235,0.8085676037483266
models/experiment_61_random_random_14/model7,2340.0,0.8408408408408409,0.8406961178045516
models/experiment_61_random_random_14/model7,2470.0,0.8198198198198198,0.8112449799196787
models/experiment_61_random_random_14/model7,2600.0,0.8306306306306306,0.8232931726907631
models/experiment_61_random_random_14/model7,2730.0,0.8558558558558559,0.8299866131191432
models/experiment_61_random_random_14/model7,2860.0,0.8468468468468469,0.8406961178045516
models/experiment_61_random_random_14/model7,2990.0,0.8234234234234235,0.8246318607764391
models/experiment_61_random_random_14/model7,3120.0,0.8492492492492493,0.8005354752342704
models/experiment_61_random_random_14/model7,3250.0,0.8534534534534535,0.820615796519411
models/experiment_61_random_random_14/model7,3380.0,0.8582582582582583,0.8125836680053548
models/experiment_61_random_random_14/model7,3510.0,0.842042042042042,0.8420348058902276
models/experiment_61_random_random_14/model7,3640.0,0.8642642642642643,0.8286479250334672
models/experiment_61_random_random_14/model7,3770.0,0.8576576576576577,0.8353413654618473
models/experiment_61_random_random_14/model7,3900.0,0.8504504504504504,0.8473895582329317
models/experiment_61_random_random_14/model7,4030.0,0.8546546546546546,0.8179384203480589
models/experiment_61_random_random_14/model7,4160.0,0.8528528528528528,0.8179384203480589
models/experiment_61_random_random_14/model7,4290.0,0.8672672672672672,0.8072289156626506
models/experiment_61_random_random_14/model7,4420.0,0.8690690690690691,0.7991967871485943
models/experiment_61_random_random_14/model7,4550.0,0.8870870870870871,0.8460508701472557
models/experiment_61_random_random_14/model7,4680.0,0.8768768768768769,0.8125836680053548
models/experiment_61_random_random_14/model4,130.0,0.5543543543543543,0.5836680053547524
models/experiment_61_random_random_14/model4,260.0,0.5381381381381382,0.5327978580990629
models/experiment_61_random_random_14/model4,390.0,0.7339339339339339,0.7563587684069611
models/experiment_61_random_random_14/model4,520.0,0.7399399399399399,0.7657295850066934
models/experiment_61_random_random_14/model4,650.0,0.7117117117117117,0.7416331994645248
models/experiment_61_random_random_14/model4,780.0,0.7513513513513513,0.7576974564926372
models/experiment_61_random_random_14/model4,910.0,0.7555555555555555,0.7831325301204819
models/experiment_61_random_random_14/model4,1040.0,0.7411411411411412,0.7483266398929049
models/experiment_61_random_random_14/model4,1170.0,0.7801801801801802,0.7764390896921017
models/experiment_61_random_random_14/model4,1300.0,0.772972972972973,0.7804551539491299
models/experiment_61_random_random_14/model4,1430.0,0.7771771771771772,0.7884872824631861
models/experiment_61_random_random_14/model4,1560.0,0.772972972972973,0.785809906291834
models/experiment_61_random_random_14/model4,1690.0,0.793993993993994,0.7751004016064257
models/experiment_61_random_random_14/model4,1820.0,0.8126126126126126,0.8032128514056225
models/experiment_61_random_random_14/model4,1950.0,0.8324324324324325,0.7751004016064257
models/experiment_61_random_random_14/model4,2080.0,0.8294294294294294,0.8286479250334672
models/experiment_61_random_random_14/model4,2210.0,0.824024024024024,0.7884872824631861
models/experiment_61_random_random_14/model4,2340.0,0.8156156156156156,0.8286479250334672
models/experiment_61_random_random_14/model4,2470.0,0.821021021021021,0.7871485943775101
models/experiment_61_random_random_14/model4,2600.0,0.8384384384384385,0.8179384203480589
models/experiment_61_random_random_14/model4,2730.0,0.8486486486486486,0.8152610441767069
models/experiment_61_random_random_14/model4,2860.0,0.8390390390390391,0.7951807228915663
models/experiment_61_random_random_14/model4,2990.0,0.8486486486486486,0.8192771084337349
models/experiment_61_random_random_14/model4,3120.0,0.8390390390390391,0.7925033467202142
models/experiment_61_random_random_14/model4,3250.0,0.8450450450450451,0.8045515394912985
models/experiment_61_random_random_14/model4,3380.0,0.8528528528528528,0.8447121820615796
models/experiment_61_random_random_14/model4,3510.0,0.851051051051051,0.8353413654618473
models/experiment_61_random_random_14/model4,3640.0,0.8618618618618619,0.8058902275769746
models/experiment_61_random_random_14/model4,3770.0,0.8618618618618619,0.8165997322623829
models/experiment_61_random_random_14/model4,3900.0,0.8600600600600601,0.8192771084337349
models/experiment_61_random_random_14/model4,4030.0,0.8744744744744745,0.8273092369477911
models/experiment_61_random_random_14/model4,4160.0,0.8786786786786787,0.8232931726907631
models/experiment_61_random_random_14/model4,4290.0,0.8738738738738738,0.8406961178045516
models/experiment_61_random_random_14/model4,4420.0,0.8684684684684685,0.8326639892904953
models/experiment_61_random_random_14/model4,4550.0,0.8636636636636636,0.8072289156626506
models/experiment_61_random_random_14/model4,4680.0,0.8792792792792793,0.8058902275769746
models/experiment_61_random_random_14/model10,130.0,0.5345345345345346,0.5381526104417671
models/experiment_61_random_random_14/model10,260.0,0.6384384384384384,0.7001338688085676
models/experiment_61_random_random_14/model10,390.0,0.6984984984984985,0.7349397590361446
models/experiment_61_random_random_14/model10,520.0,0.6948948948948949,0.6947791164658634
models/experiment_61_random_random_14/model10,650.0,0.745945945945946,0.7831325301204819
models/experiment_61_random_random_14/model10,780.0,0.7639639639639639,0.7831325301204819
models/experiment_61_random_random_14/model10,910.0,0.7489489489489489,0.7255689424364123
models/experiment_61_random_random_14/model10,1040.0,0.7483483483483484,0.7737617135207496
models/experiment_61_random_random_14/model10,1170.0,0.7837837837837838,0.7590361445783133
models/experiment_61_random_random_14/model10,1300.0,0.7963963963963964,0.7884872824631861
models/experiment_61_random_random_14/model10,1430.0,0.8018018018018018,0.8125836680053548
models/experiment_61_random_random_14/model10,1560.0,0.8048048048048048,0.7965194109772423
models/experiment_61_random_random_14/model10,1690.0,0.8066066066066067,0.7911646586345381
models/experiment_61_random_random_14/model10,1820.0,0.8186186186186186,0.7831325301204819
models/experiment_61_random_random_14/model10,1950.0,0.8234234234234235,0.8259705488621151
models/experiment_61_random_random_14/model10,2080.0,0.8426426426426427,0.7965194109772423
models/experiment_61_random_random_14/model10,2210.0,0.8342342342342343,0.8125836680053548
models/experiment_61_random_random_14/model10,2340.0,0.8324324324324325,0.8045515394912985
models/experiment_61_random_random_14/model10,2470.0,0.8396396396396396,0.820615796519411
models/experiment_61_random_random_14/model10,2600.0,0.8384384384384385,0.8058902275769746
models/experiment_61_random_random_14/model10,2730.0,0.848048048048048,0.8099062918340026
models/experiment_61_random_random_14/model10,2860.0,0.8450450450450451,0.8005354752342704
models/experiment_61_random_random_14/model10,2990.0,0.8342342342342343,0.784471218206158
models/experiment_61_random_random_14/model10,3120.0,0.8342342342342343,0.8232931726907631
models/experiment_61_random_random_14/model10,3250.0,0.8468468468468469,0.821954484605087
models/experiment_61_random_random_14/model10,3380.0,0.8582582582582583,0.8099062918340026
models/experiment_61_random_random_14/model10,3510.0,0.8522522522522522,0.8165997322623829
models/experiment_61_random_random_14/model10,3640.0,0.8642642642642643,0.8273092369477911
models/experiment_61_random_random_14/model10,3770.0,0.8750750750750751,0.8299866131191432
models/experiment_61_random_random_14/model10,3900.0,0.8636636636636636,0.8005354752342704
models/experiment_61_random_random_14/model10,4030.0,0.8516516516516517,0.8125836680053548
models/experiment_61_random_random_14/model10,4160.0,0.8678678678678678,0.8232931726907631
models/experiment_61_random_random_14/model10,4290.0,0.872072072072072,0.7911646586345381
models/experiment_61_random_random_14/model10,4420.0,0.8732732732732733,0.8259705488621151
models/experiment_61_random_random_14/model10,4550.0,0.8786786786786787,0.8099062918340026
models/experiment_61_random_random_14/model10,4680.0,0.8882882882882883,0.821954484605087
models/experiment_61_random_random_14/model2,130.0,0.593993993993994,0.5970548862115127
models/experiment_61_random_random_14/model2,260.0,0.654054054054054,0.6894243641231593
models/experiment_61_random_random_14/model2,390.0,0.6792792792792792,0.713520749665328
models/experiment_61_random_random_14/model2,520.0,0.7081081081081081,0.7362784471218207
models/experiment_61_random_random_14/model2,650.0,0.7099099099099099,0.7282463186077643
models/experiment_61_random_random_14/model2,780.0,0.751951951951952,0.7791164658634538
models/experiment_61_random_random_14/model2,910.0,0.7711711711711712,0.8152610441767069
models/experiment_61_random_random_14/model2,1040.0,0.7399399399399399,0.7402945113788487
models/experiment_61_random_random_14/model2,1170.0,0.757957957957958,0.7817938420348058
models/experiment_61_random_random_14/model2,1300.0,0.7681681681681681,0.7911646586345381
models/experiment_61_random_random_14/model2,1430.0,0.812012012012012,0.8246318607764391
models/experiment_61_random_random_14/model2,1560.0,0.7663663663663663,0.7764390896921017
models/experiment_61_random_random_14/model2,1690.0,0.7957957957957958,0.7697456492637216
models/experiment_61_random_random_14/model2,1820.0,0.7855855855855856,0.7925033467202142
models/experiment_61_random_random_14/model2,1950.0,0.8384384384384385,0.8406961178045516
models/experiment_61_random_random_14/model2,2080.0,0.815015015015015,0.7951807228915663
models/experiment_61_random_random_14/model2,2210.0,0.812012012012012,0.8099062918340026
models/experiment_61_random_random_14/model2,2340.0,0.8402402402402402,0.7898259705488622
models/experiment_61_random_random_14/model2,2470.0,0.8300300300300301,0.8152610441767069
models/experiment_61_random_random_14/model2,2600.0,0.836036036036036,0.7965194109772423
models/experiment_61_random_random_14/model2,2730.0,0.8378378378378378,0.8192771084337349
models/experiment_61_random_random_14/model2,2860.0,0.8546546546546546,0.8232931726907631
models/experiment_61_random_random_14/model2,2990.0,0.8498498498498499,0.7991967871485943
models/experiment_61_random_random_14/model2,3120.0,0.8492492492492493,0.8099062918340026
models/experiment_61_random_random_14/model2,3250.0,0.8486486486486486,0.8072289156626506
models/experiment_61_random_random_14/model2,3380.0,0.8474474474474475,0.8018741633199464
models/experiment_61_random_random_14/model2,3510.0,0.8486486486486486,0.8139223560910308
models/experiment_61_random_random_14/model2,3640.0,0.8486486486486486,0.8340026773761714
models/experiment_61_random_random_14/model2,3770.0,0.848048048048048,0.8152610441767069
models/experiment_61_random_random_14/model2,3900.0,0.8696696696696696,0.7898259705488622
models/experiment_61_random_random_14/model2,4030.0,0.857057057057057,0.8152610441767069
models/experiment_61_random_random_14/model2,4160.0,0.8600600600600601,0.7978580990629184
models/experiment_61_random_random_14/model2,4290.0,0.8696696696696696,0.8018741633199464
models/experiment_61_random_random_14/model2,4420.0,0.8762762762762762,0.8246318607764391
models/experiment_61_random_random_14/model2,4550.0,0.8708708708708709,0.8353413654618473
models/experiment_61_random_random_14/model2,4680.0,0.8732732732732733,0.8165997322623829
