model_name,num_test_data,valid_acc,eval_acc
models/experiment_59_bald_random_4/model3,130.0,0.6181520850367948,0.6036161335187761
models/experiment_59_bald_random_4/model3,260.0,0.7179067865903516,0.6662030598052852
models/experiment_59_bald_random_4/model3,390.0,0.7604251839738349,0.7093184979137691
models/experiment_59_bald_random_4/model3,520.0,0.7473426001635323,0.6828929068150209
models/experiment_59_bald_random_4/model3,650.0,0.7898609975470156,0.7538247566063978
models/experiment_59_bald_random_4/model3,780.0,0.7890433360588717,0.7593880389429764
models/experiment_59_bald_random_4/model3,910.0,0.7939493049877351,0.7579972183588317
models/experiment_59_bald_random_4/model3,1040.0,0.820932134096484,0.7468706536856745
models/experiment_59_bald_random_4/model3,1170.0,0.7865903515944399,0.7301808066759388
models/experiment_59_bald_random_4/model3,1300.0,0.8225674570727719,0.6995827538247567
models/experiment_59_bald_random_4/model3,1430.0,0.8438266557645135,0.7913769123783032
models/experiment_59_bald_random_4/model3,1560.0,0.8250204415372036,0.7858136300417247
models/experiment_59_bald_random_4/model3,1690.0,0.8609975470155355,0.7830319888734353
models/experiment_59_bald_random_4/model3,1820.0,0.8577269010629599,0.7621696801112656
models/experiment_59_bald_random_4/model3,1950.0,0.8536385936222404,0.7705146036161336
models/experiment_59_bald_random_4/model3,2080.0,0.8520032706459526,0.7746870653685675
models/experiment_59_bald_random_4/model3,2210.0,0.8740801308258381,0.7872044506258693
models/experiment_59_bald_random_4/model3,2340.0,0.8855273916598528,0.760778859527121
models/experiment_59_bald_random_4/model3,2470.0,0.8855273916598528,0.8233657858136301
models/experiment_59_bald_random_4/model3,2600.0,0.9002452984464432,0.8011126564673157
models/experiment_59_bald_random_4/model3,2730.0,0.8798037612428454,0.7371349095966621
models/experiment_59_bald_random_4/model3,2860.0,0.9043336058871627,0.7983310152990264
models/experiment_59_bald_random_4/model3,2990.0,0.8937040065412919,0.799721835883171
models/experiment_59_bald_random_4/model3,3120.0,0.9092395748160261,0.7719054242002782
models/experiment_59_bald_random_4/model3,3250.0,0.8986099754701553,0.8122392211404729
models/experiment_59_bald_random_4/model3,3380.0,0.9165985282093213,0.8122392211404729
models/experiment_59_bald_random_4/model3,3510.0,0.9035159443990188,0.8205841446453408
models/experiment_59_bald_random_4/model3,3640.0,0.9059689288634505,0.827538247566064
models/experiment_59_bald_random_4/model9,130.0,0.5789043336058871,0.5897079276773296
models/experiment_59_bald_random_4/model9,260.0,0.5233033524121014,0.5201668984700973
models/experiment_59_bald_random_4/model9,390.0,0.5666394112837285,0.5563282336578581
models/experiment_59_bald_random_4/model9,520.0,0.7792313982011447,0.7051460361613352
models/experiment_59_bald_random_4/model9,650.0,0.7636958299264105,0.7162726008344924
models/experiment_59_bald_random_4/model9,780.0,0.7710547833197057,0.7496522948539638
models/experiment_59_bald_random_4/model9,910.0,0.8176614881439084,0.803894297635605
models/experiment_59_bald_random_4/model9,1040.0,0.7980376124284546,0.7927677329624478
models/experiment_59_bald_random_4/model9,1170.0,0.821749795584628,0.7663421418636995
models/experiment_59_bald_random_4/model9,1300.0,0.8078495502861816,0.7593880389429764
models/experiment_59_bald_random_4/model9,1430.0,0.8299264104660671,0.7844228094575799
models/experiment_59_bald_random_4/model9,1560.0,0.8479149632052331,0.7816411682892906
models/experiment_59_bald_random_4/model9,1690.0,0.8438266557645135,0.8331015299026425
models/experiment_59_bald_random_4/model9,1820.0,0.8675388389206868,0.7927677329624478
models/experiment_59_bald_random_4/model9,1950.0,0.8618152085036794,0.7426981919332406
models/experiment_59_bald_random_4/model9,2080.0,0.8356500408830744,0.7482614742698191
models/experiment_59_bald_random_4/model9,2210.0,0.8421913327882257,0.7496522948539638
models/experiment_59_bald_random_4/model9,2340.0,0.8593622240392478,0.7955493741307371
models/experiment_59_bald_random_4/model9,2470.0,0.8798037612428454,0.8122392211404729
models/experiment_59_bald_random_4/model9,2600.0,0.8871627146361406,0.8094575799721836
models/experiment_59_bald_random_4/model9,2730.0,0.9067865903515945,0.8094575799721836
models/experiment_59_bald_random_4/model9,2860.0,0.8887980376124285,0.8094575799721836
models/experiment_59_bald_random_4/model9,2990.0,0.8920686835650041,0.8164116828929068
models/experiment_59_bald_random_4/model9,3120.0,0.8953393295175798,0.8094575799721836
models/experiment_59_bald_random_4/model9,3250.0,0.8961569910057237,0.8344923504867872
models/experiment_59_bald_random_4/model9,3380.0,0.9002452984464432,0.8164116828929068
models/experiment_59_bald_random_4/model9,3510.0,0.9092395748160261,0.827538247566064
models/experiment_59_bald_random_4/model9,3640.0,0.901880621422731,0.8358831710709318
models/experiment_59_bald_random_4/model1,130.0,0.5944399018806215,0.5201668984700973
models/experiment_59_bald_random_4/model1,260.0,0.5372035977105478,0.5257301808066759
models/experiment_59_bald_random_4/model1,390.0,0.7424366312346689,0.7732962447844228
models/experiment_59_bald_random_4/model1,520.0,0.7358953393295176,0.780250347705146
models/experiment_59_bald_random_4/model1,650.0,0.7898609975470156,0.7885952712100139
models/experiment_59_bald_random_4/model1,780.0,0.785772690106296,0.7426981919332406
models/experiment_59_bald_random_4/model1,910.0,0.8103025347506132,0.7760778859527121
models/experiment_59_bald_random_4/model1,1040.0,0.8266557645134914,0.7482614742698191
models/experiment_59_bald_random_4/model1,1170.0,0.8470973017170891,0.7677329624478443
models/experiment_59_bald_random_4/model1,1300.0,0.848732624693377,0.7788595271210014
models/experiment_59_bald_random_4/model1,1430.0,0.8315617334423548,0.7746870653685675
models/experiment_59_bald_random_4/model1,1560.0,0.8413736713000818,0.7635605006954103
models/experiment_59_bald_random_4/model1,1690.0,0.8887980376124285,0.8233657858136301
models/experiment_59_bald_random_4/model1,1820.0,0.8765331152902698,0.7732962447844228
models/experiment_59_bald_random_4/model1,1950.0,0.8724448078495503,0.8066759388038943
models/experiment_59_bald_random_4/model1,2080.0,0.883892068683565,0.7927677329624478
models/experiment_59_bald_random_4/model1,2210.0,0.8765331152902698,0.7705146036161336
models/experiment_59_bald_random_4/model1,2340.0,0.8814390842191333,0.7969401947148818
models/experiment_59_bald_random_4/model1,2470.0,0.8896156991005724,0.7927677329624478
models/experiment_59_bald_random_4/model1,2600.0,0.8961569910057237,0.7788595271210014
models/experiment_59_bald_random_4/model1,2730.0,0.8887980376124285,0.8164116828929068
models/experiment_59_bald_random_4/model1,2860.0,0.9002452984464432,0.8011126564673157
models/experiment_59_bald_random_4/model1,2990.0,0.8912510220768601,0.8136300417246175
models/experiment_59_bald_random_4/model1,3120.0,0.9092395748160261,0.8164116828929068
models/experiment_59_bald_random_4/model1,3250.0,0.8969746524938675,0.7691237830319889
models/experiment_59_bald_random_4/model1,3380.0,0.919869174161897,0.8108484005563282
models/experiment_59_bald_random_4/model1,3510.0,0.9116925592804579,0.8066759388038943
models/experiment_59_bald_random_4/model1,3640.0,0.9116925592804579,0.7983310152990264
models/experiment_59_bald_random_4/model6,130.0,0.5895339329517579,0.564673157162726
models/experiment_59_bald_random_4/model6,260.0,0.6827473426001636,0.6703755215577191
models/experiment_59_bald_random_4/model6,390.0,0.7465249386753884,0.7301808066759388
models/experiment_59_bald_random_4/model6,520.0,0.7808667211774325,0.7315716272600834
models/experiment_59_bald_random_4/model6,650.0,0.794766966475879,0.6870653685674548
models/experiment_59_bald_random_4/model6,780.0,0.7555192150449714,0.6912378303198887
models/experiment_59_bald_random_4/model6,910.0,0.7898609975470156,0.7482614742698191
models/experiment_59_bald_random_4/model6,1040.0,0.8062142273098937,0.760778859527121
models/experiment_59_bald_random_4/model6,1170.0,0.8184791496320524,0.7649513212795549
models/experiment_59_bald_random_4/model6,1300.0,0.8242027800490597,0.7538247566063978
models/experiment_59_bald_random_4/model6,1430.0,0.8446443172526574,0.8136300417246175
models/experiment_59_bald_random_4/model6,1560.0,0.8479149632052331,0.7454798331015299
models/experiment_59_bald_random_4/model6,1690.0,0.8577269010629599,0.8122392211404729
models/experiment_59_bald_random_4/model6,1820.0,0.8659035159443991,0.799721835883171
models/experiment_59_bald_random_4/model6,1950.0,0.8691741618969746,0.7788595271210014
models/experiment_59_bald_random_4/model6,2080.0,0.8438266557645135,0.7079276773296245
models/experiment_59_bald_random_4/model6,2210.0,0.8585445625511039,0.7760778859527121
models/experiment_59_bald_random_4/model6,2340.0,0.8593622240392478,0.7760778859527121
models/experiment_59_bald_random_4/model6,2470.0,0.874897792313982,0.7579972183588317
models/experiment_59_bald_random_4/model6,2600.0,0.8937040065412919,0.8372739916550765
models/experiment_59_bald_random_4/model6,2730.0,0.8953393295175798,0.8025034770514604
models/experiment_59_bald_random_4/model6,2860.0,0.9002452984464432,0.7983310152990264
models/experiment_59_bald_random_4/model6,2990.0,0.8879803761242846,0.8219749652294854
models/experiment_59_bald_random_4/model6,3120.0,0.9035159443990188,0.7927677329624478
models/experiment_59_bald_random_4/model6,3250.0,0.8937040065412919,0.7705146036161336
models/experiment_59_bald_random_4/model6,3380.0,0.9125102207686018,0.8108484005563282
models/experiment_59_bald_random_4/model6,3510.0,0.8953393295175798,0.7732962447844228
models/experiment_59_bald_random_4/model6,3640.0,0.9076042518397384,0.803894297635605
models/experiment_59_bald_random_4/model8,130.0,0.5273916598528209,0.5396383866481224
models/experiment_59_bald_random_4/model8,260.0,0.6549468520032706,0.631432545201669
models/experiment_59_bald_random_4/model8,390.0,0.695829926410466,0.6634214186369958
models/experiment_59_bald_random_4/model8,520.0,0.7645134914145544,0.7260083449235049
models/experiment_59_bald_random_4/model8,650.0,0.7865903515944399,0.7343532684283728
models/experiment_59_bald_random_4/model8,780.0,0.7890433360588717,0.7510431154381085
models/experiment_59_bald_random_4/model8,910.0,0.8094848732624693,0.7663421418636995
models/experiment_59_bald_random_4/model8,1040.0,0.8045789043336059,0.7385257301808067
models/experiment_59_bald_random_4/model8,1170.0,0.8274734260016353,0.7440890125173852
models/experiment_59_bald_random_4/model8,1300.0,0.8233851185609158,0.7579972183588317
models/experiment_59_bald_random_4/model8,1430.0,0.8438266557645135,0.8052851182197497
models/experiment_59_bald_random_4/model8,1560.0,0.848732624693377,0.7774687065368567
models/experiment_59_bald_random_4/model8,1690.0,0.8454619787408013,0.7705146036161336
models/experiment_59_bald_random_4/model8,1820.0,0.8470973017170891,0.7746870653685675
models/experiment_59_bald_random_4/model8,1950.0,0.8405560098119379,0.7635605006954103
models/experiment_59_bald_random_4/model8,2080.0,0.8691741618969746,0.7927677329624478
models/experiment_59_bald_random_4/model8,2210.0,0.8765331152902698,0.8261474269819193
models/experiment_59_bald_random_4/model8,2340.0,0.8757154538021259,0.7941585535465925
models/experiment_59_bald_random_4/model8,2470.0,0.8724448078495503,0.7955493741307371
models/experiment_59_bald_random_4/model8,2600.0,0.9051512673753066,0.7621696801112656
models/experiment_59_bald_random_4/model8,2730.0,0.9002452984464432,0.7858136300417247
models/experiment_59_bald_random_4/model8,2860.0,0.8798037612428454,0.803894297635605
models/experiment_59_bald_random_4/model8,2990.0,0.9076042518397384,0.8066759388038943
models/experiment_59_bald_random_4/model8,3120.0,0.9067865903515945,0.8372739916550765
models/experiment_59_bald_random_4/model8,3250.0,0.892886345053148,0.7593880389429764
models/experiment_59_bald_random_4/model8,3380.0,0.9076042518397384,0.827538247566064
models/experiment_59_bald_random_4/model8,3510.0,0.9182338511856092,0.8497913769123783
models/experiment_59_bald_random_4/model8,3640.0,0.9165985282093213,0.8205841446453408
models/experiment_59_bald_random_4/model5,130.0,0.570727718724448,0.541029207232267
models/experiment_59_bald_random_4/model5,260.0,0.7048242027800491,0.674547983310153
models/experiment_59_bald_random_4/model5,390.0,0.7301717089125103,0.7329624478442281
models/experiment_59_bald_random_4/model5,520.0,0.7833197056418643,0.7357440890125174
models/experiment_59_bald_random_4/model5,650.0,0.7914963205233033,0.7635605006954103
models/experiment_59_bald_random_4/model5,780.0,0.7833197056418643,0.741307371349096
models/experiment_59_bald_random_4/model5,910.0,0.8045789043336059,0.7858136300417247
models/experiment_59_bald_random_4/model5,1040.0,0.8250204415372036,0.808066759388039
models/experiment_59_bald_random_4/model5,1170.0,0.8323793949304987,0.7774687065368567
models/experiment_59_bald_random_4/model5,1300.0,0.8266557645134914,0.7788595271210014
models/experiment_59_bald_random_4/model5,1430.0,0.8454619787408013,0.7663421418636995
models/experiment_59_bald_random_4/model5,1560.0,0.8323793949304987,0.7732962447844228
models/experiment_59_bald_random_4/model5,1690.0,0.8536385936222404,0.7858136300417247
models/experiment_59_bald_random_4/model5,1820.0,0.8495502861815208,0.7774687065368567
models/experiment_59_bald_random_4/model5,1950.0,0.8528209321340965,0.7941585535465925
models/experiment_59_bald_random_4/model5,2080.0,0.8765331152902698,0.803894297635605
models/experiment_59_bald_random_4/model5,2210.0,0.874897792313982,0.8108484005563282
models/experiment_59_bald_random_4/model5,2340.0,0.8708094848732625,0.8052851182197497
models/experiment_59_bald_random_4/model5,2470.0,0.8855273916598528,0.799721835883171
models/experiment_59_bald_random_4/model5,2600.0,0.8871627146361406,0.7941585535465925
models/experiment_59_bald_random_4/model5,2730.0,0.8937040065412919,0.8178025034770514
models/experiment_59_bald_random_4/model5,2860.0,0.902698282910875,0.8150208623087621
models/experiment_59_bald_random_4/model5,2990.0,0.892886345053148,0.8066759388038943
models/experiment_59_bald_random_4/model5,3120.0,0.9059689288634505,0.7955493741307371
models/experiment_59_bald_random_4/model5,3250.0,0.910874897792314,0.8052851182197497
models/experiment_59_bald_random_4/model5,3380.0,0.8986099754701553,0.8025034770514604
models/experiment_59_bald_random_4/model5,3510.0,0.9182338511856092,0.8025034770514604
models/experiment_59_bald_random_4/model5,3640.0,0.902698282910875,0.8136300417246175
models/experiment_59_bald_random_4/model7,130.0,0.5560098119378577,0.5424200278164116
models/experiment_59_bald_random_4/model7,260.0,0.741618969746525,0.713490959666203
models/experiment_59_bald_random_4/model7,390.0,0.7391659852820932,0.6968011126564673
models/experiment_59_bald_random_4/model7,520.0,0.741618969746525,0.7232267037552156
models/experiment_59_bald_random_4/model7,650.0,0.7563368765331153,0.7371349095966621
models/experiment_59_bald_random_4/model7,780.0,0.758789860997547,0.7065368567454798
models/experiment_59_bald_random_4/model7,910.0,0.7800490596892886,0.7357440890125174
models/experiment_59_bald_random_4/model7,1040.0,0.8078495502861816,0.7538247566063978
models/experiment_59_bald_random_4/model7,1170.0,0.803761242845462,0.7524339360222532
models/experiment_59_bald_random_4/model7,1300.0,0.8372853638593623,0.7746870653685675
models/experiment_59_bald_random_4/model7,1430.0,0.8242027800490597,0.7593880389429764
models/experiment_59_bald_random_4/model7,1560.0,0.8364677023712184,0.7635605006954103
models/experiment_59_bald_random_4/model7,1690.0,0.8438266557645135,0.7885952712100139
models/experiment_59_bald_random_4/model7,1820.0,0.8585445625511039,0.7691237830319889
models/experiment_59_bald_random_4/model7,1950.0,0.8618152085036794,0.7788595271210014
models/experiment_59_bald_random_4/model7,2080.0,0.8520032706459526,0.7663421418636995
models/experiment_59_bald_random_4/model7,2210.0,0.8560915780866721,0.7426981919332406
models/experiment_59_bald_random_4/model7,2340.0,0.8642681929681112,0.7552155771905424
models/experiment_59_bald_random_4/model7,2470.0,0.8920686835650041,0.7983310152990264
models/experiment_59_bald_random_4/model7,2600.0,0.8814390842191333,0.803894297635605
models/experiment_59_bald_random_4/model7,2730.0,0.8879803761242846,0.8150208623087621
models/experiment_59_bald_random_4/model7,2860.0,0.9035159443990188,0.7635605006954103
models/experiment_59_bald_random_4/model7,2990.0,0.8994276369582993,0.803894297635605
models/experiment_59_bald_random_4/model7,3120.0,0.9116925592804579,0.8233657858136301
models/experiment_59_bald_random_4/model7,3250.0,0.9092395748160261,0.7969401947148818
models/experiment_59_bald_random_4/model7,3380.0,0.8969746524938675,0.7885952712100139
models/experiment_59_bald_random_4/model7,3510.0,0.9157808667211774,0.827538247566064
models/experiment_59_bald_random_4/model7,3640.0,0.9149632052330335,0.827538247566064
models/experiment_59_bald_random_4/model4,130.0,0.6320523303352412,0.6133518776077886
models/experiment_59_bald_random_4/model4,260.0,0.5829926410466068,0.5535465924895688
models/experiment_59_bald_random_4/model4,390.0,0.5813573180703189,0.5744089012517385
models/experiment_59_bald_random_4/model4,520.0,0.7645134914145544,0.7121001390820584
models/experiment_59_bald_random_4/model4,650.0,0.7825020441537204,0.7232267037552156
models/experiment_59_bald_random_4/model4,780.0,0.7604251839738349,0.7385257301808067
models/experiment_59_bald_random_4/model4,910.0,0.8160261651676206,0.7649513212795549
models/experiment_59_bald_random_4/model4,1040.0,0.8103025347506132,0.7663421418636995
models/experiment_59_bald_random_4/model4,1170.0,0.830744071954211,0.7941585535465925
models/experiment_59_bald_random_4/model4,1300.0,0.8258381030253475,0.7774687065368567
models/experiment_59_bald_random_4/model4,1430.0,0.83892068683565,0.7510431154381085
models/experiment_59_bald_random_4/model4,1560.0,0.8454619787408013,0.7621696801112656
models/experiment_59_bald_random_4/model4,1690.0,0.8356500408830744,0.741307371349096
models/experiment_59_bald_random_4/model4,1820.0,0.848732624693377,0.7691237830319889
models/experiment_59_bald_random_4/model4,1950.0,0.8757154538021259,0.8011126564673157
models/experiment_59_bald_random_4/model4,2080.0,0.8577269010629599,0.803894297635605
models/experiment_59_bald_random_4/model4,2210.0,0.866721177432543,0.7816411682892906
models/experiment_59_bald_random_4/model4,2340.0,0.8879803761242846,0.8289290681502086
models/experiment_59_bald_random_4/model4,2470.0,0.8789860997547015,0.7872044506258693
models/experiment_59_bald_random_4/model4,2600.0,0.8912510220768601,0.8289290681502086
models/experiment_59_bald_random_4/model4,2730.0,0.883892068683565,0.780250347705146
models/experiment_59_bald_random_4/model4,2860.0,0.901880621422731,0.7635605006954103
models/experiment_59_bald_random_4/model4,2990.0,0.9059689288634505,0.8025034770514604
models/experiment_59_bald_random_4/model4,3120.0,0.8912510220768601,0.8136300417246175
models/experiment_59_bald_random_4/model4,3250.0,0.9035159443990188,0.8247566063977747
models/experiment_59_bald_random_4/model4,3380.0,0.9141455437448897,0.7955493741307371
models/experiment_59_bald_random_4/model4,3510.0,0.9133278822567457,0.8178025034770514
models/experiment_59_bald_random_4/model4,3640.0,0.9067865903515945,0.8205841446453408
models/experiment_59_bald_random_4/model10,130.0,0.6557645134914145,0.6522948539638387
models/experiment_59_bald_random_4/model10,260.0,0.4766966475878986,0.47983310152990266
models/experiment_59_bald_random_4/model10,390.0,0.713818479149632,0.6328233657858137
models/experiment_59_bald_random_4/model10,520.0,0.7571545380212592,0.7162726008344924
models/experiment_59_bald_random_4/model10,650.0,0.7964022894521668,0.7343532684283728
models/experiment_59_bald_random_4/model10,780.0,0.820932134096484,0.7705146036161336
models/experiment_59_bald_random_4/model10,910.0,0.7914963205233033,0.7649513212795549
models/experiment_59_bald_random_4/model10,1040.0,0.8315617334423548,0.7677329624478443
models/experiment_59_bald_random_4/model10,1170.0,0.820932134096484,0.8164116828929068
models/experiment_59_bald_random_4/model10,1300.0,0.8413736713000818,0.7872044506258693
models/experiment_59_bald_random_4/model10,1430.0,0.8372853638593623,0.7830319888734353
models/experiment_59_bald_random_4/model10,1560.0,0.8242027800490597,0.7649513212795549
models/experiment_59_bald_random_4/model10,1690.0,0.8479149632052331,0.7385257301808067
models/experiment_59_bald_random_4/model10,1820.0,0.8789860997547015,0.7830319888734353
models/experiment_59_bald_random_4/model10,1950.0,0.8609975470155355,0.7705146036161336
models/experiment_59_bald_random_4/model10,2080.0,0.8896156991005724,0.7983310152990264
models/experiment_59_bald_random_4/model10,2210.0,0.8724448078495503,0.799721835883171
models/experiment_59_bald_random_4/model10,2340.0,0.8773507767784138,0.8011126564673157
models/experiment_59_bald_random_4/model10,2470.0,0.8724448078495503,0.7677329624478443
models/experiment_59_bald_random_4/model10,2600.0,0.884709730171709,0.8011126564673157
models/experiment_59_bald_random_4/model10,2730.0,0.9084219133278822,0.8219749652294854
models/experiment_59_bald_random_4/model10,2860.0,0.8830744071954211,0.7927677329624478
models/experiment_59_bald_random_4/model10,2990.0,0.8986099754701553,0.7983310152990264
models/experiment_59_bald_random_4/model10,3120.0,0.8945216680294358,0.8164116828929068
models/experiment_59_bald_random_4/model10,3250.0,0.9084219133278822,0.8178025034770514
models/experiment_59_bald_random_4/model10,3380.0,0.9125102207686018,0.799721835883171
models/experiment_59_bald_random_4/model10,3510.0,0.9100572363041701,0.7899860917941586
models/experiment_59_bald_random_4/model10,3640.0,0.9076042518397384,0.8150208623087621
models/experiment_59_bald_random_4/model2,130.0,0.6271463614063778,0.6008344923504868
models/experiment_59_bald_random_4/model2,260.0,0.47097301717089124,0.48261474269819193
models/experiment_59_bald_random_4/model2,390.0,0.749795584627964,0.7329624478442281
models/experiment_59_bald_random_4/model2,520.0,0.7530662305805397,0.717663421418637
models/experiment_59_bald_random_4/model2,650.0,0.7718724448078496,0.7524339360222532
models/experiment_59_bald_random_4/model2,780.0,0.7890433360588717,0.7705146036161336
models/experiment_59_bald_random_4/model2,910.0,0.8045789043336059,0.7538247566063978
models/experiment_59_bald_random_4/model2,1040.0,0.8176614881439084,0.7649513212795549
models/experiment_59_bald_random_4/model2,1170.0,0.8135731807031888,0.8025034770514604
models/experiment_59_bald_random_4/model2,1300.0,0.8233851185609158,0.7872044506258693
models/experiment_59_bald_random_4/model2,1430.0,0.8315617334423548,0.760778859527121
models/experiment_59_bald_random_4/model2,1560.0,0.8511856091578087,0.7399165507649513
models/experiment_59_bald_random_4/model2,1690.0,0.8479149632052331,0.8261474269819193
models/experiment_59_bald_random_4/model2,1820.0,0.8618152085036794,0.7927677329624478
models/experiment_59_bald_random_4/model2,1950.0,0.8438266557645135,0.7663421418636995
models/experiment_59_bald_random_4/model2,2080.0,0.8593622240392478,0.8108484005563282
models/experiment_59_bald_random_4/model2,2210.0,0.8740801308258381,0.7941585535465925
models/experiment_59_bald_random_4/model2,2340.0,0.8781684382665577,0.780250347705146
models/experiment_59_bald_random_4/model2,2470.0,0.8593622240392478,0.8066759388038943
models/experiment_59_bald_random_4/model2,2600.0,0.8781684382665577,0.803894297635605
models/experiment_59_bald_random_4/model2,2730.0,0.8609975470155355,0.8011126564673157
models/experiment_59_bald_random_4/model2,2860.0,0.9043336058871627,0.8303198887343533
models/experiment_59_bald_random_4/model2,2990.0,0.9043336058871627,0.8205841446453408
models/experiment_59_bald_random_4/model2,3120.0,0.902698282910875,0.8247566063977747
models/experiment_59_bald_random_4/model2,3250.0,0.9084219133278822,0.8108484005563282
models/experiment_59_bald_random_4/model2,3380.0,0.8945216680294358,0.7872044506258693
models/experiment_59_bald_random_4/model2,3510.0,0.9100572363041701,0.803894297635605
models/experiment_59_bald_random_4/model2,3640.0,0.9149632052330335,0.7760778859527121
