model_name,num_test_data,valid_acc,eval_acc
models/experiment_67_entropy_random_14/model3,130.0,0.5069069069069069,0.4979919678714859
models/experiment_67_entropy_random_14/model3,260.0,0.6654654654654655,0.7215528781793842
models/experiment_67_entropy_random_14/model3,390.0,0.6684684684684684,0.6907630522088354
models/experiment_67_entropy_random_14/model3,520.0,0.7081081081081081,0.7081659973226239
models/experiment_67_entropy_random_14/model3,650.0,0.5261261261261261,0.4899598393574297
models/experiment_67_entropy_random_14/model3,780.0,0.7393393393393394,0.7443105756358769
models/experiment_67_entropy_random_14/model3,910.0,0.757957957957958,0.7684069611780455
models/experiment_67_entropy_random_14/model3,1040.0,0.7765765765765765,0.7563587684069611
models/experiment_67_entropy_random_14/model3,1170.0,0.7501501501501502,0.8058902275769746
models/experiment_67_entropy_random_14/model3,1300.0,0.7831831831831831,0.7617135207496654
models/experiment_67_entropy_random_14/model3,1430.0,0.76996996996997,0.7309236947791165
models/experiment_67_entropy_random_14/model3,1560.0,0.803003003003003,0.7804551539491299
models/experiment_67_entropy_random_14/model3,1690.0,0.8174174174174175,0.784471218206158
models/experiment_67_entropy_random_14/model3,1820.0,0.836036036036036,0.821954484605087
models/experiment_67_entropy_random_14/model3,1950.0,0.8348348348348348,0.8299866131191432
models/experiment_67_entropy_random_14/model3,2080.0,0.821021021021021,0.7777777777777778
models/experiment_67_entropy_random_14/model3,2210.0,0.8414414414414414,0.8139223560910308
models/experiment_67_entropy_random_14/model3,2340.0,0.8402402402402402,0.8179384203480589
models/experiment_67_entropy_random_14/model3,2470.0,0.8306306306306306,0.7710843373493976
models/experiment_67_entropy_random_14/model3,2600.0,0.8396396396396396,0.7938420348058902
models/experiment_67_entropy_random_14/model3,2730.0,0.8492492492492493,0.8139223560910308
models/experiment_67_entropy_random_14/model3,2860.0,0.8468468468468469,0.7831325301204819
models/experiment_67_entropy_random_14/model3,2990.0,0.8546546546546546,0.8112449799196787
models/experiment_67_entropy_random_14/model3,3120.0,0.8564564564564564,0.8125836680053548
models/experiment_67_entropy_random_14/model3,3250.0,0.8822822822822823,0.7938420348058902
models/experiment_67_entropy_random_14/model3,3380.0,0.8864864864864865,0.8273092369477911
models/experiment_67_entropy_random_14/model3,3510.0,0.8828828828828829,0.8393574297188755
models/experiment_67_entropy_random_14/model3,3640.0,0.8846846846846846,0.8299866131191432
models/experiment_67_entropy_random_14/model3,3770.0,0.8918918918918919,0.7925033467202142
models/experiment_67_entropy_random_14/model3,3900.0,0.857057057057057,0.7911646586345381
models/experiment_67_entropy_random_14/model3,4030.0,0.8852852852852853,0.8152610441767069
models/experiment_67_entropy_random_14/model3,4160.0,0.8756756756756757,0.8045515394912985
models/experiment_67_entropy_random_14/model3,4290.0,0.8882882882882883,0.821954484605087
models/experiment_67_entropy_random_14/model3,4420.0,0.8966966966966967,0.8286479250334672
models/experiment_67_entropy_random_14/model3,4550.0,0.8990990990990991,0.821954484605087
models/experiment_67_entropy_random_14/model3,4680.0,0.8900900900900901,0.8085676037483266
models/experiment_67_entropy_random_14/model9,130.0,0.5009009009009009,0.4939759036144578
models/experiment_67_entropy_random_14/model9,260.0,0.6402402402402403,0.6800535475234271
models/experiment_67_entropy_random_14/model9,390.0,0.6666666666666666,0.6639892904953146
models/experiment_67_entropy_random_14/model9,520.0,0.7129129129129129,0.7202141900937081
models/experiment_67_entropy_random_14/model9,650.0,0.7357357357357357,0.7590361445783133
models/experiment_67_entropy_random_14/model9,780.0,0.745945945945946,0.7871485943775101
models/experiment_67_entropy_random_14/model9,910.0,0.760960960960961,0.7884872824631861
models/experiment_67_entropy_random_14/model9,1040.0,0.7711711711711712,0.8179384203480589
models/experiment_67_entropy_random_14/model9,1170.0,0.7615615615615615,0.7657295850066934
models/experiment_67_entropy_random_14/model9,1300.0,0.8126126126126126,0.8099062918340026
models/experiment_67_entropy_random_14/model9,1430.0,0.824024024024024,0.7817938420348058
models/experiment_67_entropy_random_14/model9,1560.0,0.787987987987988,0.7429718875502008
models/experiment_67_entropy_random_14/model9,1690.0,0.7933933933933934,0.7724230254350736
models/experiment_67_entropy_random_14/model9,1820.0,0.8324324324324325,0.8018741633199464
models/experiment_67_entropy_random_14/model9,1950.0,0.8288288288288288,0.7938420348058902
models/experiment_67_entropy_random_14/model9,2080.0,0.821021021021021,0.7831325301204819
models/experiment_67_entropy_random_14/model9,2210.0,0.8426426426426427,0.7737617135207496
models/experiment_67_entropy_random_14/model9,2340.0,0.8048048048048048,0.7965194109772423
models/experiment_67_entropy_random_14/model9,2470.0,0.8474474474474475,0.8072289156626506
models/experiment_67_entropy_random_14/model9,2600.0,0.863063063063063,0.7991967871485943
models/experiment_67_entropy_random_14/model9,2730.0,0.8378378378378378,0.7978580990629184
models/experiment_67_entropy_random_14/model9,2860.0,0.8750750750750751,0.8152610441767069
models/experiment_67_entropy_random_14/model9,2990.0,0.8756756756756757,0.8045515394912985
models/experiment_67_entropy_random_14/model9,3120.0,0.8474474474474475,0.8152610441767069
models/experiment_67_entropy_random_14/model9,3250.0,0.8642642642642643,0.8099062918340026
models/experiment_67_entropy_random_14/model9,3380.0,0.8648648648648649,0.8313253012048193
models/experiment_67_entropy_random_14/model9,3510.0,0.8726726726726727,0.8072289156626506
models/experiment_67_entropy_random_14/model9,3640.0,0.8702702702702703,0.821954484605087
models/experiment_67_entropy_random_14/model9,3770.0,0.8786786786786787,0.785809906291834
models/experiment_67_entropy_random_14/model9,3900.0,0.8840840840840841,0.8286479250334672
models/experiment_67_entropy_random_14/model9,4030.0,0.8888888888888888,0.8246318607764391
models/experiment_67_entropy_random_14/model9,4160.0,0.8882882882882883,0.8032128514056225
models/experiment_67_entropy_random_14/model9,4290.0,0.9051051051051051,0.8273092369477911
models/experiment_67_entropy_random_14/model9,4420.0,0.9069069069069069,0.8487282463186078
models/experiment_67_entropy_random_14/model9,4550.0,0.8900900900900901,0.7871485943775101
models/experiment_67_entropy_random_14/model9,4680.0,0.8852852852852853,0.8005354752342704
models/experiment_67_entropy_random_14/model1,130.0,0.5363363363363364,0.5140562248995983
models/experiment_67_entropy_random_14/model1,260.0,0.6684684684684684,0.7068273092369478
models/experiment_67_entropy_random_14/model1,390.0,0.6702702702702703,0.6706827309236948
models/experiment_67_entropy_random_14/model1,520.0,0.7051051051051052,0.7550200803212851
models/experiment_67_entropy_random_14/model1,650.0,0.7333333333333333,0.7402945113788487
models/experiment_67_entropy_random_14/model1,780.0,0.7363363363363363,0.7322623828647925
models/experiment_67_entropy_random_14/model1,910.0,0.7393393393393394,0.7469879518072289
models/experiment_67_entropy_random_14/model1,1040.0,0.7525525525525526,0.749665327978581
models/experiment_67_entropy_random_14/model1,1170.0,0.7615615615615615,0.7068273092369478
models/experiment_67_entropy_random_14/model1,1300.0,0.7957957957957958,0.7777777777777778
models/experiment_67_entropy_random_14/model1,1430.0,0.7711711711711712,0.7483266398929049
models/experiment_67_entropy_random_14/model1,1560.0,0.7933933933933934,0.7831325301204819
models/experiment_67_entropy_random_14/model1,1690.0,0.8174174174174175,0.7911646586345381
models/experiment_67_entropy_random_14/model1,1820.0,0.8,0.7831325301204819
models/experiment_67_entropy_random_14/model1,1950.0,0.8108108108108109,0.7791164658634538
models/experiment_67_entropy_random_14/model1,2080.0,0.8234234234234235,0.8139223560910308
models/experiment_67_entropy_random_14/model1,2210.0,0.8438438438438438,0.8032128514056225
models/experiment_67_entropy_random_14/model1,2340.0,0.8396396396396396,0.8246318607764391
models/experiment_67_entropy_random_14/model1,2470.0,0.8432432432432433,0.7871485943775101
models/experiment_67_entropy_random_14/model1,2600.0,0.8396396396396396,0.8179384203480589
models/experiment_67_entropy_random_14/model1,2730.0,0.8558558558558559,0.8152610441767069
models/experiment_67_entropy_random_14/model1,2860.0,0.8528528528528528,0.8353413654618473
models/experiment_67_entropy_random_14/model1,2990.0,0.8900900900900901,0.8299866131191432
models/experiment_67_entropy_random_14/model1,3120.0,0.8648648648648649,0.7911646586345381
models/experiment_67_entropy_random_14/model1,3250.0,0.863063063063063,0.8032128514056225
models/experiment_67_entropy_random_14/model1,3380.0,0.8792792792792793,0.8514056224899599
models/experiment_67_entropy_random_14/model1,3510.0,0.8936936936936937,0.8112449799196787
models/experiment_67_entropy_random_14/model1,3640.0,0.8864864864864865,0.8299866131191432
models/experiment_67_entropy_random_14/model1,3770.0,0.8756756756756757,0.7911646586345381
models/experiment_67_entropy_random_14/model1,3900.0,0.8696696696696696,0.8420348058902276
models/experiment_67_entropy_random_14/model1,4030.0,0.8792792792792793,0.8366800535475234
models/experiment_67_entropy_random_14/model1,4160.0,0.8990990990990991,0.8139223560910308
models/experiment_67_entropy_random_14/model1,4290.0,0.8978978978978979,0.8340026773761714
models/experiment_67_entropy_random_14/model1,4420.0,0.8852852852852853,0.8393574297188755
models/experiment_67_entropy_random_14/model1,4550.0,0.8966966966966967,0.820615796519411
models/experiment_67_entropy_random_14/model1,4680.0,0.9051051051051051,0.8353413654618473
models/experiment_67_entropy_random_14/model6,130.0,0.5159159159159159,0.5033467202141901
models/experiment_67_entropy_random_14/model6,260.0,0.6696696696696697,0.6961178045515395
models/experiment_67_entropy_random_14/model6,390.0,0.6546546546546547,0.6813922356091031
models/experiment_67_entropy_random_14/model6,520.0,0.7141141141141141,0.7483266398929049
models/experiment_67_entropy_random_14/model6,650.0,0.6744744744744745,0.6666666666666666
models/experiment_67_entropy_random_14/model6,780.0,0.7261261261261261,0.6921017402945113
models/experiment_67_entropy_random_14/model6,910.0,0.7507507507507507,0.7402945113788487
models/experiment_67_entropy_random_14/model6,1040.0,0.784984984984985,0.7710843373493976
models/experiment_67_entropy_random_14/model6,1170.0,0.7693693693693694,0.7684069611780455
models/experiment_67_entropy_random_14/model6,1300.0,0.7951951951951952,0.7402945113788487
models/experiment_67_entropy_random_14/model6,1430.0,0.7933933933933934,0.7657295850066934
models/experiment_67_entropy_random_14/model6,1560.0,0.7963963963963964,0.7469879518072289
models/experiment_67_entropy_random_14/model6,1690.0,0.8198198198198198,0.7817938420348058
models/experiment_67_entropy_random_14/model6,1820.0,0.7951951951951952,0.7376171352074966
models/experiment_67_entropy_random_14/model6,1950.0,0.8114114114114114,0.7697456492637216
models/experiment_67_entropy_random_14/model6,2080.0,0.8324324324324325,0.7617135207496654
models/experiment_67_entropy_random_14/model6,2210.0,0.8462462462462462,0.784471218206158
models/experiment_67_entropy_random_14/model6,2340.0,0.8372372372372372,0.7898259705488622
models/experiment_67_entropy_random_14/model6,2470.0,0.872072072072072,0.7884872824631861
models/experiment_67_entropy_random_14/model6,2600.0,0.8528528528528528,0.7804551539491299
models/experiment_67_entropy_random_14/model6,2730.0,0.851051051051051,0.784471218206158
models/experiment_67_entropy_random_14/model6,2860.0,0.8552552552552553,0.8179384203480589
models/experiment_67_entropy_random_14/model6,2990.0,0.8660660660660661,0.8179384203480589
models/experiment_67_entropy_random_14/model6,3120.0,0.8738738738738738,0.8232931726907631
models/experiment_67_entropy_random_14/model6,3250.0,0.8678678678678678,0.8340026773761714
models/experiment_67_entropy_random_14/model6,3380.0,0.8528528528528528,0.7898259705488622
models/experiment_67_entropy_random_14/model6,3510.0,0.8966966966966967,0.7965194109772423
models/experiment_67_entropy_random_14/model6,3640.0,0.8798798798798799,0.8018741633199464
models/experiment_67_entropy_random_14/model6,3770.0,0.8912912912912913,0.8326639892904953
models/experiment_67_entropy_random_14/model6,3900.0,0.8912912912912913,0.8005354752342704
models/experiment_67_entropy_random_14/model6,4030.0,0.872072072072072,0.8032128514056225
models/experiment_67_entropy_random_14/model6,4160.0,0.8888888888888888,0.8058902275769746
models/experiment_67_entropy_random_14/model6,4290.0,0.8990990990990991,0.8246318607764391
models/experiment_67_entropy_random_14/model6,4420.0,0.9057057057057057,0.8366800535475234
models/experiment_67_entropy_random_14/model6,4550.0,0.9045045045045045,0.8326639892904953
models/experiment_67_entropy_random_14/model6,4680.0,0.8726726726726727,0.8540829986613119
models/experiment_67_entropy_random_14/model8,130.0,0.5741741741741742,0.535475234270415
models/experiment_67_entropy_random_14/model8,260.0,0.554954954954955,0.5676037483266398
models/experiment_67_entropy_random_14/model8,390.0,0.6792792792792792,0.6813922356091031
models/experiment_67_entropy_random_14/model8,520.0,0.6792792792792792,0.6626506024096386
models/experiment_67_entropy_random_14/model8,650.0,0.7111111111111111,0.7188755020080321
models/experiment_67_entropy_random_14/model8,780.0,0.7393393393393394,0.7336010709504686
models/experiment_67_entropy_random_14/model8,910.0,0.7261261261261261,0.7161981258366801
models/experiment_67_entropy_random_14/model8,1040.0,0.7723723723723723,0.7630522088353414
models/experiment_67_entropy_random_14/model8,1170.0,0.7435435435435436,0.7523427041499331
models/experiment_67_entropy_random_14/model8,1300.0,0.766966966966967,0.7389558232931727
models/experiment_67_entropy_random_14/model8,1430.0,0.7957957957957958,0.7898259705488622
models/experiment_67_entropy_random_14/model8,1560.0,0.8216216216216217,0.7884872824631861
models/experiment_67_entropy_random_14/model8,1690.0,0.8072072072072072,0.8058902275769746
models/experiment_67_entropy_random_14/model8,1820.0,0.8018018018018018,0.7978580990629184
models/experiment_67_entropy_random_14/model8,1950.0,0.7957957957957958,0.7764390896921017
models/experiment_67_entropy_random_14/model8,2080.0,0.8402402402402402,0.8045515394912985
models/experiment_67_entropy_random_14/model8,2210.0,0.7993993993993994,0.7643908969210174
models/experiment_67_entropy_random_14/model8,2340.0,0.848048048048048,0.8018741633199464
models/experiment_67_entropy_random_14/model8,2470.0,0.8564564564564564,0.8058902275769746
models/experiment_67_entropy_random_14/model8,2600.0,0.8516516516516517,0.8259705488621151
models/experiment_67_entropy_random_14/model8,2730.0,0.8594594594594595,0.8326639892904953
models/experiment_67_entropy_random_14/model8,2860.0,0.8444444444444444,0.785809906291834
models/experiment_67_entropy_random_14/model8,2990.0,0.851051051051051,0.7965194109772423
models/experiment_67_entropy_random_14/model8,3120.0,0.621021021021021,0.5983935742971888
models/experiment_67_entropy_random_14/model8,3250.0,0.857057057057057,0.820615796519411
models/experiment_67_entropy_random_14/model8,3380.0,0.8702702702702703,0.821954484605087
models/experiment_67_entropy_random_14/model8,3510.0,0.8870870870870871,0.8393574297188755
models/experiment_67_entropy_random_14/model8,3640.0,0.8984984984984985,0.8045515394912985
models/experiment_67_entropy_random_14/model8,3770.0,0.8804804804804804,0.8125836680053548
models/experiment_67_entropy_random_14/model8,3900.0,0.863063063063063,0.7911646586345381
models/experiment_67_entropy_random_14/model8,4030.0,0.8786786786786787,0.8152610441767069
models/experiment_67_entropy_random_14/model8,4160.0,0.9003003003003003,0.8473895582329317
models/experiment_67_entropy_random_14/model8,4290.0,0.8690690690690691,0.7951807228915663
models/experiment_67_entropy_random_14/model8,4420.0,0.8948948948948949,0.8406961178045516
models/experiment_67_entropy_random_14/model8,4550.0,0.8738738738738738,0.8259705488621151
models/experiment_67_entropy_random_14/model8,4680.0,0.8966966966966967,0.8099062918340026
models/experiment_67_entropy_random_14/model5,130.0,0.5447447447447448,0.5676037483266398
models/experiment_67_entropy_random_14/model5,260.0,0.6420420420420421,0.6666666666666666
models/experiment_67_entropy_random_14/model5,390.0,0.7117117117117117,0.7429718875502008
models/experiment_67_entropy_random_14/model5,520.0,0.721921921921922,0.7617135207496654
models/experiment_67_entropy_random_14/model5,650.0,0.533933933933934,0.5769745649263721
models/experiment_67_entropy_random_14/model5,780.0,0.7471471471471471,0.7951807228915663
models/experiment_67_entropy_random_14/model5,910.0,0.7813813813813814,0.7724230254350736
models/experiment_67_entropy_random_14/model5,1040.0,0.775975975975976,0.7978580990629184
models/experiment_67_entropy_random_14/model5,1170.0,0.7927927927927928,0.7978580990629184
models/experiment_67_entropy_random_14/model5,1300.0,0.7615615615615615,0.7563587684069611
models/experiment_67_entropy_random_14/model5,1430.0,0.7933933933933934,0.7697456492637216
models/experiment_67_entropy_random_14/model5,1560.0,0.8132132132132132,0.7978580990629184
models/experiment_67_entropy_random_14/model5,1690.0,0.8144144144144144,0.7777777777777778
models/experiment_67_entropy_random_14/model5,1820.0,0.8396396396396396,0.821954484605087
models/experiment_67_entropy_random_14/model5,1950.0,0.8300300300300301,0.8165997322623829
models/experiment_67_entropy_random_14/model5,2080.0,0.8054054054054054,0.7991967871485943
models/experiment_67_entropy_random_14/model5,2210.0,0.8306306306306306,0.8313253012048193
models/experiment_67_entropy_random_14/model5,2340.0,0.8192192192192193,0.7777777777777778
models/experiment_67_entropy_random_14/model5,2470.0,0.8474474474474475,0.7978580990629184
models/experiment_67_entropy_random_14/model5,2600.0,0.8432432432432433,0.8112449799196787
models/experiment_67_entropy_random_14/model5,2730.0,0.8696696696696696,0.8393574297188755
models/experiment_67_entropy_random_14/model5,2860.0,0.8624624624624625,0.8179384203480589
models/experiment_67_entropy_random_14/model5,2990.0,0.8666666666666667,0.784471218206158
models/experiment_67_entropy_random_14/model5,3120.0,0.8690690690690691,0.8045515394912985
models/experiment_67_entropy_random_14/model5,3250.0,0.8606606606606607,0.7951807228915663
models/experiment_67_entropy_random_14/model5,3380.0,0.8594594594594595,0.7817938420348058
models/experiment_67_entropy_random_14/model5,3510.0,0.878078078078078,0.8139223560910308
models/experiment_67_entropy_random_14/model5,3640.0,0.8864864864864865,0.8018741633199464
models/experiment_67_entropy_random_14/model5,3770.0,0.8744744744744745,0.7898259705488622
models/experiment_67_entropy_random_14/model5,3900.0,0.9003003003003003,0.85809906291834
models/experiment_67_entropy_random_14/model5,4030.0,0.9081081081081082,0.8058902275769746
models/experiment_67_entropy_random_14/model5,4160.0,0.9033033033033033,0.8125836680053548
models/experiment_67_entropy_random_14/model5,4290.0,0.8774774774774775,0.8072289156626506
models/experiment_67_entropy_random_14/model5,4420.0,0.8906906906906907,0.8179384203480589
models/experiment_67_entropy_random_14/model5,4550.0,0.9015015015015015,0.8299866131191432
models/experiment_67_entropy_random_14/model5,4680.0,0.9099099099099099,0.8326639892904953
models/experiment_67_entropy_random_14/model7,130.0,0.5249249249249249,0.5020080321285141
models/experiment_67_entropy_random_14/model7,260.0,0.5117117117117117,0.4899598393574297
models/experiment_67_entropy_random_14/model7,390.0,0.654054054054054,0.7336010709504686
models/experiment_67_entropy_random_14/model7,520.0,0.7243243243243244,0.751004016064257
models/experiment_67_entropy_random_14/model7,650.0,0.7297297297297297,0.784471218206158
models/experiment_67_entropy_random_14/model7,780.0,0.7435435435435436,0.7911646586345381
models/experiment_67_entropy_random_14/model7,910.0,0.7567567567567568,0.7416331994645248
models/experiment_67_entropy_random_14/model7,1040.0,0.7453453453453454,0.751004016064257
models/experiment_67_entropy_random_14/model7,1170.0,0.787987987987988,0.7925033467202142
models/experiment_67_entropy_random_14/model7,1300.0,0.7873873873873873,0.7362784471218207
models/experiment_67_entropy_random_14/model7,1430.0,0.7891891891891892,0.8259705488621151
models/experiment_67_entropy_random_14/model7,1560.0,0.7765765765765765,0.7483266398929049
models/experiment_67_entropy_random_14/model7,1690.0,0.818018018018018,0.8125836680053548
models/experiment_67_entropy_random_14/model7,1820.0,0.7987987987987988,0.7898259705488622
models/experiment_67_entropy_random_14/model7,1950.0,0.809009009009009,0.8232931726907631
models/experiment_67_entropy_random_14/model7,2080.0,0.8252252252252252,0.7710843373493976
models/experiment_67_entropy_random_14/model7,2210.0,0.8390390390390391,0.7951807228915663
models/experiment_67_entropy_random_14/model7,2340.0,0.8588588588588588,0.8299866131191432
models/experiment_67_entropy_random_14/model7,2470.0,0.8078078078078078,0.7777777777777778
models/experiment_67_entropy_random_14/model7,2600.0,0.8558558558558559,0.820615796519411
models/experiment_67_entropy_random_14/model7,2730.0,0.8594594594594595,0.8139223560910308
models/experiment_67_entropy_random_14/model7,2860.0,0.8696696696696696,0.8259705488621151
models/experiment_67_entropy_random_14/model7,2990.0,0.8528528528528528,0.8099062918340026
models/experiment_67_entropy_random_14/model7,3120.0,0.8504504504504504,0.8232931726907631
models/experiment_67_entropy_random_14/model7,3250.0,0.8732732732732733,0.8165997322623829
models/experiment_67_entropy_random_14/model7,3380.0,0.8582582582582583,0.820615796519411
models/experiment_67_entropy_random_14/model7,3510.0,0.8726726726726727,0.8179384203480589
models/experiment_67_entropy_random_14/model7,3640.0,0.8522522522522522,0.785809906291834
models/experiment_67_entropy_random_14/model7,3770.0,0.8900900900900901,0.8366800535475234
models/experiment_67_entropy_random_14/model7,3900.0,0.8750750750750751,0.8139223560910308
models/experiment_67_entropy_random_14/model7,4030.0,0.8696696696696696,0.821954484605087
models/experiment_67_entropy_random_14/model7,4160.0,0.8846846846846846,0.821954484605087
models/experiment_67_entropy_random_14/model7,4290.0,0.8858858858858859,0.8273092369477911
models/experiment_67_entropy_random_14/model7,4420.0,0.9015015015015015,0.8326639892904953
models/experiment_67_entropy_random_14/model7,4550.0,0.8912912912912913,0.8112449799196787
models/experiment_67_entropy_random_14/model7,4680.0,0.8774774774774775,0.7965194109772423
models/experiment_67_entropy_random_14/model4,130.0,0.4996996996996997,0.5113788487282463
models/experiment_67_entropy_random_14/model4,260.0,0.5021021021021022,0.5113788487282463
models/experiment_67_entropy_random_14/model4,390.0,0.6702702702702703,0.7242302543507363
models/experiment_67_entropy_random_14/model4,520.0,0.7021021021021021,0.7108433734939759
models/experiment_67_entropy_random_14/model4,650.0,0.7207207207207207,0.7389558232931727
models/experiment_67_entropy_random_14/model4,780.0,0.7231231231231231,0.749665327978581
models/experiment_67_entropy_random_14/model4,910.0,0.7765765765765765,0.7898259705488622
models/experiment_67_entropy_random_14/model4,1040.0,0.7507507507507507,0.7764390896921017
models/experiment_67_entropy_random_14/model4,1170.0,0.7783783783783784,0.7884872824631861
models/experiment_67_entropy_random_14/model4,1300.0,0.766966966966967,0.7590361445783133
models/experiment_67_entropy_random_14/model4,1430.0,0.7705705705705705,0.7657295850066934
models/experiment_67_entropy_random_14/model4,1560.0,0.8114114114114114,0.7991967871485943
models/experiment_67_entropy_random_14/model4,1690.0,0.8048048048048048,0.8192771084337349
models/experiment_67_entropy_random_14/model4,1820.0,0.803003003003003,0.7791164658634538
models/experiment_67_entropy_random_14/model4,1950.0,0.833033033033033,0.8152610441767069
models/experiment_67_entropy_random_14/model4,2080.0,0.8276276276276276,0.8165997322623829
models/experiment_67_entropy_random_14/model4,2210.0,0.8024024024024023,0.7804551539491299
models/experiment_67_entropy_random_14/model4,2340.0,0.8390390390390391,0.8273092369477911
models/experiment_67_entropy_random_14/model4,2470.0,0.8660660660660661,0.8165997322623829
models/experiment_67_entropy_random_14/model4,2600.0,0.848048048048048,0.8058902275769746
models/experiment_67_entropy_random_14/model4,2730.0,0.848048048048048,0.820615796519411
models/experiment_67_entropy_random_14/model4,2860.0,0.8474474474474475,0.8018741633199464
models/experiment_67_entropy_random_14/model4,2990.0,0.8456456456456456,0.7978580990629184
models/experiment_67_entropy_random_14/model4,3120.0,0.8732732732732733,0.8259705488621151
models/experiment_67_entropy_random_14/model4,3250.0,0.8516516516516517,0.8099062918340026
models/experiment_67_entropy_random_14/model4,3380.0,0.8690690690690691,0.8165997322623829
models/experiment_67_entropy_random_14/model4,3510.0,0.863063063063063,0.7951807228915663
models/experiment_67_entropy_random_14/model4,3640.0,0.8768768768768769,0.7951807228915663
models/experiment_67_entropy_random_14/model4,3770.0,0.872072072072072,0.8045515394912985
models/experiment_67_entropy_random_14/model4,3900.0,0.8738738738738738,0.8045515394912985
models/experiment_67_entropy_random_14/model4,4030.0,0.8924924924924925,0.8380187416331994
models/experiment_67_entropy_random_14/model4,4160.0,0.8810810810810811,0.8018741633199464
models/experiment_67_entropy_random_14/model4,4290.0,0.8726726726726727,0.8099062918340026
models/experiment_67_entropy_random_14/model4,4420.0,0.9033033033033033,0.8420348058902276
models/experiment_67_entropy_random_14/model4,4550.0,0.9057057057057057,0.8125836680053548
models/experiment_67_entropy_random_14/model4,4680.0,0.8900900900900901,0.820615796519411
models/experiment_67_entropy_random_14/model10,130.0,0.5153153153153153,0.5314591700133868
models/experiment_67_entropy_random_14/model10,260.0,0.7045045045045045,0.7282463186077643
models/experiment_67_entropy_random_14/model10,390.0,0.7003003003003003,0.7550200803212851
models/experiment_67_entropy_random_14/model10,520.0,0.7147147147147147,0.7456492637215528
models/experiment_67_entropy_random_14/model10,650.0,0.7321321321321321,0.751004016064257
models/experiment_67_entropy_random_14/model10,780.0,0.7477477477477478,0.7376171352074966
models/experiment_67_entropy_random_14/model10,910.0,0.7405405405405405,0.7617135207496654
models/experiment_67_entropy_random_14/model10,1040.0,0.781981981981982,0.7831325301204819
models/experiment_67_entropy_random_14/model10,1170.0,0.7975975975975976,0.785809906291834
models/experiment_67_entropy_random_14/model10,1300.0,0.796996996996997,0.7925033467202142
models/experiment_67_entropy_random_14/model10,1430.0,0.796996996996997,0.8032128514056225
models/experiment_67_entropy_random_14/model10,1560.0,0.8054054054054054,0.8045515394912985
models/experiment_67_entropy_random_14/model10,1690.0,0.7831831831831831,0.7362784471218207
models/experiment_67_entropy_random_14/model10,1820.0,0.8102102102102102,0.7563587684069611
models/experiment_67_entropy_random_14/model10,1950.0,0.8102102102102102,0.7777777777777778
models/experiment_67_entropy_random_14/model10,2080.0,0.833033033033033,0.8125836680053548
models/experiment_67_entropy_random_14/model10,2210.0,0.8288288288288288,0.7791164658634538
models/experiment_67_entropy_random_14/model10,2340.0,0.8564564564564564,0.7804551539491299
models/experiment_67_entropy_random_14/model10,2470.0,0.8396396396396396,0.8246318607764391
models/experiment_67_entropy_random_14/model10,2600.0,0.8648648648648649,0.8045515394912985
models/experiment_67_entropy_random_14/model10,2730.0,0.848048048048048,0.8099062918340026
models/experiment_67_entropy_random_14/model10,2860.0,0.8444444444444444,0.7991967871485943
models/experiment_67_entropy_random_14/model10,2990.0,0.8564564564564564,0.820615796519411
models/experiment_67_entropy_random_14/model10,3120.0,0.8594594594594595,0.7791164658634538
models/experiment_67_entropy_random_14/model10,3250.0,0.8612612612612612,0.8192771084337349
models/experiment_67_entropy_random_14/model10,3380.0,0.8606606606606607,0.7710843373493976
models/experiment_67_entropy_random_14/model10,3510.0,0.8714714714714715,0.8259705488621151
models/experiment_67_entropy_random_14/model10,3640.0,0.8858858858858859,0.8340026773761714
models/experiment_67_entropy_random_14/model10,3770.0,0.8864864864864865,0.8139223560910308
models/experiment_67_entropy_random_14/model10,3900.0,0.8870870870870871,0.820615796519411
models/experiment_67_entropy_random_14/model10,4030.0,0.8876876876876877,0.785809906291834
models/experiment_67_entropy_random_14/model10,4160.0,0.8678678678678678,0.8045515394912985
models/experiment_67_entropy_random_14/model10,4290.0,0.8984984984984985,0.8032128514056225
models/experiment_67_entropy_random_14/model10,4420.0,0.8912912912912913,0.8259705488621151
models/experiment_67_entropy_random_14/model10,4550.0,0.8918918918918919,0.8393574297188755
models/experiment_67_entropy_random_14/model10,4680.0,0.9099099099099099,0.8380187416331994
models/experiment_67_entropy_random_14/model2,130.0,0.5597597597597598,0.5742971887550201
models/experiment_67_entropy_random_14/model2,260.0,0.5117117117117117,0.5087014725568942
models/experiment_67_entropy_random_14/model2,390.0,0.69009009009009,0.7376171352074966
models/experiment_67_entropy_random_14/model2,520.0,0.7591591591591592,0.8018741633199464
models/experiment_67_entropy_random_14/model2,650.0,0.715915915915916,0.7389558232931727
models/experiment_67_entropy_random_14/model2,780.0,0.7597597597597597,0.7402945113788487
models/experiment_67_entropy_random_14/model2,910.0,0.7453453453453454,0.7657295850066934
models/experiment_67_entropy_random_14/model2,1040.0,0.7777777777777778,0.7630522088353414
models/experiment_67_entropy_random_14/model2,1170.0,0.7795795795795796,0.7884872824631861
models/experiment_67_entropy_random_14/model2,1300.0,0.7981981981981981,0.8125836680053548
models/experiment_67_entropy_random_14/model2,1430.0,0.8102102102102102,0.7911646586345381
models/experiment_67_entropy_random_14/model2,1560.0,0.821021021021021,0.7898259705488622
models/experiment_67_entropy_random_14/model2,1690.0,0.8264264264264264,0.784471218206158
models/experiment_67_entropy_random_14/model2,1820.0,0.8174174174174175,0.820615796519411
models/experiment_67_entropy_random_14/model2,1950.0,0.8342342342342343,0.8125836680053548
models/experiment_67_entropy_random_14/model2,2080.0,0.8414414414414414,0.7978580990629184
models/experiment_67_entropy_random_14/model2,2210.0,0.8606606606606607,0.8125836680053548
models/experiment_67_entropy_random_14/model2,2340.0,0.8108108108108109,0.7764390896921017
models/experiment_67_entropy_random_14/model2,2470.0,0.848048048048048,0.8099062918340026
models/experiment_67_entropy_random_14/model2,2600.0,0.872072072072072,0.8313253012048193
models/experiment_67_entropy_random_14/model2,2730.0,0.8408408408408409,0.820615796519411
models/experiment_67_entropy_random_14/model2,2860.0,0.8594594594594595,0.7991967871485943
models/experiment_67_entropy_random_14/model2,2990.0,0.8828828828828829,0.8340026773761714
models/experiment_67_entropy_random_14/model2,3120.0,0.8660660660660661,0.8032128514056225
models/experiment_67_entropy_random_14/model2,3250.0,0.8696696696696696,0.8313253012048193
models/experiment_67_entropy_random_14/model2,3380.0,0.8876876876876877,0.8112449799196787
models/experiment_67_entropy_random_14/model2,3510.0,0.8504504504504504,0.8112449799196787
models/experiment_67_entropy_random_14/model2,3640.0,0.878078078078078,0.8406961178045516
models/experiment_67_entropy_random_14/model2,3770.0,0.8756756756756757,0.821954484605087
models/experiment_67_entropy_random_14/model2,3900.0,0.8534534534534535,0.7951807228915663
models/experiment_67_entropy_random_14/model2,4030.0,0.8834834834834835,0.8192771084337349
models/experiment_67_entropy_random_14/model2,4160.0,0.8678678678678678,0.8259705488621151
models/experiment_67_entropy_random_14/model2,4290.0,0.8864864864864865,0.8232931726907631
models/experiment_67_entropy_random_14/model2,4420.0,0.9009009009009009,0.8005354752342704
models/experiment_67_entropy_random_14/model2,4550.0,0.8852852852852853,0.8099062918340026
models/experiment_67_entropy_random_14/model2,4680.0,0.8840840840840841,0.8232931726907631
