{
  "attention_probs_dropout_prob": 0.1,
  "hidden_act": "gelu",
  "hidden_dropout_prob": 0.1,
  "hidden_size": 1024,
  "initializer_range": 0.02, 
  "max_position_embeddings": 512, 
  "num_attention_heads": 16, 
  "num_hidden_layers": 24, 
  "type_vocab_size": 2, 
  "sent_type_vocab_size": 4, 
  "task_type_vocab_size": 16, 
  "vocab_size": 30522,
  "v_hidden_size": 1024,
  "v_num_attention_heads":16,
  "v_intermediate_size":4096,
  "co_hidden_size": 1024,
  "co_num_attention_heads":16,
  "co_intermediate_size": 4096,
  "class_size": 1601,
  "class_attr_size": 401,
  "v_biattention_id": [0, 1, 2, 3, 4, 5],
  "t_biattention_id": [18, 19, 20, 21, 22, 23]
}
