synset,num-occurrences
shooting.n.01,1307
shoot.v.01,937
kill.v.01,430
die.v.01,393
death.n.01,320
dead.a.01,318
wound.n.01,256
incident.n.01,215
gunfire.n.01,215
information_technology.n.01,186
murder.n.01,177
injure.v.01,154
open_fire.v.01,116
gunshot,114
fatally.r.01,106
accident.n.01,101
injury.n.01,101
fatal.a.01,98
travel.v.01,92
homicide.n.01,91
condition.n.01,85
body.n.01,71
taw.n.02,71
this,70
dispatch.v.02,67
suicide.n.01,66
manslaughter.n.01,64
hit.v.01,62
shooting,60
strike.v.01,57
autopsy.n.01,44
pull.v.01,38
case.n.01,36
killing.n.01,32
calamity.n.01,32
deadly.s.01,28
gunman.n.01,25
surgery.n.01,24
treat.v.01,23
blood.n.01,22
lose.v.01,21
loss.n.01,20
hospitalize.v.01,17
recover.v.01,16
that,16
fire.n.02,15
murder.v.01,14
treatment.n.01,14
take.v.01,13
dead.n.01,13
Killed,13
open.v.01,13
funeral.n.01,12
grieve.v.01,12
turn.v.01,12
fire.n.01,11
injured.a.01,11
discharge.n.01,9
dramatic.s.02,9
unresponsive.a.01,9
asleep.s.03,7
recovery.n.01,7
claim.v.01,7
survive.v.01,7
funeral,7
bleeding.n.01,6
mourn.v.01,6
fatality.n.01,6
ache.v.03,6
gun.n.01,5
prisoner_of_war.n.01,5
use.v.01,5
gun.v.01,5
Struck,5
killer.n.01,5
event.n.01,4
gunfight.n.01,4
blast.v.01,4
pierce.v.01,4
yield.v.13,4
stable.a.01,4
shed_blood.v.02,4
bloodshed.n.01,4
unable.a.01,4
critical.a.01,4
bullet.n.01,4
the,4
violence.n.01,4
hurt.s.01,4
pass.v.01,4
crossfire.n.01,3
bereaved.s.01,3
coma.n.01,3
tear.v.01,3
deadly.s.02,3
crime.n.01,3
bloody.a.01,3
paralyze.v.01,2
boom.n.01,2
react.v.01,2
motivation.n.01,2
massacre.v.01,2
attack.n.01,2
have.v.01,2
flight.n.01,2
self-destructive.s.01,2
exit.v.01,2
murder/suicide,2
make.v.01,2
crop.v.05,2
perpetrate.v.01,2
collapse.v.01,2
end.v.01,2
gun_trigger.n.01,2
stabilize.v.01,2
return.v.01,2
lifeless.s.01,2
mourning.n.01,2
Deadly,2
grief.n.01,2
situation.n.01,2
airlift.v.01,2
what,2
into,2
unconscious.a.01,2
Fatal,2
activity.n.01,1
damaging.s.01,1
afternoon.n.01,1
resuscitate.v.01,1
shoot.n.01,1
pic.twitter.com/oqpahiqejs,1
enter.v.01,1
bruise.v.01,1
slaughter.n.01,1
cut.v.01,1
brain.n.01,1
ring.v.01,1
morning.n.01,1
pulse.n.02,1
medflight,1
disabled.s.01,1
hit.n.01,1
wounded.n.01,1
miss.v.01,1
come.v.01,1
update.n.01,1
locate.v.01,1
mother.n.01,1
shot.',1
cost.v.01,1
blast.n.01,1
spray.v.01,1
Injured,1
drive.n.01,1
swell.v.01,1
get_down.v.07,1
accident',1
squash.v.01,1
bone.n.01,1
evening.n.01,1
shatter.v.01,1
accide,1
populate.v.01,1
these,1
man.n.01,1
knock.n.03,1
on,1
suicide'.,1
male_child.n.01,1
shooting',1
drive.v.01,1
homicidal.s.01,1
critical/unstable,1
pull.n.01,1
new,1
"killed.""This",1
gunfire,1
SHOOTING.,1
messenger.n.01,1
govern.v.03,1
life.n.01,1
murderer.n.01,1
child.n.01,1
night.n.01,1
execute.v.01,1
"shootings.""""shooting",1
contend.v.06,1
coverage.n.01,1
graze.n.02,1
discharging,1
deed.n.01,1
bad_luck.n.02,1
BODY.,1
"injured.""she",1
porch.n.01,1
remove.v.01,1
remember.v.01,1
damage.n.01,1
government.n.01,1
shot',1
burial.n.01,1
rend.v.01,1
saturday.n.01,1
bloodstained.s.01,1
send.v.01,1
SHOT.,1
non,1
TONIGHT.,1
glance.v.01,1
killers',1
identify.v.01,1
healing.n.01,1
line.n.01,1
scene.n.01,1
accidental.s.01,1
2-year,1
deat,1
cause.n.01,1
damage.v.01,1
sgunshot,1
explode.v.01,1
