{
  "0":"padding",
  "28": "umbrella",
  "38": "kite",
  "9": "boat",
  "35": "skis",
  "1": "person",
  "3": "car",
  "14": "parking meter",
  "17": "cat",
  "76": "keyboard",
  "73": "laptop",
  "90": "toothbrush",
  "70": "toilet",
  "81": "sink",
  "41": "skateboard",
  "65": "bed",
  "18": "dog",
  "19": "horse",
  "15": "bench",
  "62": "chair",
  "63": "couch",
  "75": "remote",
  "7": "train",
  "5": "airplane",
  "40": "baseball glove",
  "72": "tv",
  "11": "fire hydrant",
  "44": "bottle",
  "47": "cup",
  "67": "dining table",
  "64": "potted plant",
  "23": "bear",
  "36": "snowboard",
  "48": "fork",
  "49": "knife",
  "52": "banana",
  "61": "cake",
  "31": "handbag",
  "10": "traffic light",
  "86": "vase",
  "16": "bird",
  "84": "book",
  "39": "baseball bat",
  "37": "sports ball",
  "51": "bowl",
  "21": "cow",
  "4": "motorcycle",
  "13": "stop sign",
  "43": "tennis racket",
  "27": "backpack",
  "6": "bus",
  "2": "bicycle",
  "56": "broccoli",
  "60": "donut",
  "22": "elephant",
  "77": "cell phone",
  "59": "pizza",
  "87": "scissors",
  "58": "hot dog",
  "82": "refrigerator",
  "78": "microwave",
  "8": "truck",
  "33": "suitcase",
  "34": "frisbee",
  "20": "sheep",
  "54": "sandwich",
  "42": "surfboard",
  "79": "oven",
  "32": "tie",
  "25": "giraffe",
  "24": "zebra",
  "55": "orange",
  "85": "clock",
  "46": "wine glass",
  "88": "teddy bear",
  "74": "mouse",
  "50": "spoon",
  "57": "carrot",
  "53": "apple",
  "89": "hair drier",
  "80": "toaster"
}
