{
 "Bos_taurus": [
  "cow"
 ],
 "PC": [
  "laptop"
 ],
 "abstract_entity": [
  "stop sign",
  "traffic light"
 ],
 "abstraction": [
  "stop sign",
  "traffic light"
 ],
 "accessory": [
  "backpack",
  "handbag",
  "suitcase",
  "tie",
  "umbrella"
 ],
 "aircraft": [
  "airplane"
 ],
 "aliment": [
  "hot dog",
  "pizza",
  "sandwich"
 ],
 "alimentation": [
  "hot dog",
  "pizza",
  "sandwich"
 ],
 "animal": [
  "bear",
  "bird",
  "cat",
  "cow",
  "dog",
  "elephant",
  "giraffe",
  "horse",
  "mouse",
  "sheep",
  "zebra"
 ],
 "animate_being": [
  "bear",
  "bird",
  "cat",
  "cow",
  "dog",
  "elephant",
  "giraffe",
  "horse",
  "mouse",
  "sheep",
  "zebra"
 ],
 "animate_thing": [
  "banana",
  "bear",
  "bird",
  "broccoli",
  "cat",
  "cow",
  "dog",
  "elephant",
  "giraffe",
  "horse",
  "mouse",
  "person",
  "potted plant",
  "sheep",
  "zebra"
 ],
 "appliance": [
  "hair drier",
  "microwave",
  "oven",
  "refrigerator",
  "sink",
  "toaster"
 ],
 "area": [
  "toilet"
 ],
 "artefact": [
  "airplane",
  "backpack",
  "baseball bat",
  "baseball glove",
  "bed",
  "bench",
  "bicycle",
  "boat",
  "book",
  "bottle",
  "bowl",
  "bus",
  "car",
  "cell phone",
  "chair",
  "clock",
  "couch",
  "cup",
  "dining table",
  "fire hydrant",
  "fork",
  "frisbee",
  "hair drier",
  "handbag",
  "keyboard",
  "kite",
  "knife",
  "laptop",
  "microwave",
  "motorcycle",
  "oven",
  "parking meter",
  "refrigerator",
  "remote",
  "scissors",
  "sink",
  "skateboard",
  "skis",
  "snowboard",
  "spoon",
  "sports ball",
  "suitcase",
  "surfboard",
  "teddy bear",
  "tennis racket",
  "tie",
  "toaster",
  "toilet",
  "toothbrush",
  "train",
  "truck",
  "tv",
  "umbrella",
  "vase",
  "wine glass"
 ],
 "article": [
  "cup",
  "fork",
  "spoon"
 ],
 "article_of_clothing": [
  "tie"
 ],
 "article_of_furniture": [
  "bed",
  "bench",
  "chair",
  "couch",
  "dining table"
 ],
 "artifact": [
  "airplane",
  "backpack",
  "baseball bat",
  "baseball glove",
  "bed",
  "bench",
  "bicycle",
  "boat",
  "book",
  "bottle",
  "bowl",
  "bus",
  "car",
  "cell phone",
  "chair",
  "clock",
  "couch",
  "cup",
  "dining table",
  "fire hydrant",
  "fork",
  "frisbee",
  "hair drier",
  "handbag",
  "keyboard",
  "kite",
  "knife",
  "laptop",
  "microwave",
  "motorcycle",
  "oven",
  "parking meter",
  "refrigerator",
  "remote",
  "scissors",
  "sink",
  "skateboard",
  "skis",
  "snowboard",
  "spoon",
  "sports ball",
  "suitcase",
  "surfboard",
  "teddy bear",
  "tennis racket",
  "tie",
  "toaster",
  "toilet",
  "toothbrush",
  "train",
  "truck",
  "tv",
  "umbrella",
  "vase",
  "wine glass"
 ],
 "artiodactyl": [
  "cow",
  "giraffe",
  "sheep"
 ],
 "artiodactyl_mammal": [
  "cow",
  "giraffe",
  "sheep"
 ],
 "automotive_vehicle": [
  "car",
  "motorcycle",
  "truck"
 ],
 "bag": [
  "backpack"
 ],
 "baggage": [
  "suitcase"
 ],
 "baked_goods": [
  "cake",
  "donut"
 ],
 "bar": [
  "scissors"
 ],
 "baseball_equipment": [
  "baseball bat",
  "baseball glove"
 ],
 "bat": [
  "baseball bat"
 ],
 "beast": [
  "bear",
  "bird",
  "cat",
  "cow",
  "dog",
  "elephant",
  "giraffe",
  "horse",
  "mouse",
  "sheep",
  "zebra"
 ],
 "bedroom_furniture": [
  "bed"
 ],
 "being": [
  "banana",
  "bear",
  "bird",
  "broccoli",
  "cat",
  "cow",
  "dog",
  "elephant",
  "giraffe",
  "horse",
  "mouse",
  "person",
  "potted plant",
  "sheep",
  "zebra"
 ],
 "blower": [
  "hair drier"
 ],
 "board": [
  "skateboard",
  "snowboard",
  "surfboard"
 ],
 "bovid": [
  "cow",
  "sheep"
 ],
 "bovine": [
  "cow"
 ],
 "broadcasting": [
  "tv"
 ],
 "brush": [
  "toothbrush"
 ],
 "brute": [
  "bear",
  "bird",
  "cat",
  "cow",
  "dog",
  "elephant",
  "giraffe",
  "horse",
  "mouse",
  "sheep",
  "zebra"
 ],
 "cake": [
  "donut"
 ],
 "canid": [
  "dog"
 ],
 "canine": [
  "dog"
 ],
 "canopy": [
  "umbrella"
 ],
 "carnivore": [
  "bear",
  "cat",
  "dog"
 ],
 "case": [
  "suitcase"
 ],
 "cattle": [
  "cow"
 ],
 "causal_agency": [
  "person"
 ],
 "causal_agent": [
  "person"
 ],
 "cause": [
  "person"
 ],
 "chordate": [
  "bear",
  "bird",
  "cat",
  "cow",
  "dog",
  "elephant",
  "giraffe",
  "horse",
  "mouse",
  "sheep",
  "zebra"
 ],
 "circle": [
  "frisbee"
 ],
 "citrous_fruit": [
  "orange"
 ],
 "citrus": [
  "orange"
 ],
 "citrus_fruit": [
  "orange"
 ],
 "clothing": [
  "tie"
 ],
 "club": [
  "baseball bat"
 ],
 "commodity": [
  "hair drier",
  "microwave",
  "oven",
  "refrigerator",
  "tie",
  "toaster"
 ],
 "communication": [
  "stop sign",
  "traffic light"
 ],
 "compound_lever": [
  "scissors"
 ],
 "computer": [
  "laptop"
 ],
 "computing_device": [
  "laptop"
 ],
 "computing_machine": [
  "laptop"
 ],
 "conduit": [
  "fire hydrant"
 ],
 "construction": [
  "toilet"
 ],
 "consumer_durables": [
  "hair drier",
  "microwave",
  "oven",
  "refrigerator",
  "toaster"
 ],
 "consumer_goods": [
  "hair drier",
  "microwave",
  "oven",
  "refrigerator",
  "tie",
  "toaster"
 ],
 "container": [
  "backpack",
  "bicycle",
  "bottle",
  "bowl",
  "car",
  "cup",
  "handbag",
  "motorcycle",
  "skateboard",
  "spoon",
  "suitcase",
  "truck",
  "vase",
  "wine glass"
 ],
 "conveyance": [
  "airplane",
  "bicycle",
  "boat",
  "bus",
  "car",
  "motorcycle",
  "skateboard",
  "train",
  "truck"
 ],
 "covering": [
  "tie",
  "umbrella"
 ],
 "cows": [
  "cow"
 ],
 "craft": [
  "airplane",
  "boat"
 ],
 "craniate": [
  "bear",
  "bird",
  "cat",
  "cow",
  "dog",
  "elephant",
  "giraffe",
  "horse",
  "mouse",
  "sheep",
  "zebra"
 ],
 "creation": [
  "book"
 ],
 "creature": [
  "bear",
  "bird",
  "cat",
  "cow",
  "dog",
  "elephant",
  "giraffe",
  "horse",
  "mouse",
  "sheep",
  "zebra"
 ],
 "crockery": [
  "cup"
 ],
 "crucifer": [
  "broccoli"
 ],
 "cruciferous_plant": [
  "broccoli"
 ],
 "cutlery": [
  "fork",
  "knife",
  "scissors",
  "spoon"
 ],
 "cutter": [
  "knife",
  "scissors"
 ],
 "cutting_implement": [
  "knife",
  "scissors"
 ],
 "cutting_tool": [
  "knife",
  "scissors"
 ],
 "data_processor": [
  "laptop"
 ],
 "device": [
  "clock",
  "frisbee",
  "hair drier",
  "keyboard",
  "laptop",
  "parking meter",
  "remote",
  "skis"
 ],
 "digital_computer": [
  "laptop"
 ],
 "disc": [
  "frisbee"
 ],
 "discharge_pipe": [
  "fire hydrant"
 ],
 "dishware": [
  "cup"
 ],
 "disk": [
  "frisbee"
 ],
 "domestic_animal": [
  "dog"
 ],
 "domesticated_animal": [
  "dog"
 ],
 "drier": [
  "hair drier"
 ],
 "dryer": [
  "hair drier"
 ],
 "durable_goods": [
  "hair drier",
  "microwave",
  "oven",
  "refrigerator",
  "toaster"
 ],
 "durables": [
  "hair drier",
  "microwave",
  "oven",
  "refrigerator",
  "toaster"
 ],
 "eating_utensil": [
  "fork",
  "spoon"
 ],
 "edge_tool": [
  "knife",
  "scissors"
 ],
 "edible_fruit": [
  "apple",
  "orange"
 ],
 "electronic": [
  "cell phone",
  "keyboard",
  "laptop",
  "mouse",
  "remote",
  "tv"
 ],
 "electronic_computer": [
  "laptop"
 ],
 "electronic_equipment": [
  "cell phone"
 ],
 "entity": [
  "airplane",
  "apple",
  "backpack",
  "banana",
  "baseball bat",
  "baseball glove",
  "bear",
  "bed",
  "bench",
  "bicycle",
  "bird",
  "boat",
  "book",
  "bottle",
  "bowl",
  "broccoli",
  "bus",
  "cake",
  "car",
  "carrot",
  "cat",
  "cell phone",
  "chair",
  "clock",
  "couch",
  "cow",
  "cup",
  "dining table",
  "dog",
  "donut",
  "elephant",
  "fire hydrant",
  "fork",
  "frisbee",
  "giraffe",
  "hair drier",
  "handbag",
  "horse",
  "hot dog",
  "keyboard",
  "kite",
  "knife",
  "laptop",
  "microwave",
  "motorcycle",
  "mouse",
  "orange",
  "oven",
  "parking meter",
  "person",
  "pizza",
  "potted plant",
  "refrigerator",
  "remote",
  "sandwich",
  "scissors",
  "sheep",
  "sink",
  "skateboard",
  "skis",
  "snowboard",
  "spoon",
  "sports ball",
  "stop sign",
  "suitcase",
  "surfboard",
  "teddy bear",
  "tennis racket",
  "tie",
  "toaster",
  "toilet",
  "toothbrush",
  "traffic light",
  "train",
  "truck",
  "tv",
  "umbrella",
  "vase",
  "wine glass",
  "zebra"
 ],
 "equid": [
  "horse",
  "zebra"
 ],
 "equine": [
  "horse",
  "zebra"
 ],
 "equipment": [
  "baseball bat",
  "baseball glove",
  "cell phone",
  "sports ball"
 ],
 "eutherian": [
  "bear",
  "cat",
  "cow",
  "dog",
  "elephant",
  "giraffe",
  "horse",
  "mouse",
  "sheep",
  "zebra"
 ],
 "eutherian_mammal": [
  "bear",
  "cat",
  "cow",
  "dog",
  "elephant",
  "giraffe",
  "horse",
  "mouse",
  "sheep",
  "zebra"
 ],
 "even-toed_ungulate": [
  "cow",
  "giraffe",
  "sheep"
 ],
 "false_fruit": [
  "apple"
 ],
 "fauna": [
  "bear",
  "bird",
  "cat",
  "cow",
  "dog",
  "elephant",
  "giraffe",
  "horse",
  "mouse",
  "sheep",
  "zebra"
 ],
 "felid": [
  "cat"
 ],
 "feline": [
  "cat"
 ],
 "fixture": [
  "sink"
 ],
 "flat_solid": [
  "frisbee",
  "skateboard",
  "snowboard",
  "surfboard"
 ],
 "flora": [
  "banana",
  "broccoli"
 ],
 "food": [
  "apple",
  "banana",
  "broccoli",
  "cake",
  "carrot",
  "donut",
  "hot dog",
  "orange",
  "pizza",
  "sandwich"
 ],
 "friedcake": [
  "donut"
 ],
 "fruit": [
  "apple",
  "banana",
  "orange"
 ],
 "furnishing": [
  "bed",
  "bench",
  "chair",
  "couch",
  "dining table"
 ],
 "furniture": [
  "bed",
  "bench",
  "chair",
  "couch",
  "dining table",
  "potted plant",
  "toilet"
 ],
 "game_equipment": [
  "sports ball"
 ],
 "garden_truck": [
  "apple",
  "orange"
 ],
 "garment": [
  "tie"
 ],
 "gnawer": [
  "mouse"
 ],
 "good": [
  "hair drier",
  "microwave",
  "oven",
  "refrigerator",
  "tie",
  "toaster"
 ],
 "green_goods": [
  "apple",
  "orange"
 ],
 "green_groceries": [
  "apple",
  "orange"
 ],
 "habiliment": [
  "tie"
 ],
 "heavier-than-air_craft": [
  "airplane"
 ],
 "herb": [
  "banana",
  "broccoli"
 ],
 "herbaceous_plant": [
  "banana",
  "broccoli"
 ],
 "home_appliance": [
  "microwave",
  "oven",
  "refrigerator",
  "toaster"
 ],
 "hoofed_mammal": [
  "cow",
  "giraffe",
  "horse",
  "sheep",
  "zebra"
 ],
 "horologe": [
  "clock",
  "parking meter"
 ],
 "household_appliance": [
  "microwave",
  "oven",
  "refrigerator",
  "toaster"
 ],
 "hydrant": [
  "fire hydrant"
 ],
 "implement": [
  "baseball bat",
  "knife",
  "scissors",
  "tennis racket",
  "toothbrush"
 ],
 "indoor": [
  "book",
  "clock",
  "hair drier",
  "scissors",
  "teddy bear",
  "toothbrush",
  "vase"
 ],
 "information_processing_system": [
  "laptop"
 ],
 "instrument": [
  "clock",
  "parking meter"
 ],
 "instrumentality": [
  "airplane",
  "backpack",
  "baseball bat",
  "baseball glove",
  "bed",
  "bench",
  "bicycle",
  "boat",
  "bottle",
  "bowl",
  "bus",
  "car",
  "cell phone",
  "chair",
  "clock",
  "couch",
  "cup",
  "dining table",
  "frisbee",
  "hair drier",
  "handbag",
  "keyboard",
  "knife",
  "laptop",
  "motorcycle",
  "parking meter",
  "remote",
  "scissors",
  "skateboard",
  "skis",
  "spoon",
  "sports ball",
  "suitcase",
  "tennis racket",
  "toothbrush",
  "train",
  "truck",
  "tv",
  "vase",
  "wine glass"
 ],
 "instrumentation": [
  "airplane",
  "backpack",
  "baseball bat",
  "baseball glove",
  "bed",
  "bench",
  "bicycle",
  "boat",
  "bottle",
  "bowl",
  "bus",
  "car",
  "cell phone",
  "chair",
  "clock",
  "couch",
  "cup",
  "dining table",
  "frisbee",
  "hair drier",
  "handbag",
  "keyboard",
  "knife",
  "laptop",
  "motorcycle",
  "parking meter",
  "remote",
  "scissors",
  "skateboard",
  "skis",
  "spoon",
  "sports ball",
  "suitcase",
  "tennis racket",
  "toothbrush",
  "train",
  "truck",
  "tv",
  "vase",
  "wine glass"
 ],
 "jar": [
  "vase"
 ],
 "kine": [
  "cow"
 ],
 "kitchen": [
  "bottle",
  "bowl",
  "cup",
  "fork",
  "knife",
  "spoon",
  "wine glass"
 ],
 "kitchen_appliance": [
  "microwave",
  "oven",
  "toaster"
 ],
 "lever": [
  "scissors"
 ],
 "living_thing": [
  "banana",
  "bear",
  "bird",
  "broccoli",
  "cat",
  "cow",
  "dog",
  "elephant",
  "giraffe",
  "horse",
  "mouse",
  "person",
  "potted plant",
  "sheep",
  "zebra"
 ],
 "luggage": [
  "suitcase"
 ],
 "machine": [
  "laptop"
 ],
 "mammal": [
  "bear",
  "cat",
  "cow",
  "dog",
  "elephant",
  "giraffe",
  "horse",
  "mouse",
  "sheep",
  "zebra"
 ],
 "mammalian": [
  "bear",
  "cat",
  "cow",
  "dog",
  "elephant",
  "giraffe",
  "horse",
  "mouse",
  "sheep",
  "zebra"
 ],
 "matter": [
  "apple",
  "cake",
  "donut",
  "hot dog",
  "orange",
  "pizza",
  "sandwich"
 ],
 "measuring_device": [
  "clock",
  "parking meter"
 ],
 "measuring_instrument": [
  "clock",
  "parking meter"
 ],
 "measuring_system": [
  "clock",
  "parking meter"
 ],
 "mechanism": [
  "frisbee"
 ],
 "medium": [
  "tv"
 ],
 "microcomputer": [
  "laptop"
 ],
 "motor_vehicle": [
  "car",
  "motorcycle",
  "truck"
 ],
 "natural_object": [
  "apple",
  "carrot",
  "orange"
 ],
 "neckwear": [
  "tie"
 ],
 "nourishment": [
  "hot dog",
  "pizza",
  "sandwich"
 ],
 "nutrient": [
  "hot dog",
  "pizza",
  "sandwich"
 ],
 "nutriment": [
  "hot dog",
  "pizza",
  "sandwich"
 ],
 "nutrition": [
  "hot dog",
  "pizza",
  "sandwich"
 ],
 "object": [
  "airplane",
  "apple",
  "backpack",
  "banana",
  "baseball bat",
  "baseball glove",
  "bed",
  "bench",
  "bicycle",
  "boat",
  "book",
  "bottle",
  "bowl",
  "broccoli",
  "bus",
  "car",
  "carrot",
  "cell phone",
  "chair",
  "clock",
  "couch",
  "cup",
  "dining table",
  "fire hydrant",
  "fork",
  "frisbee",
  "hair drier",
  "handbag",
  "keyboard",
  "kite",
  "knife",
  "laptop",
  "microwave",
  "motorcycle",
  "mouse",
  "orange",
  "oven",
  "parking meter",
  "potted plant",
  "refrigerator",
  "remote",
  "scissors",
  "sink",
  "skateboard",
  "skis",
  "snowboard",
  "spoon",
  "sports ball",
  "suitcase",
  "surfboard",
  "teddy bear",
  "tennis racket",
  "tie",
  "toaster",
  "toilet",
  "toothbrush",
  "train",
  "truck",
  "tv",
  "umbrella",
  "vase",
  "wine glass"
 ],
 "odd-toed_ungulate": [
  "horse",
  "zebra"
 ],
 "organism": [
  "banana",
  "bear",
  "bird",
  "broccoli",
  "cat",
  "cow",
  "dog",
  "elephant",
  "giraffe",
  "horse",
  "mouse",
  "person",
  "potted plant",
  "sheep",
  "zebra"
 ],
 "outdoor": [
  "bench",
  "fire hydrant",
  "parking meter",
  "stop sign",
  "traffic light"
 ],
 "oxen": [
  "cow"
 ],
 "pachyderm": [
  "elephant"
 ],
 "passage": [
  "fire hydrant"
 ],
 "perissodactyl": [
  "horse",
  "zebra"
 ],
 "perissodactyl_mammal": [
  "horse",
  "zebra"
 ],
 "person": [
  "person"
 ],
 "personal_computer": [
  "laptop"
 ],
 "phone": [
  "cell phone"
 ],
 "physical_entity": [
  "airplane",
  "apple",
  "backpack",
  "banana",
  "baseball bat",
  "baseball glove",
  "bear",
  "bed",
  "bench",
  "bicycle",
  "bird",
  "boat",
  "book",
  "bottle",
  "bowl",
  "broccoli",
  "bus",
  "cake",
  "car",
  "carrot",
  "cat",
  "cell phone",
  "chair",
  "clock",
  "couch",
  "cow",
  "cup",
  "dining table",
  "dog",
  "donut",
  "elephant",
  "fire hydrant",
  "fork",
  "frisbee",
  "giraffe",
  "hair drier",
  "handbag",
  "horse",
  "hot dog",
  "keyboard",
  "kite",
  "knife",
  "laptop",
  "microwave",
  "motorcycle",
  "mouse",
  "orange",
  "oven",
  "parking meter",
  "person",
  "pizza",
  "potted plant",
  "refrigerator",
  "remote",
  "sandwich",
  "scissors",
  "sheep",
  "sink",
  "skateboard",
  "skis",
  "snowboard",
  "spoon",
  "sports ball",
  "suitcase",
  "surfboard",
  "teddy bear",
  "tennis racket",
  "tie",
  "toaster",
  "toilet",
  "toothbrush",
  "train",
  "truck",
  "tv",
  "umbrella",
  "vase",
  "wine glass",
  "zebra"
 ],
 "physical_object": [
  "airplane",
  "apple",
  "backpack",
  "banana",
  "baseball bat",
  "baseball glove",
  "bear",
  "bed",
  "bench",
  "bicycle",
  "bird",
  "boat",
  "book",
  "bottle",
  "bowl",
  "broccoli",
  "bus",
  "car",
  "carrot",
  "cat",
  "cell phone",
  "chair",
  "clock",
  "couch",
  "cow",
  "cup",
  "dining table",
  "dog",
  "elephant",
  "fire hydrant",
  "fork",
  "frisbee",
  "giraffe",
  "hair drier",
  "handbag",
  "horse",
  "keyboard",
  "kite",
  "knife",
  "laptop",
  "microwave",
  "motorcycle",
  "mouse",
  "orange",
  "oven",
  "parking meter",
  "person",
  "potted plant",
  "refrigerator",
  "remote",
  "scissors",
  "sheep",
  "sink",
  "skateboard",
  "skis",
  "snowboard",
  "spoon",
  "sports ball",
  "suitcase",
  "surfboard",
  "teddy bear",
  "tennis racket",
  "tie",
  "toaster",
  "toilet",
  "toothbrush",
  "train",
  "truck",
  "tv",
  "umbrella",
  "vase",
  "wine glass",
  "zebra"
 ],
 "piece_of_furniture": [
  "bed",
  "bench",
  "chair",
  "couch",
  "dining table"
 ],
 "piece_of_work": [
  "book"
 ],
 "pipage": [
  "fire hydrant"
 ],
 "pipe": [
  "fire hydrant"
 ],
 "piping": [
  "fire hydrant"
 ],
 "placental": [
  "bear",
  "cat",
  "cow",
  "dog",
  "elephant",
  "giraffe",
  "horse",
  "mouse",
  "sheep",
  "zebra"
 ],
 "placental_mammal": [
  "bear",
  "cat",
  "cow",
  "dog",
  "elephant",
  "giraffe",
  "horse",
  "mouse",
  "sheep",
  "zebra"
 ],
 "plant": [
  "banana",
  "broccoli"
 ],
 "plant_life": [
  "banana",
  "broccoli"
 ],
 "plant_organ": [
  "apple",
  "carrot",
  "orange"
 ],
 "plant_part": [
  "apple",
  "carrot",
  "orange"
 ],
 "plant_structure": [
  "apple",
  "carrot",
  "orange"
 ],
 "plate": [
  "frisbee"
 ],
 "plaything": [
  "frisbee",
  "kite",
  "teddy bear"
 ],
 "plumbing_fixture": [
  "sink"
 ],
 "pome": [
  "apple"
 ],
 "portable_computer": [
  "laptop"
 ],
 "proboscidean": [
  "elephant"
 ],
 "proboscidian": [
  "elephant"
 ],
 "produce": [
  "apple",
  "orange"
 ],
 "product": [
  "book"
 ],
 "production": [
  "book"
 ],
 "protection": [
  "umbrella"
 ],
 "protective_cover": [
  "umbrella"
 ],
 "protective_covering": [
  "umbrella"
 ],
 "public_transport": [
  "bus",
  "train"
 ],
 "publication": [
  "book"
 ],
 "racket": [
  "tennis racket"
 ],
 "racquet": [
  "tennis racket"
 ],
 "radiophone": [
  "cell phone"
 ],
 "radiotelephone": [
  "cell phone"
 ],
 "reproductive_structure": [
  "apple",
  "orange"
 ],
 "rodent": [
  "mouse"
 ],
 "room": [
  "toilet"
 ],
 "root": [
  "carrot"
 ],
 "rotating_mechanism": [
  "frisbee"
 ],
 "round": [
  "frisbee"
 ],
 "ruminant": [
  "cow",
  "giraffe",
  "sheep"
 ],
 "runner": [
  "skis"
 ],
 "sandwich": [
  "hot dog"
 ],
 "seat": [
  "bench",
  "chair",
  "couch"
 ],
 "self-propelled_vehicle": [
  "car",
  "motorcycle",
  "truck"
 ],
 "sheet": [
  "frisbee",
  "skateboard",
  "snowboard",
  "surfboard"
 ],
 "shelter": [
  "umbrella"
 ],
 "signaling": [
  "traffic light"
 ],
 "snack_food": [
  "hot dog",
  "sandwich"
 ],
 "solid": [
  "apple",
  "cake",
  "donut",
  "orange"
 ],
 "solid_food": [
  "apple",
  "cake",
  "donut",
  "orange"
 ],
 "sports": [
  "baseball bat",
  "baseball glove",
  "frisbee",
  "kite",
  "skateboard",
  "skis",
  "snowboard",
  "sports ball",
  "surfboard",
  "tennis racket"
 ],
 "sports_equipment": [
  "baseball bat",
  "baseball glove"
 ],
 "sports_implement": [
  "tennis racket"
 ],
 "stick": [
  "baseball bat"
 ],
 "structure": [
  "toilet"
 ],
 "substance": [
  "hot dog",
  "pizza",
  "sandwich"
 ],
 "sustenance": [
  "hot dog",
  "pizza",
  "sandwich"
 ],
 "tableware": [
  "cup",
  "fork",
  "spoon"
 ],
 "telecom": [
  "tv"
 ],
 "telecommunication": [
  "tv"
 ],
 "telephone": [
  "cell phone"
 ],
 "telephone_set": [
  "cell phone"
 ],
 "timekeeper": [
  "clock",
  "parking meter"
 ],
 "timepiece": [
  "clock",
  "parking meter"
 ],
 "timer": [
  "parking meter"
 ],
 "toilet_articles": [
  "toothbrush"
 ],
 "toiletry": [
  "toothbrush"
 ],
 "tool": [
  "knife",
  "scissors"
 ],
 "toy": [
  "frisbee",
  "kite",
  "teddy bear"
 ],
 "tracheophyte": [
  "banana",
  "broccoli"
 ],
 "trade_good": [
  "hair drier",
  "microwave",
  "oven",
  "refrigerator",
  "tie",
  "toaster"
 ],
 "transport": [
  "airplane",
  "bicycle",
  "boat",
  "bus",
  "car",
  "motorcycle",
  "skateboard",
  "train",
  "truck"
 ],
 "tube": [
  "fire hydrant"
 ],
 "tubing": [
  "fire hydrant"
 ],
 "ungulate": [
  "cow",
  "giraffe",
  "horse",
  "sheep",
  "zebra"
 ],
 "unit": [
  "airplane",
  "apple",
  "backpack",
  "banana",
  "baseball bat",
  "baseball glove",
  "bear",
  "bed",
  "bench",
  "bicycle",
  "bird",
  "boat",
  "book",
  "bottle",
  "bowl",
  "broccoli",
  "bus",
  "car",
  "carrot",
  "cat",
  "cell phone",
  "chair",
  "clock",
  "couch",
  "cow",
  "cup",
  "dining table",
  "dog",
  "elephant",
  "fire hydrant",
  "fork",
  "frisbee",
  "giraffe",
  "hair drier",
  "handbag",
  "horse",
  "keyboard",
  "kite",
  "knife",
  "laptop",
  "microwave",
  "motorcycle",
  "mouse",
  "orange",
  "oven",
  "parking meter",
  "person",
  "potted plant",
  "refrigerator",
  "remote",
  "scissors",
  "sheep",
  "sink",
  "skateboard",
  "skis",
  "snowboard",
  "spoon",
  "sports ball",
  "suitcase",
  "surfboard",
  "teddy bear",
  "tennis racket",
  "tie",
  "toaster",
  "toilet",
  "toothbrush",
  "train",
  "truck",
  "tv",
  "umbrella",
  "vase",
  "wine glass",
  "zebra"
 ],
 "vascular_plant": [
  "banana",
  "broccoli"
 ],
 "vehicle": [
  "airplane",
  "bicycle",
  "boat",
  "bus",
  "car",
  "motorcycle",
  "skateboard",
  "train",
  "truck"
 ],
 "vertebrate": [
  "bear",
  "bird",
  "cat",
  "cow",
  "dog",
  "elephant",
  "giraffe",
  "horse",
  "mouse",
  "sheep",
  "zebra"
 ],
 "vessel": [
  "boat",
  "bottle",
  "bowl",
  "vase"
 ],
 "vesture": [
  "tie"
 ],
 "victuals": [
  "hot dog",
  "pizza",
  "sandwich"
 ],
 "visual_signal": [
  "traffic light"
 ],
 "ware": [
  "cup",
  "fork",
  "spoon"
 ],
 "watercraft": [
  "boat"
 ],
 "way": [
  "fire hydrant"
 ],
 "wear": [
  "tie"
 ],
 "wearable": [
  "tie"
 ],
 "wheeled_vehicle": [
  "bicycle",
  "car",
  "motorcycle",
  "skateboard",
  "truck"
 ],
 "white_goods": [
  "refrigerator"
 ],
 "whole": [
  "airplane",
  "apple",
  "backpack",
  "banana",
  "baseball bat",
  "baseball glove",
  "bear",
  "bed",
  "bench",
  "bicycle",
  "bird",
  "boat",
  "book",
  "bottle",
  "bowl",
  "broccoli",
  "bus",
  "car",
  "carrot",
  "cat",
  "cell phone",
  "chair",
  "clock",
  "couch",
  "cow",
  "cup",
  "dining table",
  "dog",
  "elephant",
  "fire hydrant",
  "fork",
  "frisbee",
  "giraffe",
  "hair drier",
  "handbag",
  "horse",
  "keyboard",
  "kite",
  "knife",
  "laptop",
  "microwave",
  "motorcycle",
  "mouse",
  "orange",
  "oven",
  "parking meter",
  "person",
  "potted plant",
  "refrigerator",
  "remote",
  "scissors",
  "sheep",
  "sink",
  "skateboard",
  "skis",
  "snowboard",
  "spoon",
  "sports ball",
  "suitcase",
  "surfboard",
  "teddy bear",
  "tennis racket",
  "tie",
  "toaster",
  "toilet",
  "toothbrush",
  "train",
  "truck",
  "tv",
  "umbrella",
  "vase",
  "wine glass",
  "zebra"
 ],
 "wireless_telephone": [
  "cell phone"
 ],
 "work": [
  "book"
 ]
}