[
    {
    "task": "HM",
    "num_choice": 1,
    "annotations_jsonpath_train": "./data/hm/train.jsonl",
    "annotations_jsonpath_dev_seen": "./data/hm/dev_seenlong.jsonl",
    "annotations_jsonpath_traindev": "./data/hm/traindev.jsonl",
    "annotations_jsonpath_test_unseen": "./data/hm/test_unseenlong.jsonl",
    "annotations_jsonpath_test_seen": "./data/hm/test_seenlong.jsonl",
    "feature_lmdb_path": "./data/hm/HM_img.tsv",
    "gt_feature_lmdb_path": "./data/hm/HM_gt_img.tsv",
    "unisex_names_table" : "./data/vcr/unisex_names_table.csv",
    "Proprocessor": "PreprocessorBasic",
    "tokenizer_name" : "FullTokenizer",
    "fusion_method" : "mul",
    "dropout_rate" : 0.1,
    "max_seq_len" : 128,
    "use_gt_fea" : true,
    "shufflekeep_across_task": true,
    "shuffle_every_epoch": true,
    "task_weight": 1.0,
    "task_prefix": "hm"
    }
]