{
  "best_epoch": 6,
  "peak_cpu_memory_MB": 2761.944,
  "peak_gpu_0_memory_MB": 1946,
  "peak_gpu_1_memory_MB": 719,
  "peak_gpu_2_memory_MB": 10,
  "peak_gpu_3_memory_MB": 10,
  "training_duration": "0:34:59.948115",
  "training_start_epoch": 0,
  "training_epochs": 6,
  "epoch": 6,
  "training_acc": 0.9964,
  "training_loss": 0.0005163028508142816,
  "training_cpu_memory_MB": 2761.944,
  "training_gpu_0_memory_MB": 1946,
  "training_gpu_1_memory_MB": 719,
  "training_gpu_2_memory_MB": 10,
  "training_gpu_3_memory_MB": 10,
  "validation_acc": 0.9971,
  "validation_loss": 0.00041202419574528905,
  "best_validation_acc": 0.9971,
  "best_validation_loss": 0.00041202419574528905
}