doc-id,token
abcnews.go.com/ABC_Univision/Politics/senate-rejects-double-layer-border-fence-plan/story,"Members of the Gang of Eight , which authored the bill , have said that >>>several GOP amendments<<< go too far in making the path to citizenship conditional on sweeping border security projects . The Gang of Eight bill requires that all non-U.S. citizens be >>>fingerprinted<<< when leaving the country through the nation 's 30 busiest airports ."
abcnews.go.com/ABC_Univision/california-blames-hunger-strikes-gangs-vows-crackdown/story,"Close to >>>30,000 prisoners<<< across 24 California prisons began a hunger strike on Monday to call attention to a number of conditions they say are inhumane ."
abcnews.go.com/Blotter/norway-massacre-anders-breivik-reenacts-shooting-police/story,"New video shows >>>Anders Behring Breivik<<< , who has confessed to killing nearly 70 teen campers on an island near Oslo , reenacting the mass shooting for Norwegian police . Sixty-nine people died in the Utoya shooting , with another eight killed by a >>>bombing in Oslo<<< earlier the same day ."
abcnews.go.com/Blotter/san-diego-bomb-factory-man-30-years-prison/story,"A Southern California man who assembled what may have been the largest cache of homemade >>>high explosives<<< in U.S history has been sentenced to 30 years in federal prison . >>>George Jakubec<<< must also pay $ 600,000 in restitution to the owner of his rented Escondido home , which was so packed with bomb materials that authorities had to burn the house down , and to the landscaper who discovered the "" bomb factory "" by literally tripping over explosive chemicals in the yard , injuring himself ."
abcnews.go.com/Business/china-hits-nba-broadcast-blackout-adam-silver-discusses/story,The apparent retaliatory move by China came in the aftermath of a controversy that erupted over a tweet by Morey last week >>>supporting pro-democracy demonstrations in Hong Kong<<< .
abcnews.go.com/Business/dow-plummets-800-points-heels-gloomy-imf-forecast/story,"Florida reported its >>>highest one-day increase of coronavirus cases on Wednesday<<< , an increase of more than 5,500 cases in the last 24 hours , bringing its statewide total to 109,000 . Meanwhile , >>>26 states are reporting rising numbers<<< of new COVID-19 cases as the outbreak in the U.S. rages on ."
abcnews.go.com/Business/local-governments-start-sputter/story,"As fallout from the >>>housing market collapse<<< and financial crisis continues to spread across the country , America 's city and county governments struggle to make ends meet . >>>State-level funding<<< is drying up . The triple whammy of falling tax revenues and high unemployment as well as massively unfunded state and local >>>pension liabilities<<< ( by one count as high as $ 1 trillion ) is crushing local governments in ways not felt since the Carter administration ."
abcnews.go.com/Business/madonna-debut-collection-sunglasses-teen-fashion/story,"Just think of "" Intimately Beckham "" by >>>former Spice Girl Victora Beckham<<< and "" Usher "" for Him and Her . Comedian Jeff Foxworthy , for example , has launched a line of barbecue sauce and beef jerky , while Tiger Woods put his name on Gatorade 's Tiger Focus -- >>>which the company quietly discontinued around the same time Woods ' sex scandal broke<<< . Sports is another big sector : >>>Woods<<< , Michael Jordan and Lance Armstrong have all made millions with their own sporting lines ."
abcnews.go.com/Business/shocking-gas-prices-globe/story,"While American drivers are spooked by $ 4-per-gallon >>>gasoline prices<<< in the U.S. , they may be shell-shocked on other continents like Europe . Dewhurst said the aftermath of the >>>earthquake and tsunami in Japan<<< led not only to an increase in global oil prices but also gas prices in Japan . Dewhurst said >>>Moammar Gadhafi<<< has had a long-standing policy during his 42 year reign of subsidizing the price of oil for its citizens ."
abcnews.go.com/Business/york-jersey-restaurateurs-respond-indoor-dining-delays/story,The light at the end of the tunnel got a little dimmer for >>>restaurants<<< in New York City and New Jersey .
abcnews.go.com/Entertainment/barbara-walters-fascinating-people-2010-general-david-petraeus/story,"After nine years of war , the Afghans ' support of U.S. presence in their country has dwindled , according to the >>>latest ABC News/Washington Post<<< poll ."
abcnews.go.com/Entertainment/extreme-awkwardness-interrupts-family-tv-time/story,"I caught them watching >>>' Brokeback Mountain '<<< at the part where the guys have just set up camp . "" One night when I was in high school , my mother and I were watching >>>' Everybody Loves Raymond<<< , ' and Ray made a crude joke about an orgy , "" said U.K. , a New York woman who asked to be identified only by her initials . """
abcnews.go.com/Entertainment/jon-stewart-slams-rick-sanchez-daily-show/story,"Oct. 5 , 2010 — -- Mess with >>>Jon Stewart<<< , risk massive embarrassment : That 's what the >>>"" Daily Show ""<<< host proved Monday night , when he slammed former CNN anchor >>>Rick Sanchez<<< for the less-than-kosher remarks he made about Jewish people in the media last week ."
abcnews.go.com/Entertainment/jr-martinez-dancing-stars-2011-win-favorite-moments/story,">>>J.R Martinez<<< , who was crowned the new champion of "" Dancing With the Stars "" Tuesday night , in one of the closest and most thrilling finales ever , admits that the suspense before the show unveiled the winner was killing him . It was also the first win for >>>Martinez 's professional partner , Karina Smirnoff<<< . "" Fans gathered to serenade the group , who showed a real sense of camaraderie as they >>>answered viewers ' questions<<< and dished about what went on behind the scenes ."
abcnews.go.com/Entertainment/late-night-hosts-reacted-colberts-late-show-gig/story,"CBS announced Thursday that Emmy-winning host >>>Stephen Colbert would be succeeding David Letterman as the host of CBS 's "" The Late Show . ""<<<"
abcnews.go.com/Entertainment/prince-william-princess-kate-visit-paris-city-forever/story,"This year , in honor of the 20th anniversary of Diana 's death , >>>William and Harry announced a statue will be erected<<< on the grounds of Kensington Palace to honor their late mother ."
abcnews.go.com/Entertainment/report-steven-tyler-walk-american-idol/story,""" >>>American Idol ""<<< may have found its savior in one Steven Tyler . According to E! News , the Aerosmith frontman finalized negotiations late last week to serve as a judge on the tenth season of Fox 's hit reality singing competition , which recently lost high profile judges Simon Cowell and >>>Ellen Degeneres<<< ."
abcnews.go.com/GMA/Culture/michelle-obama-reflects-black-lady-reaction-donald-trump/story,""" Becoming "" is an in-depth , >>>personal look at Obama 's life<<< -- both inside and out of the White House -- and she opened up about it all to "" Good Morning America "" anchor Robin Roberts in an ABC News primetime special before the book 's release on Tuesday . For the first time , the former first lady spoke publicly about deeply personal issues , including her past fertility and marital struggles , her profound anger at President Donald Trump , and the >>>bigotry and hate she encountered on the campaign trail<<< . And through it all , this >>>star student who went to Princeton and Harvard<<< , then became a successful lawyer and executive while raising two young children , then went on to become the first lady of the United States , says she was always asking herself -- "" Am I good enough ? "" She writes in her memoir >>>how Trump and other so-called "" birthers "" in 2011 began to openly criticize whether her husband was an American citizen<<< , questioning his legitimacy ."
abcnews.go.com/GMA/Living/12-year-sings-moving-song-young-african-american/story,"Bryant shared a heartfelt song about living life as a young black man in America following the tragic >>>death of Floyd<<< in Minneapolis police custody . Protests >>>continue to erupt<<< in Minneapolis and in cities across the nation after the death of Floyd , a black man who was seen pinned down by a white police officer in a video that spread across the internet ."
abcnews.go.com/GMA/Weekend/16-year-california-girl-sets-sail-youngest-circumnavigate/story,A British meteorologist who has sailed the same route as Abby will be monitoring her progress by >>>GPS<<< and steering her around destructive storms .
abcnews.go.com/GMA/Wellness/chinese-professor-defends-claims-genetically-edited-human-embryos/story,"A Chinese professor who claims to have successfully >>>altered the DNA<<< of human embryos that became twin girls has publicly defended his work against a chorus of criticism and announced there may be another "" potential pregnancy . "" He claimed he used a >>>technique called CRISPR/Cas9<<< , which , if true , would be the first time the technique has been used to alter genes in unborn humans ."
abcnews.go.com/GMA/linda-evans-reflects-dynasty/story,"But Evans decided to escape >>>Hollywood<<< for the woods of Rainier , Wash."
abcnews.go.com/GMA/newt-gingrich-obama-administration-underestimating-war-terrorism/story,Few dispute that >>>Umar Farouk Abdulmutallab 's<<< attempted bombing of >>>Northwest Flight 253<<< represents a major breach of U.S. security and intelligence systems . But >>>assigning blame<<< for the thwarted Christmas Day attack depends on whom you ask in the highly polarized political climate .
abcnews.go.com/Health/Conversation/activist-die-die/story,""" This is a >>>conversation<<< that you can have with friends at a dinner table , you can have on a walk with a family member , you can go on a date with expressly this purpose , "" said Drane . """
abcnews.go.com/Health/Wellness/buyer-beware-uncertified-doc-botches-surgery-woman-uniboob/story,"After going into surgery for a simple repair of her >>>breast implants<<< , Dinora Rodriguez , 40 , awoke from the procedure to find that her plastic surgeon had left her with conjoined breasts – a uniboob , essentially . Rodriguez learned the hard way -- you always have to vet your >>>plastic surgeon<<< . "" A friend had >>>recommended the doctor to me<<< . After a year of pain and disfigurement , Rodriguez sued her doctor for >>>malpractice<<< and says she found out that the corrective surgery on her breasts was not even necessary in the first place ."
abcnews.go.com/Health/WellnessNews/researchers-formula-study-marketing-cover/Story,"But while doctors say the evidence may support formula containing a DHA supplement over formula without one , they are concerned that the study may be the first test toward marketing a replacement for >>>breast milk<<< ."
abcnews.go.com/Health/diabetic-woman-gains-weight-qualify-bariatric-surgery/story,"Blair said she watched a lot of health-related television programs and learned about overweight people who had a >>>gastric bypass<<< surgery that actually helped their diabetes in addition to helping them lose weight . "" Her >>>BMI<<< [ body mass index ] was too low to do a gastric bypass , because we follow the guidelines set by the CDC [ Centers for Disease Control and Prevention ] , "" said Khalili . Just last month , a U.S. Food and Drug Administration panel voted in favor of >>>lowering the eligibility limit for lap band procedures<<< to a BMI of 30 for those with conditions like diabetes and 35 for those with no weight-related problems ."
abcnews.go.com/Health/hgh-human-growth-hormone-injections-give-couple-energy/story,">>>Human growth hormone<<< is the so-called fountain of youth , and many celebrities are fans . Actor Nick Nolte calls it "" a systems repair "" for the body , and >>>actor Sylvester Stallone<<< used it to get buff for his role in the movie "" Rambo IV . "" >>>Some sports superstars have even gotten themselves into legal trouble<<< for allegedly using it to enhance their performance ."
abcnews.go.com/Health/w_DietAndFitness/contrave-weight-loss-diet-pill-offers-drug-combination/story,"Trial participants who took Contrave began losing weight four weeks after starting the drug and maintained their >>>weight loss<<< throughout the 56 weeks of the study . "" Some diseases , like >>>obesity<<< , are severe and we need to use multiple medications to get control of them , "" said Kushner . Experts believe combination drugs are key to non-surgical weight loss , and while they say drugs should only be one part of a multifaceted approach to weight loss that includes >>>lifestyle changes<<< , they believe the development of a diet drug that 's both safe and effective is long overdue ."
abcnews.go.com/Health/w_ParentingResource/child-prefers-study-music-parents-demand-play-softball/story,"Answer : There 's value to both >>>music , arts<<< , and sports , and kids need to learn certain skills . What is she >>>motivated to do<<< ? It 's important to know your child and help instill motivation , drive , self-determination so that they really can feel empowered to do the things that they >>>want to do<<< ."
abcnews.go.com/International/kremlin-shrugs-us-midterm-results/story,"Russian officials are bracing themselves for a >>>new round of U.S. sanctions<<< that the State Department has said will have to be imposed over Russia 's use of a >>>nerve agent in Britain<<< last March . In October , the Department of Justice >>>indicted a Russian woman<<< it accused of overseeing a campaign targeting the midterms that was being conducted by the same so-called "" troll factory "" based in St. Petersburg that spread hundreds of thousands of divisive posts on American social media during 2016 ."
abcnews.go.com/International/lawyers-attack-hospital-pakistan-leaves-dead/story,"Lahore , Pakistan -- It was a horrific sight when dozens of lawyers attacked the Punjab Institute of Cardiology in >>>Pakistan<<< in an escalation of a feud that started last month in a dispute over the care of a lawyer 's relative ."
abcnews.go.com/International/north-koreas-real-power-kim-jong-uns-aunt/story,"North Korea 's young leader >>>Kim Jong Un<<< has been portrayed as a >>>tough talking leader<<< setting the world 's nerves on edge with his belligerence , but many analysts believe the real powers behind-the-scenes are Kim 's aunt and uncle ."
abcnews.go.com/International/president-obama-north-korea-poses-ongoing-threat/story,"President Obama today strongly condemned >>>North Korea 's attack on South Korea<<< and , in an exclusive interview with ABC News ' Barbara Walters , urged China to take a stand against aggression ."
abcnews.go.com/International/russian-opposition-pledges-protests-1000-arrested/story,"Last week , Navalny was briefly >>>hospitalized by what his doctor said she suspected was poisoning<<< ."
abcnews.go.com/International/secretary-state-mike-pompeo-us-working-access-detained/story,"U.S. Ambassador to Russia Jon Huntsman visited a >>>U.S. citizen detained in Russia<<< , expressed his support for him and offered the embassy 's assistance , a State Department official told ABC News . It was a >>>strong show of support<<< for Paul Whelan , who was arrested on Friday by Russian authorities and accused of spying by Russia 's Federal Security Service , or FSB ."
abcnews.go.com/International/syrian-general-defection-symbolic-victory-weaken-regime/story,">>>Brig. Gen. Manaf Tlass<<< , a member of the elite Republican Guards and a son of a former defense minister , slipped out of the country and abandoned the Assad regime . Last month a >>>Syrian air force pilot defected<<< , flying his MiG21 to Jordan , which also was seen as a possible crack in the elite ranks of the regime ."
abcnews.go.com/International/world-water-relief-fighting-cholera-epidemic-haiti/story,"On Saturday , former carnival singer Michel Martelly takes over the presidency of Haiti as that country continues to struggle with water-borne diseases like cholera following the >>>catastrophic earthquake that hit<<< the country in 2010 ."
abcnews.go.com/Lifestyle/uk-couples-rap-battle-proposal-viral/story,"To paraphrase the lyrics of Elton John , now one bride >>>"" can tell everybody ""<<< this is her rap ."
abcnews.go.com/Nightline/50-cent-profile/story,">>>His concerts<<< are punctuated with gunshot sound effects and boisterous stage banter . His >>>millions of fans<<< might be surprised to learn that the man behind global party anthems like "" In Da Club "" almost never goes to clubs himself ."
abcnews.go.com/Politics/2009-deadliest-year-us-afghanistan/story,"President Obama announced his decision to send more U.S. forces to Afghanistan in a Dec. 1 >>>speech at West Point<<< , following a months-long policy review conducted by his military and civilian foreign policy team . But officials have warned that , >>>as in Iraq<<< , the number of U.S. casualties in Afghanistan will likely rise in the short term while forces implement the new mission ."
abcnews.go.com/Politics/2016-republicans-attend-gay-wedding/story,"It 's a new take on a frequent topic , at a time when nearly six out of 10 Americans >>>support gay marriage<<< ."
abcnews.go.com/Politics/amid-backlash-devos-defends-school-choice/story,"In the same conference , she also alluded to arming teachers , something she 's grappled with since >>>suggesting<<< schools have "" the option and the opportunity "" to do so in the wake of the Parkland shooting four weeks ago ."
abcnews.go.com/Politics/best-lines-republican-debate-florida/story,"Retired neurosurgeon Ben Carson >>>told<<< ABC News Thursday he is leaning in the direction of endorsing Trump . When asked to comment on >>>video<<< that surfaced of a protester being punched by a man attending a Trump rally Wednesday , Trump said , "" I certainly do not condone that at all , Jake . """
abcnews.go.com/Politics/biden-campaign-commits-debates-trump-claims-president-shifting/story,"Biden 's >>>campaign manager<<< cautioned that the campaign was accepting the invitation on the parameters previously laid out by the commission , and would not tolerate any efforts by the Trump campaign to majorly change the events ."
abcnews.go.com/Politics/chris-christie-challenger-barbara-buono-lost-amid-obama/story,"They had held out hope that Newark Mayor Cory Booker would run against Christie , 50 , but he decided to pursue a >>>U.S. Senate bid instead<<< ."
abcnews.go.com/Politics/fewer-half-americans-daily-routine-return-normal-june/story,"Still , concern over the pandemic continues on an upward trajectory , with 89 % of Americans now saying they are concerned that they or someone they know will be infected with the virus , compared to 79 % in a >>>poll conducted from March 18-19<<< and 66 % in a >>>poll in the field from March 11-12<<< . But this week , in a sharp turn in tone , Trump >>>said that the estimate<<< of between 100,000 and 240,000 is a "" very low number "" in comparison to a 2.2 million projection if no action had been taken ."
abcnews.go.com/Politics/hillary-clinton-sends-message-support-transgender-woman-allegedly/story,"The woman , Pearl Love , >>>told ABC News this week<<< she took the video last Thursday afternoon -- and subsequently posted it on her Facebook page -- while commuting to her new job as an outreach social worker for Translatina Network ."
abcnews.go.com/Politics/julin-castro-strong-vision-countrys-future/story,"As he prepares to announce an expected run for president on Jan. 12 in San Antonio , Julián Castro said Sunday on "" This Week "" that he believes he has a "" strong vision for the country 's future , "" and that is what is driving his interest in a >>>potential run<<< for the White House . Last week , Sen. Elizabeth Warren , D-Massachusetts , >>>launched<<< her own exploratory committee for president in a video released online . This weekend , she 's been >>>making appearances<<< in Iowa ."
abcnews.go.com/Politics/key-takeaways-joe-biden-donald-trumps-1st-presidential/story,"President Donald Trump and Democratic nominee Joe Biden struggled to break through their own noise on >>>Tuesday night in the first presidential debate<<< , which was filled with interruptions , arguing and >>>incoherent pitches to American voters<<< ."
abcnews.go.com/Politics/long-planes-grounded-acting-faa-administrator-boeing-737s/story,"A readout of initial data on the >>>deadly Boeing 737 MAX 8 Ethiopian Airlines crash<<< wo n't happen until at least Friday , the French aviation safety bureau said Thursday , despite assurances from the head of the Federal Aviation Administration Thursday morning that answers could come later in the day . It will also extend the >>>nearly-worldwide grounding<<< of the Boeing 737 MAX 8 , an aircraft which has now been involved in two deadly crashes in less than five months . The expected data could address questions about whether there is a dangerous software problem with the aircraft , >>>now grounded by more than 40 countries and all major<<< airlines around the world . The FAA reversed its assurances that the plane should stay in the air on Wednesday , making the U.S. >>>one of the last to order the 737 MAX grounded<<< . Initially , the raw flight data available on Sunday and Monday did not match that of the Boeing 737 Max >>>that crashed in October in Indonesia<<< , Elwell said ."
abcnews.go.com/Politics/michael-cohen-returns-capitol-hill-democratic-probes-president/story,"Testifying publicly before the >>>House Oversight Committee<<< last week , Cohen said Trump 's current personal lawyer Jay Sekulow changed the former Trump loyalist 's statement to the House and Senate Intelligence Committees regarding the duration of discussions about the Trump Tower Moscow project before he submitted it to Capitol Hill . Since then , the already tense relationship between >>>House Democrats<<< and the >>>White House<<< has reached a fever pitch . Meanwhile , Democrats on the House Ways and Means Committee are laying the groundwork for a fight over >>>President Trump 's tax returns<<< , and the House Intelligence Committee , with whom Cohen is meeting Wednesday , announced earlier this week that it hired a former federal prosecutor with experience investigating Russian organized crime to lead their sprawling probe into the president 's alleged ties to Russia . >>>Special counsel Robert Mueller<<< is reportedly approaching the conclusion of his nearly two-year investigation into Russian interference in the 2016 presidential election ."
abcnews.go.com/Politics/michael-flynn-rick-gates-key-witnesses-mueller-probe/story,"During a hearing on a criminal case against former national security adviser Michael Flynn 's former Turkish lobbying partner >>>Bijan Kian<<< Friday morning , a Department of Justice prosecutor hinted that Flynn 's interviews with Mueller 's team and the Department of Justice are also being used in other investigations . Kian pleaded >>>not guilty<<< . In a separate matter , Mueller 's team filed Friday morning that Rick Gates , the former Trump campaign deputy manager and longtime business associate of Paul Manafort , is >>>not finished<<< with his cooperation agreement either . The Southern District of New York has been >>>investigating<<< President Donald Trump 's 2017 inaugural committee 's donations and spending . Gates ' former boss Manafort , who was charged with illegal lobbying and financial crimes , was >>>sentenced to a total of 81 months<<< behind bars between charges he faced in federal cases in both Virginia and the District of Columbia ."
abcnews.go.com/Politics/milley-apologizes-taking-part-trump-church-walk/story,"The nation 's top military official has >>>apologized for taking part<<< in President Donald Trump 's walk from the White House to St. John 's Church for what eventually turned into a controversial photo op after authorities had used pepper balls and smoke canisters >>>to disperse largely peaceful protesters<<< . Both believed they were accompanying Trump to thank National Guard troops and other law enforcement officers outside Lafayette Square , Esper >>>said last week<<< ."
abcnews.go.com/Politics/rep-king-marco-rubio-raise-money-york/story,He was joined by his friend and fellow Republican >>>New Jersey Gov. Chris Christie who was also angry<<< at the vote being pulled after being assured it would be voted on .
abcnews.go.com/Politics/sen-amy-klobuchar-details-plans-outperform-polls-early/story,"Following the first week of >>>splitting her time between<<< the Senate impeachment trial of President Donald Trump and her Democratic presidential campaign , Sen. Amy Klobuchar , D-Minn. , said that her strategy is to continue with "" creative approaches , "" such as short bursts of travel to the early primary states and "" tele-town halls "" from Washington . "" The comeback strategy is coming back here whenever I can , "" Klobuchar said on >>>ABC 's "" This Week "" Sunday<<< . """
abcnews.go.com/Politics/sexual-misconduct-allegations-casino-mogul-steve-wynn-put/story,"Casino mogul Steve Wynn has stepped down as finance chairman for the Republican National Committee just over 24 hours after publication of >>>multiple allegations<<< of sexual assault and harassment against him . Former RNC spokesman Doug Heye sent out a >>>series<<< of >>>tweets<<< Friday afternoon calling on the RNC to cut its ties with Wynn , with one post noting how "" aggressive "" the RNC had been in calling out Democrats after the Weinstein allegations ."
abcnews.go.com/Politics/treasury-requests-250-billion-small-business-relief/story,"The Treasury Department on Tuesday asked Congress for $ 250 billion in additional funding for >>>small business loans<<< , a key part of the stimulus package passed last month aimed at keeping the economy afloat during the >>>coronavirus crisis<<< ."
abcnews.go.com/Politics/trump-administration-touts-greenhouse-gas-reductions-regulation-rollbacks/story,Climate scientists say that while emissions reductions are a positive step the U.S. and other countries >>>need to go much further<<< and stop releasing more carbon dioxide into the atmosphere to prevent the effects of climate change from getting worse .
abcnews.go.com/Politics/trump-properties-flout-face-covering-mandates/story,"As the coronavirus surges across the country , several properties owned by President Donald Trump have continued to host gatherings with guests and employees that skirt state and city-mandated face covering ordinances as well as the organization 's own public rules for >>>resuming business<<< during the pandemic . The president has , over the course of the pandemic , >>>given mixed signals<<< when it comes to wearing a mask to fight the coronavirus , not wearing one publicly until July , even as health experts have said masks are key to slowing the spread . While Trump for months has refused to wear a face covering in public , the president on Monday tweeted an >>>image of himself in a mask<<< , writing that "" many people say that it is Patriotic to wear a face mask when you ca n't socially distance . """
abcnews.go.com/Sports/questions-abound-kevin-durant-appears-injure-achilles-tendon/story,"With the Golden State Warriors facing possible elimination in Game 5 against the Toronto Raptors , the night began as a >>>perfect comeback<<< for Kevin Durant , the team 's star forward . Even famed >>>Raptors fan and rapper Drake<<< was seen patting Durant on the back as he made his way to the locker room . Warriors general manager Bob Myers , who got >>>choked up at times<<< during a news conference after the game , said that Durant had gone through four weeks with the medical team . On Thursday , NBA officials banned a Golden State Warriors minority owner after >>>video showed him shoving a player<<< on the sidelines during the game ."
abcnews.go.com/Technology/fossil-hold-key-evolution-show-apes-humans/story,"Whether they turn out to be a side component or >>>a direct relative<<< [ of human beings ] they will be extraordinary . """
abcnews.go.com/Technology/scientists-public-saturns-20-newly-discovered-moons/story,"Scientists at the Carnegie Institution for Science have discovered 20 >>>additional moons<<< orbiting Saturn -- and they are asking the public to help name them . Scientists learned their lesson back in 2016 , when voters in the United Kingdom >>>chose<<< "" R.R.S. Boaty McBoatface "" as the name for a polar research vessel ."
abcnews.go.com/Technology/space-shuttle-30th-anniversary-astronauts-remember-programs-accomplishments/story,"Three decades ago , the Space Shuttle Columbia blasted off from the >>>Kennedy Space Center<<< for the very first time . >>>Discovery<<< completed its final mission in March , >>>Endeavour<<< will launch for the last time later this month and Atlantis is expected to make its swan song in June . Despite the >>>space program 's<<< many successes , it has not been without tragedy -- Challenger and Columbia , and their crews , were lost in 1986 and 2003 , respectively ."
abcnews.go.com/Technology/stay-lane-sidewalk-opens-smartphone-addicts/story,>>>The Fix for Your Phone Addiction<<< ?
abcnews.go.com/Technology/traffic-jams-gridlock-physics/story,"As students and employees return from vacation , and vehicles fully flood roadways once again , drivers face an increased risk of what may be the worst hassle a commuter can encounter : >>>traffic<<< >>>gridlock<<< ."
abcnews.go.com/Technology/uber-cheezburger-launch-demand-kitten-service-celebrate-national/story,"Uber has done similar promotions in the past with an >>>on-demand ice cream trucks<<< to celebrate summer and on-demand >>>"" Freedom Rides "" to voters on Election Day<<< ."
abcnews.go.com/Travel/dino-bear-facebook-star-italy/story,"And , for the last few years , the European Union has even been promoting >>>the re-introduction of bears<<< into parts of this mountainous region . But , thus far , he has shown no sign of wanting to move on , which has prompted cattle ranchers to be >>>even more strident<<< in their calls for ending Dino 's prolonged feast to end with a bullet ."
abcnews.go.com/US/actioni-life-16-year-football-player-charged-murdering/story,"A 16-year-old has been charged with >>>killing<<< a pregnant classmate and her unborn child , of whom he was the father , authorities say ."
abcnews.go.com/US/aurora-shooting-survivor-recalls-terror-eve-anniversary/story,"Sitting in a dark movie theater watching "" The Dark Knight Rises "" with her boyfriend , >>>Julia Vojtsek<<< sensed something "" weird "" was going on . >>>Eleven others were killed<<< and 70 others were either wounded by gunfire or injured in the chaos of July 20 , 2012 . For the >>>first anniversary<<< of the Aurora theater shooting , there were competing rallies today in Colorado . He has entered >>>a plea of not guilty<<< by reason of insanity ."
abcnews.go.com/US/bail-deadly-movie-theater-shooting/story,"It was the second day of a bond hearing for Reeves , 71 , accused of shooting Chad Oulson after an >>>argument over texting<<< in the dark theater . Chad Oulson , 43 , and his wife , >>>Nicole Oulson<<< , were watching the previews before the movie "" Lone Survivor "" at a Wesley Chapel , Fla. , theater when , according to authorities , Reeves became annoyed with Chad Oulson using his cellphone ."
abcnews.go.com/US/cody-wayne-lewis-houston-massage-therapist-indicted-alleged/story,"After two Texas women accused him of sexual assault , >>>Cody Wayne Lewis<<< , a massage therapist at a popular spa chain , has been indicted ."
abcnews.go.com/US/coronavirus-live-updates-trump-retweets-call-fire-fauci/story,"The >>>U.S. Supreme Court will for the first time hear oral arguments by teleconference<<< in May , seeking to resolve a number of urgent cases that include President Donald Trump 's appeal of subpoenas seeking his financial records . "" It is hard to find the words to express my debt to the NHS [ National Health Service ] for saving my life , "" >>>Johnson , 55 , tweeted Sunday<<< . """
abcnews.go.com/US/coronavirus-updates-trump-sports-back-congratulates-ufc-holding/story,"Fauci , whose quarantine was described as "" modified , "" >>>initially was expected<<< to show up to the Senate for his testimony on Tuesday . >>>Starting Monday<<< , small shops and markets in France can open with limits on capacity . Dr. Paul Stoffels , >>>appearing on ABC 's "" This Week "" on Sunday<<< , responded to comments from President Donald Trump last week that , "" With or without a vaccine , it 's going to pass , and we 're going to be back to normal . "" "" Inside the numbers is a glimmer of hope , "" Kudlow said in an >>>interview on ABC 's "" This Week "" Sunday morning<<< , adding that "" 80 % of it was furloughs and temporary layoffs ."
abcnews.go.com/US/disney-ceo-bob-iger-talks-career-highlights-retirement/story,"In the nearly 14 years since he became CEO of The Walt Disney Company , Bob Iger has transformed the company into a $ 239 billion empire through landmark deals that have produced blockbusters like >>>"" Avengers : Endgame ""<<< and >>>"" Toy Story 4<<< . "" With the launch of >>>Disney +<<< in November , the company is now taking a bold step into the streaming marketplace . >>>Jobs died in 2011<<< after a battle with pancreatic cancer , but Iger said that if he were still alive , there could have possibly been a merger between Disney and Apple . In 2009 , Disney acquired comics giant Marvel Entertainment for $ 7.4 billion ; in 2012 , it acquired Lucasfilm for $ 4 billion ; and in 2018 , it finalized its >>>acquisition of 21st Century Fox<<< ."
abcnews.go.com/US/family-finds-purpose-healing-boston-marathon-tragedy/story,"But on >>>April 15 , 2013<<< , as Richard stood near the finish line with his entire family , including his 8-year-old son Martin , the group was only steps away from >>>Dzhokhar Tsarnaev<<< , who loomed nearby , allegedly with a bomb in his backpack . The blast killed Martin , the >>>youngest person to die<<< in the bombing that killed three and wounded hundreds ."
abcnews.go.com/US/florida-motorcyclist-hit-lightning-dies-crash/story,"The 45-year-old man was riding his motorcycle southbound on Interstate 95 in east-central Florida 's Volusia County on Sunday afternoon when >>>a lightning strike<<< hit his helmet , causing him to veer off the roadway and crash . >>>Direct lightning strikes<<< are rare ."
abcnews.go.com/US/florida-woman-life-support-minor-cosmetic-procedure/story,"A Florida mother of three is on life support after a visit to >>>her local spa last week<<< , her lawyers say . "" The only thing that is remotely similar to what we understand [ Kah ] told her friend she was going to have , is what they advertise on their Web site as ' Carboxytherapy , ' "" said Freedland , who is not certain what >>>procedure<<< his client actually received ."
abcnews.go.com/US/girls-scouts-troop-struck-lightning-remote-minnesota-wilderness/story,"A group of Girl Scouts >>>camping<<< in the remote wilderness of Minnesota , just miles from the Canadian border , needed rescuing late Friday after a lightning scare ."
abcnews.go.com/US/inside-twin-peaks-breaking-happened-waco-biker-brawl/story,">>>Johnny Snyder<<< told ABC News earlier this week that he was present on the patio , as a vice president of the Boozefighters , adding that his club was n't involved in the brawling ."
abcnews.go.com/US/loko-energy-drink-teens-death-spotlights-danger/story,"Texas authorities have arrested a convenience store clerk for selling the controversial alcoholic energy drink >>>Four Loko<<< to a group of teenagers involved in a car wreck that left a teenage girl dead . The girl 's death came the same week that the federal government called for an investigation of similar drinks that blend >>>alcohol and caffeine<<< , calling them "" unsafe . """
abcnews.go.com/US/minnesota-sees-rise-covid-19-cases-tied-protests/story,Infectious disease experts have >>>warned<<< that mass protests over the death of George Floyd could lead to another wave of COVID-19 infections . Health departments and government leaders have been recommending that anyone who attends a protest >>>get tested for COVID-19<<< within a week of possible exposure to the virus .
abcnews.go.com/US/mississippi-governor-announces-prison-reforms-series-deaths-riots/story,"Seeing for himself the "" terrible "" conditions of Mississippi 's troubled prisons , the new governor on Thursday announced a series of reforms to boost safety for inmates and staff following a >>>series of violent deaths<<< , riots , escapes and a federal lawsuit backed by hip hop artist Yo Gotti and music mogul Jay-Z ."
abcnews.go.com/US/nh-town-employees-carry-guns-work/story,"Across the nation , states increasingly are loosening gun laws in a trend that legal experts predict will intensify following Monday 's >>>Supreme Court decision<<< supporting the right to keep and bear arms . The ruling in >>>McDonald v. City of Chicago<<< will only open more state gun-control laws to legal challenges , according to experts ."
abcnews.go.com/US/ohio-baby-born-front-seat-car-cries-heard/story,A >>>baby boy<<< entered the world in dramatic fashion this morning -- and it was all caught on a 911 call as his frantic parents sped toward an Ohio hospital .
abcnews.go.com/US/petit-home-invasion-killer-steven-hayes-confesses-17/story,"The only person to survive the 2007 attack was >>>Dr. William Petit<<< , who was beaten with a baseball bat and tied to a pole in the basement . >>>Komisarjevsky was convicted<<< earlier this month of taking part in the Petit murders ."
abcnews.go.com/US/rodney-king-dies-timeline-life-los-angeles-riots/story,">>>Rodney King<<< , the man who was at the center of the Los Angeles police brutality case that later sparked the Los Angeles riots . He also talked about being forever linked to the 1991 beating that was >>>captured on tape<<< and the Los Angeles riots . June 17 , 2012 - >>>King was found dead<<< at his home in Southern California ."
abcnews.go.com/US/safety-tips-staying-cool-preventing-heat-illness-aid/story,>>>Scorching temperatures<<< in many areas over >>>Memorial Day weekend<<< sent several people to emergency rooms for heat overexposure .
abcnews.go.com/US/senators-bicker-green-deal-climate-change/story,"As Senate Republicans took to the floor one by one on Wednesday to lambast the >>>progressives ' "" Green New Deal "" proposal<<< that would seek to counter climate change , Democrats were ready to pounce . In a series of speeches , >>>Republicans blasted the Green New Deal<<< as "" wildly unrealistic "" and a "" radical environmental policy . """
abcnews.go.com/US/stanford-swimmer-brock-turner-appeal-request-trial-denied/story,"Turner was sentenced to six months in jail , >>>prompting outrage<<< over what was widely-seen as a far lighter sentence than the multi-year term he could have faced for such a conviction . The judge in the original trial , Judge Aaron Persky >>>was recalled<<< by voters in June , with much of the support for his removal stemming from his decision in the Turner case ."
abcnews.go.com/US/start-here-future-work-us-traditional-labor-model/story,"ABC News ' Alex Stone , who >>>went on patrol<<< with volunteer law enforcement in Los Angeles , tells the podcast there 's no way of knowing the difference between a reserve deputy or officer , and a full-time , paid officer . ' Saddest and worst day ' : Hurricane Dorian is >>>a massive Category 5 hurricane<<< Monday morning with sustained winds of 185 mph as it continues to batter the Bahamas in the Atlantic Ocean . ' Lost control of the vehicle ' : Comedian Kevin Hart was >>>injured in a car crash<<< in Malibu Hills over the weekend when his driver lost control of their vehicle while transporting Hart and one person . ' This problem needs to address mental illness ' : Citizens in T-shirts reading "" Permian Basin Strong "" descended on >>>a vigil in Odessa , Texas<<< , one day after a man opened fire on residents while driving across multiple towns in western Texas . ' Call the U.S. Marshals Service or 9-1-1 immediately ' : Federal authorities have released >>>new images of a pair of murder suspects<<< who overpowered security guards and escaped from a prison transport van last week ."
abcnews.go.com/US/teacher-buffalo-seminary-charged-threatening-reporter-investigated-church/story,"Specht , whose award-winning work was >>>featured in a special edition of Nightline<<< , told ABC News after he reported the threat , he and his family spent most of last week under close watch by local authorities as the FBI conducted its investigation . In December , however , >>>Malone resigned<<< in the face of widespread criticism following a review of the diocese authorized by the Holy See and submitted to the Vatican 's Congregation for Bishops ."
abcnews.go.com/US/tennessee-police-department-clarifies-meth-gators-real-warning/story,"A Tennessee police department that warned residents about the possible after-effects of >>>flushing their drugs down the toilet<<< is now clarifying that meth-gators do not exist "" at this time . "" On July 13 , the Loretto Police Department asked people in possession of drugs -- both illegal and legal prescription drugs -- to refrain from sending the substances down sewage pipes , for fear that it could end up in retention ponds and be ingested by ducks , geese and >>>even gators<<< . >>>Last week<<< , Loretto Police Chief Bobby Joe Killen told ABC News that there have been no reports of wild animals affected by drugs in the area ."
abcnews.go.com/US/year-brings-chills-belts-words-national-anthem-memory/story,"At 2 years old , Amelia Bubenik is >>>taking the internet by storm<<< this Independence Day with her passionately-performed rendition of "" The Star Spangled Banner . "" The young girl 's natural talent for singing and affinity for the >>>anthem<<< have been unmistakable , Bubenik said . Both Amelia 's father and grandfather are Navy >>>veterans<<< . Bubenik captured Amelia 's debut concert on video and posted it to Facebook on >>>Memorial Day<<< ."
abcnews.go.com/US/years-pulse-nightclub-shooting-florida-lawmakers-make-site/story,"Florida lawmakers are looking to designate >>>the site<<< of the >>>Pulse nightclub shooting<<< in Orlando , where more than four dozen people were killed in 2016 , a national memorial . Wednesday is the three-year >>>anniversary<<< of the massacre ."
abcnews.go.com/WN/lost-love-lady-liberty-foundation-helps-seniors-wishes/story,"The next day he flew to Illinois , where he became a husband , a father and a >>>teacher<<< of 34 years . Jeremy Bloom knows about >>>dreams<<< coming true . "" I knew that if I ever accomplished something in sports and had a platform to make a difference , it was gon na be for >>>seniors<<< , "" he said . """
abcnews.go.com/WN/mexico-town-plagued-drug-violence-hires-student-police/story,"Just miles from the >>>U.S. border<<< , Praxedis G Guerrero , population 8,500 , has been the site of a turf war between rival drug cartels who residents say patrol the night in sport utility vehicles and pickup trucks carrying assault and sniper rifles ."
abcnews.go.com/WN/pirates-kidnapped-us-paul-chandler-confirms/story,A retired British man >>>who was kidnapped by pirates<<< along with his wife told a television station today that the pirates crept aboard his yacht while he was sleeping .
abcnews.go.com/WN/vote-2010-losing-house-good-president-obama-world/story,"With the forecast looking increasingly bleak for congressional Democrats as the midterms draw near , some political analysts have posed an interesting question : >>>Would losing control of Congress be good for President Obama<<< ?"
abcnews.go.com/abcnewsnow/money-matters-abc-news-now/story,· >>>Retirement Center<<< · >>>Recession Survival Guide<<<
