{
  "attention_probs_dropout_prob": 0.1,
  "directionality": "bidi",
  "hidden_act": "gelu",
  "hidden_dropout_prob": 0.1,
  "hidden_size": 768,
  "initializer_range": 0.02,
  "intermediate_size": 3072,
  "max_position_embeddings": 512,
  "num_attention_heads": 12,
  "num_hidden_layers": 12,
  "pooler_fc_size": 768,
  "pooler_num_attention_heads": 12,
  "pooler_num_fc_layers": 3,
  "pooler_size_per_head": 128,
  "pooler_type": "first_token_transform",
  "type_vocab_size": 2,
  "vocab_size": 119547,
  "use_adapter": true,
  "adapter_prediction": "average",
  "num_adapters": 1,
  "adapter_act": "gelu",
  "adapter_size": 256,
  "adapter_initializer_range": 0.0002,
  "use_language_emb": true,
  "language_emb_size": 32,
  "language_emb_dropout": 0.1,
  "num_languages": 2,
  "num_language_features": 289,
  "language_drop_rate": 0.2,
  "language_features": "syntax_knn+phonology_knn+inventory_knn",
  "one_hot": false,
  "nl_project": 289
}