doc-id,token
avclub.com/article/activision-making-new-kings-quest-208053,"The only other game announced so far is Geometry Wars 3 : Dimensions , a continuation of >>>Activision 's acclaimed series of shape-blasting shoot 'em ups<<< ."
avclub.com/article/amanda-seyfried-joins-joe-wrights-peter-pan-203856,"She joins Hugh Jackman as Blackbeard , >>>Garrett Hedlund<<< as a not-yet-evil Hook , newcomer >>>Levi Miller<<< as Peter , and the especially questionable >>>Rooney Mara<<< as Native American princess Tiger Lily ."
avclub.com/article/birthday-boy-bob-dylan-has-inspired-lot-parodies-o-237271,">>>Bob Dylan<<< , who turns 75 today , may well be the voice of his generation . If >>>Chuck Klosterman is to be believed<<< , Dylan might even be the face of rock music in centuries to come ."
avclub.com/article/bruce-springsteen-calls-refugee-ban-anti-democrati-249337,"Not only did The Boss >>>play a secret show<<< for Barack Obama and his staff in the waning days of that administration , he 's gone on record saying that President Trump is a >>>"" moron<<< , "" that his promises to the American working class constitute a >>>"" con job<<< , "" and that he felt a mix of disgust and fear before Trump took the oath of office ."
avclub.com/article/check-out-this-exclusive-preview-of-emwilliam-s-bu-46080,You can check out an exclusive preview of the film >>>here in our Coming Distractions section<<< .
avclub.com/article/chinese-food-actually-made-the-embillboardem-hot-1-104679,"Not bad for a manufactured pop song written and produced by ARK Music Factory , the same company behind Rebecca Black 's "" Friday "" and >>>Nicole Westbrook 's "" Thanksgiving . ""<<<"
avclub.com/article/creator-teletubbies-sad-it-being-remade-215405,">>>Back in June<<< , we reported that the BBC was planning to reboot Teletubbies with computer-generated animation , so that it could be more relevant to the computer-generated children of today . Wood 's response is a bit tamer than , say , >>>everything Dan Harmon said<<< about season four of Community , but she 's clearly not happy about it ."
avclub.com/article/don-johnson-will-also-torture-slaves-for-quentin-t-63278,"Yes , Johnson was like , "" I do n't know , Quentin Tarantino , I feel as though I 'm really laying the groundwork for something here with >>>A Good Old Fashioned Orgy<<< and Bucky Larson : Born To Be A Star , and I 'd hate to do anything that might sully the goodwill those films have engendered . """
avclub.com/article/dont-be-ridiculous-everybody-likes-ithe-newsroomi-100077,"The Newsroom ( HBO , 10 p.m. ) : Look , Aaron Sorkin is not >>>a waiter in a restaurant<<< serving you TV just how you want it prepared : For reasons passing understanding , The Newsroom continues to cover the big stories of two years ago , opening its second season on the 10th anniversary of the terrorist attacks of September 11 , 2001 ."
avclub.com/article/emcurb-your-enthusiasmem-renewed-for-eighth-season-40313,"Following a season so good , its finale even nabbed >>>the elusive , nigh-mythical "" A + "" rating from us<<< , the news that Curb Your Enthusiasm has re-upped for an eighth year is welcome indeed ."
avclub.com/article/foo-fighters-debut-was-a-bridge-between-nirvana-an-84294,"Longtime readers of The A.V. Club might >>>remember Permanent Records<<< , a recurring feature that ran on the site in the late ' 00s . Sometimes we talked about lost classics like >>>Sloan 's Between The Bridges<<< and the >>>Everly Brothers ' Roots<<< . Other times we delved into overlooked deep cuts from superstar discographies , like >>>Bruce Springsteen 's Tunnel Of Love<<< and >>>Marvin Gaye 's Here My Dear<<< . If you were like me in the mid - '90s — a high-school kid from middle America who unequivocally loved alternative rock — Foo Fighters is like what the first Boston record was to teenagers in the late '70s , or >>>Def Leppard 's<<< Hysteria was in the late '80s ."
avclub.com/article/fox-proves-it-can-mash-up-genres-too-prepares-supe-47880,"Much as >>>Jamie Foxx recently scraped together all of the loose ends of various shows<<< about ass-kicking female secret ops agents , the mob , and lawyers into one shepherd 's pie of TV trans-fats , Pirates Of The Caribbean director Gore Verbinski is preparing to make the jump to television with a series that combines ye olde standby the courtroom drama with the >>>recent trend toward witches and warlocks<<< into one genre-riffic show called Magical Law . If the premise sounds familiar , that 's because it 's sort of like >>>the similarly prospective Zombies Vs. Vampires<<< , which is set in a world where the existence of supernatural beings is commonplace and follows the specialized cops and lawyers who face the unique challenges of prosecuting otherworldly crimes — albeit ones that mostly have to do with zombies and vampires . Of course , that just makes it sound even more like >>>NBC 's proposed "" adult Harry Potter "" drama<<< "" set in a world ruled not by science but by magic . """
avclub.com/article/fox-senses-your-gordon-ramsay-fatigue-offers-up-th-80825,">>>TV Roundtable<<< ( 3 p.m. ) : When Boy Meets World gave the "" lycanthropy as puberty "" trope a spin in 1994 , it was still pretty fresh ."
avclub.com/article/fx-orders-more-its-always-sunny-philadelphia-bunch-203099,"At that point , according to computer models and the >>>previously announced<<< end dates for other FX Networks programs , 100 percent of all original shows on FX and FXX will have some sort of connection to McElhenney , Day , and Howerton — shows like the yet-untitled Tracy Morgan vehicle ( written by the It 's Always Sunny creators and their one-time cohort , New Girl 's Luvh Rakhe ) that will air alongside season 11 of It 's Always Sunny in January 2015 . That show is not the previously announced >>>Death Pact<<< , a pilot that had no future at the newly RCG-centric FX , as it featured no input from McElhenney , Day , Howerton , or any combination of the three ."
avclub.com/article/harrison-ford-watches-emindiana-jonesem-67263,"Of course , no one would blame him if he never laid eyes on >>>The Kingdom of the Crystal Skull<<< ."
avclub.com/article/harry-shearer-talks-about-his-new-album-and-its-re-84233,"When The A.V. Club >>>last spoke with Harry Shearer<<< , eight years ago , he talked about breaking into show business a child actor , getting involved with the legendary sketch-comedy troupe The Credibility Gap , and his two most famous gigs : as bass player Derek Smalls in the parody rock band Spinal Tap , and as a voice actor on The Simpsons . Shearer spoke with The A.V. Club about his new album Ca n't Take A Hint ( out August 27 from Courgette , and featuring guest appearances by Fountains Of Wayne , >>>Jamie Cullum<<< and Dr. John , among others ) , the state of the comedy album today , and , yes , about The Simpsons . HS : The last movie I made was >>>a serious documentary about why New Orleans flooded<<< , and I ended up spending half of last year on the road with it , showing it and doing Q&A s ."
avclub.com/article/history-rewritten-again-to-accommodate-new-wyatt-e-54127,"Hence , >>>Abraham Lincoln will fight vampires<<< , Harry Houdini will >>>spy for the British<<< and >>>play buddy cops with Sir Arthur Conan Doyle<<< , >>>Edgar Allan Poe will solve mysteries<<< , and now gunslingers Doc Holliday and Wyatt Earp will band together to rescue the daughter of Sitting Bull from a magical , evil shaman in Warner Bros. ' Wild Guns ."
avclub.com/article/igravity-fallsi-finally-answers-your-prayers-for-a-81962,"Louie : Sure , Louis C.K. came out of this week >>>$ 4 million-plus richer<<< — but it wo n't mean anything to him until you read Nathan Rabin 's review of Louie 's third-season première ."
avclub.com/article/it-begins-netflix-branches-out-into-original-progr-53217,"Acquiring the drama ( which , >>>as previously reported<<< , stars Kevin Spacey as a ruthless politician ) reportedly cost Netflix an estimated $ 100 million up front and a commitment to two seasons at 26-episodes — the sort of deal no one 's ever had the guts to make before ."
avclub.com/article/its-10-12-minutes-faaaaabulous-double-dare-prizes-206053,You correctly answered >>>Marc Summers '<<< trivia questions .
avclub.com/article/jack-white-scores-first-ever-no-1-album-with-emblu-73423,"The A.V. Club really likes >>>the new Jack White album<<< , but does our opinion really matter in the grand scheme of things ?"
avclub.com/article/jerry-lewis-explains-why-showbiz-humanity-are-scre-59729,( That depends : >>>Is she Italian and/or haunted<<< ? )
avclub.com/article/kanye-wests-34-minute-video-for-runaway-is-fraught-46751,"If his >>>newly amended album cover<<< and >>>recent Saturday Night Live performance<<< have n't yet clued you in , Kanye West 's upcoming My Beautiful Dark Twisted Fantasy has high-art aspirations and something to do with ballerinas ."
avclub.com/article/lady-gaga-successfully-prevents-someone-from-makin-63437,"Reminiscent of the >>>recent back-and-forth<<< over "" Weird Al "" Yankovic 's "" Perform This Way , "" Lady Gaga 's representatives have once more ensured the solemnity and integrity of Lady Gaga 's image by winning an injunction against the popular children 's website Moshi Monsters , and preventing them from parodying her with a cartoon named Lady Goo Goo ."
avclub.com/article/lil-wayne-to-kill-time-before-emtha-carter-ivem-by-57568,"While Lil Wayne continues to >>>crank out one hot delay after another<<< when it comes to Tha Carter IV , he 's also actually been recording stuff — enough stuff to cobble together another pre-release mix-tape , according to Young Money mouthpiece Mack Maine ."
avclub.com/article/melvins-announce-emeverybody-loves-sausagesem-a-co-92304,Carpe Diem — >>>The Fugs09<<< . Romance — >>>Tales Of Terror<<< ( Melvins Lite ) 12 .
avclub.com/article/michael-ian-black-59968,"This year marks the 10th anniversary of the comedy-nerd favorite Wet Hot American Summer , and of all the movie 's cast members — many of whom were in The State — >>>Michael Ian Black 's<<< ensuing career has been the most diverse . The A.V. Club : >>>The last time we spoke<<< , you were also using the tagline "" very famous . """
avclub.com/article/mitt-romney-gets-the-magical-mash-up-treatment-71143,"Witness the pairing of GOP presidential candidate Mitt Romney and Kid Rock , who endorsed Romney in their shared home state of Michigan ( or the maybe-maybe-not union of >>>Rick Santorum and Megadeth 's Dave Mustaine<<< ) . Like President Obama >>>singing Al Green<<< , or , in this case , Eminem 's "" The Real Slim Shady "" being used to highlight the elusive views of Mitt Romney . Reminiscent of >>>the Jay-Z splice<<< a few weeks ago , Australian Hugh Atkin splices together choice words of various speakers — but mostly Romney — to create a delightful portrait and deconstruction of a political candidate , all set to a memorable hook ."
avclub.com/article/morning-joe-hosts-accuse-kellyanne-conway-having-s-255346,"Concurring with his co-host ( and >>>newly minted fiancée<<< ) , Scarborough said Conway — who spent most of the primary season castigating Trump for the very things she would now refer to as "" negativity "" — would often aver that her time with Trump was only temporary , believing , like so many , that his campaign would be the end of it : "" [ She said ] ' I 'll be off this soon ' — I do n't know that she ever said I 'm doing this for the money , but she said , ' This is my summer vacation , my summer in Europe , and basically , I 'm gon na get through this , ' "" Scarborough alleged of Conway 's apparently Hostel-inspired worldview . This is n't the first , nor surely the last time Scarborough and Brzezinski have gone after Conway , with the two >>>formally banning her from the show<<< back in March for what they derided as her total lack of credibility . It was an admirable call , at long last , for some integrity in cable news , albeit one offered by two people who were once so friendly and welcoming to Trump that >>>he invited them to lunch at the White House and offered to officiate their wedding<<< . While she has yet to respond directly to today 's accusations , Conway most recently sat down for an interview with Fox News ' Howard Kurtz , where she once again attacked the media for being unfairly critical , and called >>>Anderson Cooper 's recent eye-roll<<< "" possibly sexist "" and "" definitely what I call Trumpist . """
avclub.com/article/natalie-portman-co-wrote-a-raunchy-comedy-isnt-you-47610,"As hinted up top , "" raunch "" is n't exactly the sort of thing you expect from Natalie Portman , her "" Natalie Raps "" video aside , but lately she 's been making efforts to sully her lace-doily image by doing stuff like >>>making out with Mila Kunis in Black Swan<<< , and starring in a "" friends with benefits "" comedy with Ashton Kutcher ."
avclub.com/article/nbc-disrupt-future-musicals-shows-about-robin-hood-208128,"As part of its slow yielding of all its original programming to people singing , >>>preferably in green tights<<< , NBC is preparing an event series about the legend of Robin Hood — one that will incorporate songs in a way that is n't entirely clear yet , in our current limited mindshare . Bogart has also long been prepping >>>Spinning Gold , a movie starring Justin Timberlake<<< as his father , 1970s music manager Neil Bogart , whose corporate drive to control , package , and profit from faddish music trends made it possible for his sons to one day make movies and TV shows subtly critiquing it . Like that movie ( and >>>HBO 's Martin Scorsese/Mick Jagger drama<<< , and >>>the similar drama that Showtime tried to launch<<< ) , the event series , tentatively titled The 1970s , will cover the music industry during the 1970s , a wild time when haystacks of cocaine clad in zippered jumpsuits recorded songs about dancing on roller skates , and everyone became millionaires . Brought in to oversee the casting of the contemporary artists who will play those '70s icons is The Voice 's Adam Levine , >>>Lord of Karaoke<<< , who was naturally the first artist NBC thought of for a project that celebrates the days before corporate influence clamped down on music , rendering it a safe pastiche of recycled ideas ."
avclub.com/article/nbc-gives-birth-teaser-rosemarys-baby-miniseries-202600,"Having >>>already chosen<<< Star Trek : Into Darkness star Zoe Saldana to carry its Rosemary 's Baby miniseries to term , NBC has debuted the first teaser trailer for the show — although , it is n't so much a teaser as a moving poster , with a baby 's cry hastily dubbed over five seconds ' worth of foreboding imagery . As >>>previously reported<<< , this version of Ira Levin 's 1967 horror novel will take place in Paris rather than New York City , and viewers who do n't blink during the teaser can spot the Eiffel Tower in the background , silhouetted against a dark and stormy sky ."
avclub.com/article/now-theyre-making-a-biblical-tv-show-about-king-da-103618,"At this point , there are >>>so many competing TV and film projects based on scripture<<< , we 're combing the Internet for a picture of >>>Pope Francis hula-hooping<<< we can run in lieu of all future announcements ."
avclub.com/article/people-still-buy-music-insane-clown-posse-has-anot-84142,"The duo recently made headlines when it >>>launched a bold plan to take legal action against the FBI<<< on behalf of its fans , after >>>the feds deemed Juggalos a gang<<< — a strategy outlined on its website , juggalosfightback.com ( which deems itself "" A place for ' los and ' lettes to be heard ) . can also be attributed to the non-Juggalo world 's enduring fascination with the duo 's annual Gathering Of The Juggalos festival , >>>which wrapped up another epic , eventful year in beautiful , historic Cave-In-Rock , Illinois earlier this month<<< ."
avclub.com/article/pizza-hut-introduces-shoes-order-your-pizza-you-251414,"Refusing to be beaten in the fierce , competitive world of lazy food procurement by a delivery neophyte >>>like McDonald 's<<< , Pizza Hut has announced that a handful of lucky customers can now literally strap a "" bring me pizza "" button to their bodies in the form of pizza-ordering shoes ."
avclub.com/article/popless-week-24-25-like-retroville-man-2354,PersonalCorrespondenceJason Heller >>>coveredthis subject so well in his Primer back in February<<< that I almostfeel like anything I could add here would be redundant .
avclub.com/article/readers-add-21-tracks-our-game-songs-idle-moments--208879,"In >>>a For Our Consideration article about Metroid Fusion<<< , Jake Muncy mentioned how the game 's hostile clone of the series ' hero Samus Aran effectively gives players a taste of their own medicine , forcing them to feel the same unstoppable threat that Samus poses to her enemies . NakedSna — I mean , Big Boss >>>identified with this conflict<<< and tried to work it out : And Tinkerer >>>pointed out that this feeling<<< Jake inferred from Metroid Fusion was made explicit elsewhere in the series : And Proto Man >>>expanded on that with some specifics<<< from another Prime game : The theme this time around was >>>great songs from games ' idle moments<<< ( save points , pause screens , and safe havens ) , and we got a fantastic response ! >>>First up is DL<<< : And Andrew Howie >>>explained what makes one track<<< from Star Ocean : The Second Story so special :"
avclub.com/article/taste-test-yoders-canned-bacon-and-oscar-mayer-ful-2481,">>>Baconlollypops<<< , >>>baconsalt<<< , >>>Baconcombos<<< … If you can bacon it up , we 'll force it down in the name ofscience . youobviously >>>have n'tbeen paying attention<<< ."
avclub.com/article/the-mtv-video-music-awards-give-future-voters-an-e-84613,"Star Trek : Deep Space Nine ( 11 a.m. ) : When last we left Captain Sisko and crew , >>>everything looked to be hunky dory<<< — oh , wait ."
avclub.com/article/the-private-life-johnny-carson-successfully-kept-o-103122,"While it was reported late last year that Johnny Carson 's inscrutable personal life was >>>being considered for a feature film<<< , it now looks as though the late comedian could be resurrected in a more familiar place : on NBC , where not even death is reason enough to get rid of a Tonight Show host . But >>>as with so many intensely private men who are dead now<<< , too bad ."
avclub.com/article/tnt-wants-another-historical-crime-drama-with-edwa-104964,"Having just played Bugsy Siegel on another historical crime story for TNT — the upcoming , Frank Darabont-produced >>>Mob City<<< — the same network has recruited him to develop Public Morals , a series Burns will write , direct and star in . Even so , Steven Spielberg 's Amblin TV is producing the series , so TNT has high hopes ( even if it means we might see a New York in which all the cops carry >>>walkie-talkies instead of guns<<< ) ."
avclub.com/article/update-jeremy-renner-amy-adams-and-bradley-cooper--82620,"With the increasingly busy Renner on board , anyway , the movie — just one of many projects Russell has >>>attached himself to<<< in recent months — definitely seems more like a lock in Russell 's schedule , as nobody should be wasting Jeremy Renner 's time right now ."
avclub.com/article/we-are-entering-the-age-of-excellent-waterslides-f-107223,"As promised by time-traveling seer Rufus in >>>Bill & Ted 's Excellent Adventure<<< , by the year 2688 , planet Earth will be a utopia , with clean air , clean water , clean dirt , and many excellent waterslides ."
avclub.com/article/week-of-sept-29-oct-5-62975,"installment — Chris Hardwick thought it funny to label the episode "" >>>Penn & Teller<<< "" because Teller ostensibly would n't talk if he were in studio ."
avclub.com/article/weekend-box-office-and-ape-rode-horseback-save-the-206870,"As was prophesied long ago , an America >>>left decimated by blundering human folly and an over-reliance on machines<<< was saved by an ape with a machine gun , as Dawn Of The Planet Of The Apes somewhat redeemed the box office 's terrible Fourth of July returns ."
avclub.com/article/weekend-box-office-jesse-eisenberg-now-apparently--98504,"Despite a vigilant campaign of secrecy at Sony , audiences managed to catch wind of >>>After Earth 's<<< big twist : that the once-beloved , now-detested M. Night Shyamalan directed the movie . Now You See Me , which has a pretty Shyamalan-worthy >>>twist<<< of its own , ended up making about $ 28 million — only a hair more than After Earth , but enough to be considered a surprise success , given its modest budget and the fact that it 's about magicians who rob banks . Neither Copperfield 's 11 nor Wild Wild Earth could compete with >>>Uh Guys , They Got A Tank<<< , which took a big dip in its second week to $ 34.5 million , but still made enough to win the weekend . ( Claims made in >>>this column<<< six days ago that the Fast & Furious franchise would soon become so successful that America would mindlessly destroy all other movies in a Fahrenheit 451-style blaze may have been … premature . )"
avclub.com/article/will-smith-is-still-planning-on-remaking-emcolossu-94061,"While >>>the development of an I Am Legend sequel<<< promises at least one future film that will return Will Smith to the "" genius scientist "" role that is his natural habitat , let us not forget about his remake of 1970 's Colossus : The Forbin Project just because >>>we have n't heard from it in three years<<< or because you want to ."
avclub.com/article/with-a-name-like-slaughterhouse-it-has-to-be-a-goo-72178,">>>Adventure Time<<< : You wanted it , you got it : One of the most requested series in TV Club history is now a regular , weekly staple of our televised diet ."
avclub.com/article/with-all-eyes-on-london-iinspector-lewis-ihelps-ot-83083,"The Newsroom ( HBO , 10 p.m. ) : News Night catches up to the Fukushima nuclear disaster , probably by watching that great Frontline >>>documentary<<< on the incident ."
"avclub.com/articles/angelina-jolie-is-going-to-make-her-bosnian-rapero,46416/","Hey , let 's talk about Angelina Jolie some more : Earlier this week , Jolie 's feature directorial debut — >>>a romance set against the backdrop of the totally hot-and-bothered Bosnian war<<< — had its shooting permits revoked , after Bosnia 's culture minister received complaints from the nation 's Women Victims of War ."
"avclub.com/articles/atlas-sound-parallax,64703/","But the noise-rock experimenters have been equally fenced in by their increasing popularity , with frontman >>>Bradford Cox<<< spending interviews bemoaning the creative limitations of success ."
"avclub.com/articles/best-coast-the-only-place,73936/","Between her baleful , slower-tempo songwriting and the pronounced twang in her delivery , Cosentino seems more than ever to be channeling a kindred lonely heart who also takes solace in the company of animals , >>>Neko Case<<< ."
"avclub.com/articles/cee-lo-green-the-lady-killer,47733/","The conventional wisdom during >>>Cee Lo Green 's<<< stint with Goodie Mob held that the barrel-shaped , bullet-headed showman was a musical genius too weird to ever achieve mainstream success . Then came >>>Gnarls Barkley 's<<< "" Crazy , "" a song so ubiquitous and irresistible , it defined summer singles ."
"avclub.com/articles/its-never-too-late-for-a-studio-60-parody,15147/","It 's been well established that >>>Aaron Sorkin thinks you 're stupid<<< ( and that post was written before the whole zany "" there are snakes loose in the studio ! """
"avclub.com/articles/jk-rowling-the-casual-vacancy,85894/","With the amount of scrutiny surrounding >>>J.K. Rowling 's<<< first post-Harry Potter-series novel — a decidedly adult novel at that — it 's understandable that Rowling would want to distance the project as much as possible from her previous one , and from all the unfair comparisons it invites ."
"avclub.com/articles/jughead,23169/","- Speaking of "" Jones , "" Jeff Jensen helpfully points out what I should 've realized myself , as >>>a huge Archie fan<<< : that Jughead 's last name in the comic is Jones ."
"avclub.com/articles/metal-machine-music-live,10783/","Do n't ever say The A.V. Club Newswire does n't give you enough opportunities to >>>hate/fellate Lou Reed<<< : According to punknews.org , today sees the release of a live version of Reed 's aural-torture-porn epic ."
"avclub.com/articles/motion-city-soundtrack-covers-pavement,38872/",MCS ' latest album is >>>My Dinosaur Life<<< .
"avclub.com/articles/reasons-to-love-david-lee-roth-young-the-giant-and,69855/","• Chicago went over all the variations — 11 of them — >>>of David Lee Roth<<< and why they 're reason enough to love him . • Denver spoke to Young The Giant 's >>>Sameer Gadhia<<< about the band 's history and using blogs as a barometer for success . • Milwaukee got a peek at >>>The Promise Ring performing<<< as the band preps to hit the road for the first time in nearly a decade . • Toronto talked to its own >>>local Batman<<< and his new video because there 's nothing weird about the whole situation at all . • The Twin Cities chatted with music video director >>>Dan Huiting<<< about his five favorite videos he 's directed , including Bon Iver and Kathleen Edwards . • Indianapolis dealt with >>>the newest Girl Scout controversy<<< after a local politician called the group a "" radicalized organization . "" • Madison ate pickles >>>with the importers<<< of the city 's newest vodka because that 's what you do with vodka , right ?"
"avclub.com/articles/rupauls-drag-race-justified-and-a-meal-thats-almos,72382/","Episodes : RuPaul 's Drag Race , >>>"" The Fabulous Bitch >>>Ball "" Justified<<<<<< , >>>>>>"" Slaughterhouse "" Saturday<<< Night Live<<< , >>>"" Sofia Vergara/One Direction ""<<<"
"avclub.com/articles/saplings,83951/","This is n't to say that their conversations in the episode do n't refer to larger themes or tie into existing storylines : >>>Last week 's episode<<< set up Silas ' displeasure with growing marijuana that wo n't be enjoyed by regular people , and there have been a few circumstances this season where Nancy has reflected on her role in her children 's lives ( like her concern about leaving Stevie behind in "" Five Miles To Yetzer Hara "" ) ."
"avclub.com/articles/the-flirt,59027/",">>>"" Spiders ""<<< showed some of the issues Larry has in his marriage , first with Jeannie being thoroughly annoyed when they had Jon Lovitz over for dinner , then in passing mention of Larry 's fear of having children ."
"avclub.com/articles/the-hunger-games,71293/","If >>>Suzanne Collins '<<< novel The Hunger Games turns up on middle-school curricula 50 years from now — and as accessible dystopian science fiction with allusions to early-21st-century strife , that is n't out of the question — the lazy students of the future can be assured that they can watch the movie version and still get better than a passing grade ."
"avclub.com/articles/the-layover,65534/","Perhaps counterintuitively , while >>>No Reservations<<< is purposeful yet relaxed , The Layover has no purpose whatsoever , so the goal becomes to pack in as much as possible . As Bourdain discussed in his >>>interview with Joel Keller<<< , he arrives to shoot episodes of The Layover after a camera crew has already shot B-roll footage , so the show winds up much more inclusive than just the 30 or so hours he has to film in town . The other shoulder is , of course , >>>Anthony Bourdain and his no-bullshit reputation<<< ."
"avclub.com/articles/the-whole-blah-damn-thing,13055/","Well , looks like I was n't the only one >>>unimpressed<<< by Nancy 's border-run last week ; apparently Guillermo did n't take to her "" Technicolor slut suit "" antics either ."
"avclub.com/articles/waka-flocka-flame-triple-f-life-friends-fans-and-f,80960/","Over the course of just a few short months in 2010 , 19-year-old producer Lex Luger reshaped the sound of street rap with his fulminating , city-quaking beats , and no album better captured that zeitgeist than >>>Waka Flocka Flame 's<<< debut Flockaveli ."
"avclub.com/articles/wale-ambition,65042/",">>>Wale 's<<< 2009 debut , Attention Deficit , was n't just a flop ."
"avclub.com/articles/wallander-series-ii-faceless-killers-the-man-who-s,45845/","This is a bit heavy-handed , but it works ; judging by Stieg Larsson 's best-selling Millenium novels ( >>>Dragon Tattoo<<< , et al ) , Sweden has a real problem with racism , and maybe they 're just more open and honest about it then we are in the States ."
"avclub.com/articles/week-of-sept-29oct-5,62975/","Nerdist # 130 : Penn & TellerAlthough it 's billed as an appearance by the comedy-magic duo , Penn Jillette alone was the guest for this Nerdist installment — Chris Hardwick thought it funny to label the episode >>>"" Penn & Teller ""<<< because Teller ostensibly would n't talk if he were in studio ."
"avclub.com/austin/articles/dont-live-here-austins-lamest-apartments,23598/","Unlike The Domain , The Triangle gives you the option of living above low-retail outlets like OfficeMax and the T-Mobile store that will probably change hands at least once a year.Like the Villas , The Triangle is largely student-dominated , but it attracts a slightly older spoiled brat , one that 's probably totally stoked there 's a >>>Flying Saucer<<< on the premises.Its "" Live ."
"avclub.com/austin/articles/house-lights-gorilla-man,2584/","If the purpose of art is to reflect the society in which it occurs , then according to the >>>Vestige Group<<< 's newest show at Creekside Lounge , we are downrightof gorillas . Neither Jen nor I have any musical theatre background , but Jen recruited >>>Henna [ Chou<<< ] , our musical lead ."
"avclub.com/austin/articles/pho-101,23940/","The Austin restaurant scene is now riddled with solid choices for pho lovers , from >>>888<<< to >>>Pho Thai Son<<< to >>>Pho Van<<< to simply >>>Pho<<< , to name but a few ."
"avclub.com/chicago/articles/bruce-springsteen-to-perform-born-to-run-at-united,30924/","Although The Boss is touring this fall in support of last January 's Working On A Dream , Chicago fans who attend the gig >>>Sept. 20 at United Center<<< will be treated with a blast from the past : Bruce Springsteen will perform his seminal 1975 album Born To Run in its entirety ."
"avclub.com/chicago/articles/io-cofounder-charna-halpern-is-being-forced-to-mov,42773/","Ambivalent as Chicago residents tend to be about Wrigleyville , the reaction to Alderman Tunney 's endorsement of the Addison Park on Clark Street development proposal has been a >>>widespread show of support<<< for underdogs like improv theater iO and the other local businesses . Like the announcement that >>>24 Walmarts are coming to Chicago<<< that same day , the looming threat and worry is that the decline of local businesses means less money for the community and a loss of regional identity — even if that identity is >>>caked with puke<<< . It 's >>>like Mardi Gras<<< . They 're going >>>to Wild Hare<<< ."
"avclub.com/chicago/articles/joan-of-arc-probably-not-playing-owls-songs-at-the,50612/","In an interview with Creative Loafing , Bobby Burg ( bassist for Joan Of Arc , also known for work in local acts like >>>Love Of Everything<<< , Make Believe , and Vacations ) revealed that Joan Of Arc is planning to incorporate four songs written by its former band , Owls , into its set during its current tour . Tim Kinsella , the only permanent member of Joan Of Arc , is working with Chicago 's premier "" anti-cellist "" >>>Fred Lonberg-Holm<<< to present a performance of the Joan Of Arc >>>Lightbox Orchestra<<< ."
"avclub.com/chicago/articles/wesley-willis-drawings-for-sale-this-weekend,1020/","Whether you just saw >>>Wesley Willis 's Joyrides<<< at the Chicago International Film Festival a few weeks ago on a whim or have been a fan of the >>>local legend 's art and music<<< for over a decade , this weekend yields a chance to scoop up some hard-to-find Willis drawings ."
avclub.com/content/node/58215,"In some ways , this is >>>the inversion of a question we answered last year<<< , about whether The A.V. Club 's film critics are all frustrated filmmakers ."
avclub.com/here-s-the-formula-for-writing-a-generic-late-night-jok-1823070220,"After all , there 's a reason why late-night shows are written by comedy writers and not >>>computers<<< ."
avclub.com/let-s-check-in-on-neo-nazi-troll-baked-alaska-who-is-h-1822089517,"If Twitter has seemed just a teensy bit more bearable over the last few months , that 's because Jack recently got around to >>>banning<<< Tim Gionet , the alt-right 's >>>resident Goofus<<< . Man , can you imagine being so repellent that even >>>creeps like Mike Cernovich<<< do n't want you around ?"
"avclub.com/madison/articles/so-you-want-to-be-a-bagpiper-a-brief-introduction,38927/","Bagpipes : David Bradley , pipe major of >>>Madison Pipes and DrumsHow<<< they work : A bagpipe 's mighty hum is unmistakable , and it may sound primitive to the untrained ear , but there 's actually a whole lot going on in those airtight tartan sacks ."
"avclub.com/madison/articles/the-long-fiesta,27320/","Tex Tubbs ' Taco Palace is stretching Cinco de Mayo from May 3 to May 5 , at both its >>>near-East Side<<< and >>>West Side<<< locations . Pedro 's Restaurante 's >>>East<<< - and West-Side locations are marking the 5th with a gratuitous dinner-for-two deal ."
"avclub.com/madison/articles/wilco-at-overture-hall,38441/","For much of its 16-year existence , the words >>>"" Wilco ""<<< and "" stability "" hardly ever ended up in the same sentence . But this Wilco — the outfit that visited the >>>Overture Center For The Arts<<< on Saturday — has been intact for five years and three albums ."
"avclub.com/milwaukee/articles/horrible-holidays-make-pretty-songs-av-club-milwau,83560/","Jaill , "" Horrible Things ( Make Pretty Songs ) "" Our anti-Valentine 's Day playlist takes its name from this beautifully dejected Jaill song , one of the highlights from the group 's 2012 album >>>Traps<<< . "" To top it off , this >>>Run , Engine , Run<<< deep cut includes a shout-out to one of our favorite anti-Valentine 's Day activities : day drinking ! Klassik , "" Escape "" Milwaukee MC and producer Klassik may have had career pressures and aspirations on his mind when he wrote "" Escape "" for 2012 's award-winning >>>In The Making<<< , but the song 's call for a much-needed respite ( similar to Spencer 's ) can be applied to a tumultuous and nerve-fraying relationship , too . "" Nite Duets ' 2012 "" Local/Live "" performance on WMSE , the endearingly goofball band claimed that "" Conjugal Visit "" — from the >>>Torrential Zen<<< split with The Fatty Acids , Dinosaur Feathers , and Radical Dads — was about "" getting fired by your girlfriend . "" I messed up / I messed around / There 's no one left to date in this town "" sings Jonathan Burks on the somewhat tongue-in-cheek "" No One Left To Date , "" from the singer 's wickedly enjoyable 2012 album >>>How I Roll<<< ."
"avclub.com/milwaukee/articles/listen-to-a-new-song-from-field-report-taking-alca,72941/",Field Report 's next Milwaukee show is >>>May 4 at Club Garibaldi<<< .
"avclub.com/milwaukee/articles/the-get-down-turns-7-by-turning-it-up-to-11,44918/","It 's also among the most enduring , with the seventh anniversary celebration coming up >>>Saturday at Mad Planet<<< ."
avclub.com/no-thanks-king-gizzard-7-examples-of-pop-culture-wher-1827297949,"Which is why , despite being featured in our own >>>favorite books of 2014<<< list , I 've never read Brandon Sanderson 's Stormlight Archive series ."
avclub.com/practical-magic-director-griffin-dunne-got-an-exorcism-1819879740,"Dunne is in the midst of a comeback as of late , in well-received turns on shows like I Love Dick and >>>House Of Lies<<< , and as the director of an upcoming documentary about writer Joan Didion ."
avclub.com/rose-leslie-makes-kit-harington-wear-embarrassing-hallo-1819675524,But he says his >>>former co-star and new fiancée Rose Leslie<<< is n't quite as eager for him to ditch the furs .
avclub.com/saddled-with-a-terrible-title-selfie-was-cut-down-just-1820106515,"The fall 's first cancellation was Manhattan Love Story , trailed to the chopping block by A To Z ; >>>Marry Me<<< folded the following spring . The series was steered by seasoned showrunner Kapnek , who had previously created the well-received >>>Suburgatory<<< and As Told By Ginger ( as well as the quickly axed Emily 's Reasons Why Not ) . Rubenstein , who 's currently working with Kapnek on the upcoming Splitting Up Together , pointed to other ABC comedies from that era that were branded with buzzy catchphrases , like Cougar Town and >>>Trophy Wife<<< . Even >>>Freaks And Geeks '<<< Samm Levine showed up as Saperstein 's newlywed son-in-law . It 's extremely difficult for a comedy >>>to hit its stride immediately<<< . Unsurprisingly , the first cancellation of the current TV season , CBS ' >>>Me , Myself And I<<< , is also a sitcom . """
avclub.com/the-big-good-sick-place-the-a-v-club-editors-biggest-1821184998,"The nominations for the 75th Annual Golden Globe Awards >>>were announced earlier today<<< in Los Angeles , and after the results had been tallied , two big winners emerged : Guillermo Del Toro 's interspecies Cold War romance The Shape Of Water , and HBO 's female-led , darkly comic Big Little Lies , which almost single-handedly propelled HBO back to awards dominance with six of the network 's 12 total nominations . Case in point : The road that 's all but cleared for a repeat of Big Little Lies ' big night at the Emmys , the sort of thing that will >>>reinforce HBO 's decision to order another season of the limited series<<< , despite the whole , you know , "" limited "" part . ( Though I echo >>>Katie and Danette 's<<< sentiments from earlier : Does n't "" Fuck you , Tammy "" deserve some hardware ? ) Combined with a fondness for high-concept that 's benefited Atlanta and Mozart In The Jungle , I 'm surprised The Good Place was passed over again this year , muscled out by a pair of respectable newcomers who fit the mold for first-time Globe nominees ( Showtime 's >>>SMILF<<< and Amazon 's The Marvelous Mrs. Maisel ) and a returning , perennial nominee that would probably make a cutting "" bridesmaid "" / "" bride "" remark regarding its treatment by the HFPA ( The Good Place 's Thursday companion , Will & Grace ) . Better Call Saul is noticeably absent from a best-drama pack that would be identical to last year 's if it did n't trade on dystopian vision ( The Handmaid 's Tale ) for another ( Westworld ) , but at least Bob Odenkirk is in the running against the baffling likes of a lead performance that 's only beloved by awards-voting bodies ( Liev Schreiber in Ray Donovan ) and Jason Bateman in >>>Ozark<<< — one of my least favorite new shows of the year ."
avclub.com/today-s-best-deals-board-game-blowout-superbad-and-m-1798346232,>>>We reviewed<<< it exactly 10 years ago yesterday !
avclub.com/tvclub/bates-motel-shadow-doubt-202043,"And , indeed , if you read that Carlton Cuse interview I linked to >>>last week<<< , that seems to have been the impetus for this particular storyline ."
avclub.com/tvclub/blackadder-beerchains-207079,"This makes it one of only a handful of notably successful cunning plans over the course of the series , including Prince Edmund 's murder by cannon , >>>Percy 's overly-effective wine poisoning<<< , and Lord Blackadder 's blackmailing of the Bishop of Bath and Wells ."
avclub.com/tvclub/bobs-burgers-kids-rob-train-202840,"It reminds me of >>>"" Fort Night<<< , "" the great Halloween episode with crazy Millie ."
avclub.com/tvclub/no-ordinary-family-no-ordinary-quake-46742,I would n't necessarily expect the >>>cosmic weirdness<<< of the Fantastic Four but I did expect more balancing of big superhero moments with smaller family issues .
avclub.com/tvclub/vikings-answers-blood-202784,"This battle scene itself is a stunner , resembling in structure the pitched standoff of the season 's >>>first episode<<< . ( As with his assault on Kattegat in >>>"" Treachery , ""<<< Vikings plays double standard to make Borg look more of a bastard — even though there are shieldmaidens aplenty , only Borg is shown killing a woman . ) Which is exactly what Lagertha , ruling in the absent Ragnar 's place , did in a nearly >>>identical case in the first season<<< ."
"avclub.com/twincities/articles/black-blondie,29627/","Black Blondie plays twice on June 26 : first at the outdoor Uptown Pride Block Party hosted by Bryant-Lake Bowl , and later at >>>Toki Wright 's<<< CD release show at the Entry ."
"avclub.com/twincities/articles/interview-mike-fotis,30959/","( Fotis and longtime collaborator Joe Bozic perform regularly at local venues as >>>Ferrari McSpeedy<<< . ) For this year 's Fringe , Fotis will appear solo in the latest installment of his >>>Intimate Evening With Fotis<<< series , a Spalding Gray-style set of stories and rants about life , Minnesota , and his new dog ."
"avclub.com/twincities/articles/recap-delta-spirit-at-7th-street-entry,23856/","Up-and-coming San Diego band Delta Spirit , supported by >>>Other Lives<<< and Dawes , showed the sold-out 7th Street Entry on Feb. 20 just how the kids are shining these days ."
"avclub.com/twincities/articles/rotting-christ,22220/","Either way , Greek black-metal band >>>Rotting Christ<<< ( playing Saturday at the 7th Street Entry ) should be pleased ."
