doc-id,token
bbc.com/sport/football/31890873,"Wenger called his side 's defending >>>"" suicidal ""<<< and they will come up against a Monaco side which has conceded only seven goals from their last 22 games and will benefit from an extra day 's rest having eased to a 3-0 win against 10-man Bastia on Friday ."
bbc.com/sport/football/32609867,"The ' Crazy Gang ' were just as famous for their spirit , camaraderie and upsetting the odds - rising from non-league football to the top flight - as they were >>>infamous for their outlandish dressing-room antics<<< ."
bbc.com/sport/golf/27093256,"Westwood , >>>seventh at last week 's Masters<<< , credited the recent changes he had made to his game for the revival ."
bbc.com/sport/rugby-union/17171938,"Gatland is >>>favourite to be named Lions head coach<<< down under but , although Irvine would not comment on the speculation surrounding the New Zealander , he left London enthused by a full-blooded Six Nations encounter ."
bbc.com/sport/rugby-union/26441402,""" I thought they were >>>exceptional against France<<< ."
