doc-id,token
bbc.com/sport/cricket/23392524,">>>As well as he batted in that first innings at Trent Bridge<<< , and for all the romance of his back-story - 19 years old , plucked from a spell playing with Henley CC - he is in this team to bowl , and at the moment he is not good enough ."
bbc.com/sport/football/16321581,"Tuesday night 's >>>2-1 win at Blackburn<<< ended a run of five consecutive Premier League defeats , but Bolton are three points behind 17th-placed Wolves ."
bbc.com/sport/formula1/32377368,"However , the Honda engine , which is new to Formula 1 this year , is still >>>significantly down on power<<< compared to all its rivals ."
bbc.com/sport/golf/18884424,"Tiger Woods is chasing his 15th major victory but first since the 2008 US Open , while Northern Ireland 's world number two Rory McIlroy will be hoping to put behind him a >>>disappointing tournament 12 months ago<<< off the back of his record-breaking US Open triumph ."
bbc.com/sport/horse-racing/34412554,"Aside from >>>2013 and 2014 winner Treve<<< , leading French runners include New Bay and Flintshire , both trained by Andre Fabre ."
