doc-id,token
bbc.com/sport/football/26026261,McDermott says he was proud of everyone involved in Leeds ' >>>5-1<<< win over Huddersfield on Saturday and adds that he remains fully committed to the club .
bbc.com/sport/football/36544470,"England drew >>>1-1<<< in their opening game against Russia , while Wales beat Slovakia 2-1 ."
bbc.com/sport/olympics/19205485,"He lost >>>7-3<<< to Nicolas Garcia Hemme of Spain in the quarter-final , having beaten Farkhod Negmatov of Tajikstan 7-1 in the preliminary round ."
bbc.com/sport/rugby-union/15147113,Hosts New Zealand went on to thrash Canada >>>79-15<<< - with replacement Colin Slade kicking 11 points - and next face Argentina in the quarter-finals .
bbc.com/sport/rugby-union/25654243,He was impressed with Montpellier 's displays in both their defeats by Leicester when the Tigers edged 41-32 and >>>15-14<<< victories .
