doc-id,token
bbc.com/sport/athletics/26442805,"The event takes place just two weeks before the city hosts the Commonwealth Games - which Farah says is >>>"" not on his list ""<<< of events to compete in ."
bbc.com/sport/cricket/34699579,The Bears ' two most recent beneficiaries have been Jonathan Trott ( 2014 ) and former skipper >>>Ian Westwood ( 2015<<< ) .
bbc.com/sport/football/27377559,"Just take a look at Norwich City striker Ricky van Wolfswinkel and Fulham 's disastrous >>>£ 11m buy from Olympiakos , Konstantinos Mitroglou<<< ."
bbc.com/sport/football/32804332,"Bishop 's release brings Wrexham 's outs up to nine following the departures of Elliott Durrell , Neil Ashton , >>>Dean Keates , Kyle Storer<<< , Theo Bailey-Jones , Nick Rushton , Anthony Stephens and Ross Weaver ."
bbc.com/sport/football/35566559,">>>Brunt "" disgusted "" by coin-throw incident<<<"
