doc-id,token
bbc.com/sport/football/25393936,"After City thumped his side on 24 November , the Spurs boss said : "" We need to be >>>ashamed<<< of ourselves . """
bbc.com/sport/football/26316995,"Nolan , 31 , who scored in the 3-1 win over Southampton , looks like a player with a point to prove and West Ham suddenly look like a team who have exchanged >>>19th-century<<< defending for 20th century football ."
bbc.com/sport/football/32812353,"When Preston lost at Colchester on the final day of this season , allowing MK Dons to pip them to automatic promotion , the prospect of another three games was >>>masochistic<<< ."
bbc.com/sport/motogp/17527423,"Live qualifying coverage of the 2012 MotoGP season , plus the Moto3 and Moto2 races , will all be available to view on the BBC Red Button and BBC >>>online<<< ( UK users only ) ."
bbc.com/sport/rugby-union/36263272,"The incident occurred on his comeback from a >>>two-game<<< ban for calling Wales forward Samson Lee a "" Gypsy boy "" ."
