doc-id,token
bbc.com/sport/cricket/36547389,The 20-year left-hander 's >>>116 against Surrey<<< helped earn his county to a six-run win in the One-Day Cup .
bbc.com/sport/football/33690889,"Team GB could have had a team at the >>>Rio de Janeiro Olympics<<< next year given England 's third-place showing at the recent World Cup , but the home nations did not reach agreement over sending a combined team ."
bbc.com/sport/football/40704684,"Former Norwich City player Grabban scored three goals in 19 appearances while >>>on loan at Reading<<< in the second-half of last season , while Wilson made four appearances on loan at West Brom ."
bbc.com/sport/formula1/30089008,"On one level , the much-criticised >>>decision to award double points<<< at the final Formula 1 grand prix of the season has worked , in that the championship finale this weekend is much more open than it would otherwise have been ."
bbc.com/sport/rugby-union/42338535,It is the first time Ospreys have won back-to-back games this season and Clermont Auvergne 's >>>narrow win over Saracens<<< was an added bonus on a wet and grey day in Swansea .
