doc-id,token
bbc.com/sport/13629860,>>>Basketball<<<
bbc.com/sport/cricket/34397192,"Morris says the county is "" really pleased "" with the staging of England 's >>>Test<<< and T20 matches against Australia in 2015 ."
bbc.com/sport/football/20340756,"The >>>draw<<< itself did n't throw up too many obstacles for the Welsh Premier League 's ( WPL ) top clubs with holders The New Saints having home advantage to former WPL side Conwy Borough of the Cymru Alliance , whereas Bangor City will host McWhirter Division One side Aberdare Town ."
bbc.com/sport/football/37387952,"Celtic will again be without top scorer Leigh Griffiths in the Highlands on Sunday , the striker still recovering from >>>injury<<< ."
bbc.com/sport/olympics/18705679,"The programme includes Jamaica 's Olympic trials , where Bolt was beaten into second in both the 100m and >>>200m<<< ."
