doc-id,token
bbc.com/sport/football/31157930,"The cup holders will not relish a trip to Palmerston , where the home side have already defeated >>>Rangers<<< and Hibernian in the league this season ."
bbc.com/sport/football/40379219,>>>Rangers<<<
bbc.com/sport/rugby-union/17658056,And Welsh involvement in European competition is over for another season following defeats for Cardiff Blues and the >>>Scarlets<<< over the Easter weekend .
bbc.com/sport/rugby-union/40367901,"As expected , the basis of the Test side is the ' Saturday team ' that has gone unbeaten so far on tour , recording wins against Super Rugby-leading >>>Crusaders<<< and the New Zealand Maori ."
bbc.com/sport/rugby-union/40830985,Champions >>>Scarlets<<< will begin their defence in the expanded Pro14 at home to new South African additions Southern Kings on the weekend of 1-2 September .
