doc-id,token
bbc.com/sport/17071621,Reading beat Burnley >>>1-0thanks<<< to an 11th-minute strike by Jason Roberts .
bbc.com/sport/basketball/15088067,"Jones was part of the Tigers side that won the BBL Trophy , >>>Play-offs<<< and Championship last season ."
bbc.com/sport/equestrian/38306494,"Olympic >>>champions<<< Charlotte Dujardin and Valegro have been hailed as a partnership that "" turned dressage 's fortunes around "" ."
bbc.com/sport/get-inspired/25416779,>>>Darts<<<
bbc.com/sport/olympics/36906866,You have had your >>>ups<<< and downs and I have felt every one of those experiences with you every step of the way .
