doc-id,token
bbc.com/sport/football/24558005,"Hodgson 's bold , successful call >>>in introducing Tottenham 's Andros Townsend so late in the campaign<<< shone a light on some of the young English talent that have the chance to become their World Cup ' bolters ' - players who suddenly emerge on the eve of a tournament and go on to have a major impact ."
bbc.com/sport/football/29797382,"Wolves - who wore black armbands in memory of >>>their former defender Eddie Stuart , who died on Tuesday at the age of 83<<< - lost Dave Edwards to injury before falling behind to Murphy 's classy finish ."
bbc.com/sport/football/39637476,"Ranieri was sacked , brutally in the eyes of some , after Sevilla 's 2-1 win in the first leg on 22 February - then , on a night of drama , his replacement Craig Shakespeare masterminded >>>a 2-0 win<<< in the second leg ."
bbc.com/sport/olympics/18893284,"Similarly , >>>US gymnast Shawn Johnson<<< admits : "" My religion and faith play a huge part , if not the biggest part , in my career ."
bbc.com/sport/winter-olympics/42901377,"As a result it banned Russia from competing in Pyeongchang , but >>>169 Russians<<< have since been invited to take part as neutrals ."
