doc-id,token
bbc.com/sport/football/34973921,"In addition , strikers >>>Theo Walcott<<< and Danny Welbeck are currently sidelined ."
bbc.com/sport/football/42760154,"Murty has already signed defender Russell Martin , midfielders >>>Sean Goss<<< and Jamie Murphy and striker Jason Cummings this month ."
bbc.com/sport/rugby-league/16549884,"Town could field new signings Jamie Thackray and >>>Dan Rooney<<< , although Whitehaven-born winter arrival Peter Lupton is an injury doubt ."
bbc.com/sport/rugby-union/35812039,"Armitage joins fly-half Danny Cipriani , Ireland prop Marty Moore , and hookers Tommy Taylor and >>>Tom Cruse<<< as new arrivals at the Ricoh Arena for 2016-17 ."
bbc.com/sport/rugby-union/42329057,Simon Zebo has announced he will play in France next year while other Munster stars >>>Peter O'Mahony<<< and CJ Stander are also being linked with moves .
