doc-id,token
bbc.com/sport/cricket/32941126,"We saw something similar >>>in the World Cup final<<< , when he was bowled in the first over , and you ca n't help but think he could give himself just a little bit more of a chance , especially with how quickly he scores once he 's in ."
bbc.com/sport/cycling/21095590,"Questioned by Oprah Winfrey >>>in the second part of their television interview<<< the cyclist said : "" I had no knowledge of that . """
bbc.com/sport/football/20534805,"After finishing 12th in the Premier League last season , Ruddy was rewarded for his fine displays >>>with a new four-year deal in June<<< ."
bbc.com/sport/football/39318111,">>>In January<<< , we told you Liverpool midfielder-turned-left-back James Milner had equalled the record for most games scored in without his team losing ."
bbc.com/sport/tennis/32382855,Britain reached the Davis Cup quarter-finals for the second year running >>>with a 3-2 win over the United States<<< in Glasgow last month .
