doc-id,token
bbc.com/sport/cricket/39793072,"Cockbain , off the back of his >>>match-winning century at Lord 's<<< on Sunday , continued to fight valiantly to bring the equation down to 60 runs off 30 balls , but then skied Ravi Bopara ( 3-34 ) to Cook ending any chance of victory ."
bbc.com/sport/football/15439869,"However , as recently as >>>this month the Quakers board offered their backing to Cooper<<< , although Singh has defended his decision ."
bbc.com/sport/football/33086012,"But , >>>just like when he was presented on the pitch<<< before their match with Toronto earlier this month , it was Republic of Ireland captain Keane who came away with the match ball following a hat-trick ."
bbc.com/sport/football/37074007,"And >>>he said<<< after Saturday 's 2-1 Scottish Premiership win over Dundee : "" We are looking for a number of players ."
bbc.com/sport/olympics/18902506,"In Pool B , >>>South Africa lost 4-1 to New Zealand<<< , the United States beat Argentina 1-0 and Australia saw off Germany 3-1 in the late match ."
