doc-id,token
bbc.com/sport/cricket/32957593,"Roy continued his excellent form with the bat , having scored 60 not out to help Surrey to a three-wicket win at Kent on 27 May and >>>140 against Northants<<< six days earlier ."
bbc.com/sport/football/33357440,"Sport is all about passion and loyalty , and some of that inevitably rubs off on the way we feel towards the commentators , presenters and channels that bring us the kind of magical sporting moments we witnessed as a nation back in March , when a record-breaking audience of >>>9.63 million<<< watched England beat France as the Six Nations went down to the wire ."
bbc.com/sport/football/42911208,England 's top-flight teams paid a record >>>£ 174m to agents<<< for 2016-17 .
bbc.com/sport/football/42969037,"He was backed in the transfer window with the deadline day signing of French striker Olivier Giroud in an >>>£ 18m deal<<< from Arsenal , but is reported to be disappointed at the size of the squad at his disposal ."
bbc.com/sport/gaelic-games/36864801,Crossmaglen beat Scotstown >>>2-17 to 2-12<<< after extra-time to clinch the Ulster title for the 11th time last season .
