doc-id,token
bbc.com/sport/cricket/20636836,New Zealand will then face home and >>>away<<< series against England in 2013 .
bbc.com/sport/football/22143372,"Quarter-final performance : Many expected Bayern 's clash with Italian champions Juventus to be the tightest of all the last-eight ties but Jupp Heynckes ' side were ruthless , winning 2-0 both home and >>>away<<< - and they were every bit as superior to their opponents as the scoreline suggests ."
bbc.com/sport/football/30545509,"Russell Slade 's side are 11th in the Championship , nine points behind leaders Bournemouth , who beat them >>>5-3<<< in their last match ."
bbc.com/sport/football/32442240,">>>Little<<< , who plays for Seattle Reign in the United States , said : "" Considering the competitiveness and the amount of great players there are worldwide , it 's extremely nice to be recognised . """
bbc.com/sport/football/41298907,"Wales beat the Kazakhs 4-0 in their last European qualifying group home and >>>away<<< , with striker Helen Ward scoring five goals ."
