doc-id,token
bbc.com/sport/football/20768537,"He went on to join cross-city rivals Bristol City before spells with Wolves , Cheltenham , Carlisle and >>>most recently Colchester<<< , who dismissed him in September ."
bbc.com/sport/football/29594741,"Smurthwaite also claims that he was not responsible for Pope 's current contract , which was dealt with by >>>then Vale chairman Paul Wildes<<< ."
bbc.com/sport/football/35663646,"Kermorgant , >>>now at Reading<<< , scored 32 goals in 96 appearances for Charlton between 2011 and 2014 and helped the Addicks win the League One title in 2012 ."
bbc.com/sport/football/35944718,The Dundee fans had been heckling Paatelainen when Dundee were 2-0 up in the Scottish Premiership >>>game at Tannadice<<< on 20 March .
bbc.com/sport/horse-racing/30247526,He is joint favourite with 2014 Cheltenham Champion Sire De Grugy - >>>also currently on the injury list<<< - for this season 's Cheltenham championship .
