doc-id,token
bbc.com/sport/cricket/28639382,Vince 's >>>unbeaten 93 led Hampshire<<< to a five-wicket quarter-final victory over Nottinghamshire at Trent Bridge .
bbc.com/sport/cricket/29054156,"Yet India , in >>>a similar tricky early predicament at Cardiff<<< when they were 19-2 , continued to bat with purpose and intent , going at five and eventually six an over throughout , eventually posting 304 ( see their Manhattan graph from that innings below ) ."
bbc.com/sport/football/32674146,"Last month >>>he signed a two-year extension to his contract at Middlesbrough<<< , having been on loan at Brighton , and he says he is now focused on establishing himself as an international with the Gambia ."
bbc.com/sport/football/40117879,"Atletico forward Antoine Griezmann , 26 , has been linked with a move to Manchester United this summer , but BBC Sport understands >>>the Red Devils have now cooled their interest<<< in the France international ."
bbc.com/sport/formula1/36837269,"Since Verstappen joined Red Bull at the Spanish Grand Prix , >>>he has done an absolutely stellar job<<< , scoring more points than anyone other than Hamilton , and 13 more than Ricciardo ."
