doc-id,token
bbc.com/sport/0/horse-racing/24212081,">>>Sir Henry died , aged 70 , on 11 June<<< , at which point Lady Cecil took over the licence on a temporary basis"
bbc.com/sport/cricket/23263788,>>>What made England 's initial slump<<< here so galling was not only the fact that they had won the toss but also that for large parts the tourists ' bowling looked decidedly average .
bbc.com/sport/cricket/23583045,>>>Where should Michael Clarke bat<<< ?
bbc.com/sport/football/36306801,>>>Who would be in your side<<< ?
bbc.com/sport/football/42522856,>>>What happened in the Premier League on Saturday<<< ?
