doc-id,token
bbc.com/sport/football/20496954,"He is on loan at Rovers from Aldershot and scored 79 seconds into his Pirates debut , >>>which finished 3-3<<< ."
bbc.com/sport/football/25063877,"West Brom tried in vain to find the equaliser , although the introduction of striker Saido Berahino , >>>who signed a new three-and-a-half-year deal in midweek<<< , gave them more purpose ."
bbc.com/sport/formula1/18832472,"Mercedes , whose factory is based near Hockenheim , will want to put on a good show for the German public , especially the talismanic Schumacher , >>>who has born the brunt of the team 's reliability problems this season<<< ."
bbc.com/sport/formula1/35723675,"Former world champion Kimi Raikkonen , >>>who did two laps with it on Thursday<<< , said his view was "" a bit limited in the front "" but said the design could still be tweaked ."
bbc.com/sport/horse-racing/24365096,But there 's more to it than that for the Italian - >>>who came off on Wednesday at Nottingham<<< .
