doc-id,token
bbc.com/sport/boxing/24796803,""" I learned a whole heap from >>>my loss against George Groves , ""<<< says DeGale of his only pro defeat , by his bitter domestic rival in 2011 ."
bbc.com/sport/football/21684269,">>>"" We took a walloping on Saturday<<< which I thought was unjustified , but we responded in the right manner , "" he added ."
bbc.com/sport/football/31949040,Torpedo had >>>part of their ground closed<<< in September after fans racially abused Dynamo Moscow 's Christopher Samba .
bbc.com/sport/football/36441485,>>>Relive France 's opening game win over Romania<<<
bbc.com/sport/snooker/24171182,"World Champion Ronnie O'Sullivan claimed earlier this week that he had heard of >>>"" many more players who throw snooker matches ""<<< - although he later retracted the comments , saying : "" I was referring to rumours from years ago . """
