doc-id,token
bbc.com/sport/football/20474429,"However with the hosts threatening to run riot , an equally impressive move involving >>>Will Hughes<<< and Michael Jacobs saw the ball worked to Robinson , who took a quality first touch and smashed the ball past keeper Kasper Schmeichel ."
bbc.com/sport/football/23770612,"The 33-year-old , who was an >>>unused substitute in the 1-0 win over Russia<<< , wants to concentrate on his role as player/coach with Peterborough United ."
bbc.com/sport/football/25273174,>>>Mario Balotelli will no doubt provide a backdrop to this game<<< but it is not the fearsome Italy of old - Prandelli is still trying out attacking options with former Manchester United striker Giuseppe Rossi hoping to stake a claim .
bbc.com/sport/football/26866687,""" Why is >>>Ronaldo a Ballon d'Or winner<<< and Rooney is n't ?"
bbc.com/sport/football/36135425,"France won the World Cup as hosts in 1998 - can >>>they repeat the famous success<<< of the team led by Didier Deschamps , Zinedine Zidane and Laurent Blanc ?"
