doc-id,token
bbc.com/sport/olympics/17814882,">>>JUDO<<< - European Championships , Chelyabinsk , Russia ( 26-29 April ) ; the GB team includes heavyweight Karina Bryant , who has won four European titles , Euan Burton , a former European bronze medalist , and Colin Oates , who claimed 2011 European bronze in a breakthrough year ."
bbc.com/sport/olympics/18142132,">>>PARALYMPICS<<< - World Cup , Manchester ( 22-26 May ) - this year 's World Cup gets underway on Tuesday with an afternoon of athletics , featuring Great Britain 's two-times Paralympic champion David Weir in the T53/54 400m and 800m wheelchair races ."
bbc.com/sport/olympics/19094971,>>>COOK<<< - FOX-PITT - KING - PHILLIPS - WILSON
bbc.com/sport/olympics/19095370,OLDHAM - PURVIS - >>>SMITH<<< - >>>THOMAS<<< - WHITLOCK
