doc-id,token
bbc.com/sport/football/31252394,"City , who face a tricky game at Stoke on Wednesday , failed to win for the third straight game at home after being held by struggling Hull , although it would have been a defeat for the champions >>>but for James Milner 's late free-kick<<< ."
bbc.com/sport/football/35029437,"Batth , 25 , scored the winner - his first of the season - in >>>Saturday 's 2-1 victory at Rotherham<<< to take Wolves to within five points of the top six ."
bbc.com/sport/football/35521947,"Following Saturday 's >>>latest reverse , at home to Everton<<< , the 22-year-old England goalkeeper added : "" We 're better than this ."
bbc.com/sport/football/36304562,"The accomplished teenager , Jordan Rossiter , has come in from Liverpool , Joey Barton >>>is in talks<<< about a move from Premier League-bound Burnley and there 's speculation now that Niko Kranjcar , the 31-year-old Croatian international , is also interesting the Rangers manager ."
bbc.com/sport/olympics/19065717,>>>EQUESTRIAN - TEAM DRESSAGE<<<
