doc-id,token
bbc.com/sport/39708953,>>>Bury<<<
bbc.com/sport/football/31696681,"The 26-year-old former Ipswich man , who joined the Millers in June , has already had loan spells with both >>>Bury<<< and Peterborough so far this season ."
bbc.com/sport/football/35906718,Roy Hodgson 's side were the only nation to qualify for the finals in France with a 100 % winning record and >>>beat<<< Germany 3-2 on Saturday .
bbc.com/sport/football/36689469,"Forest Green Rovers have re-signed goalkeeper Sam Russell , one year after he left to >>>join<<< fellow-National League club Gateshead on a two-year contract ."
bbc.com/sport/football/43683444,"West Brom 's survival hopes took a further hit as they drew with Swansea , Newcastle went 10th with a >>>win<<< at Leicester , Burnley tightened their grip on seventh as they beat Watford and Brighton drew with Huddersfield ."
