doc-id,token
bbc.com/sport/athletics/35818042,A Wada independent commission >>>revealed<<< a state-sponsored doping programme in Russian athletics in November .
bbc.com/sport/football/28898540,The LMA >>>apologised<<< after provoking criticism from anti-discrimination campaigners over its statement .
bbc.com/sport/football/36175593,Former Barcelona player Valdes >>>clashed<<< with United manager Louis van Gaal in July before a proposed move to Turkish club Besiktas collapsed the following month .
bbc.com/sport/football/42427622,"Celtic also >>>completed<<< the signing of RB Leipzig defender Marvin Compper on a two-and-a-half contract , and he will officially join the Premiership leaders on January 1 2018 ."
bbc.com/sport/formula1/31983604,"Ca n't wait for Malaysia , "" >>>tweeted<<< the Williams driver ."
