doc-id,token
bbc.com/sport/football/30541248,"Garcia , an American lawyer , heaped further pressure on Fifa in the run up to this week 's two-day meeting in Morocco by >>>resigning<<< as its independent ethics investigator ."
bbc.com/sport/formula1/31661625,"McLaren released a statement on Monday >>>saying<<< that Alonso had run wide on entry to the corner , the car 's wheels had touched the slippery Astroturf on the outside of the circuit , and the car had lost and then regained traction , which had spat it back across the track , where it hit the wall ."
bbc.com/sport/formula1/37806176,Final practice ( 16:00 BST ) and >>>qualifying<<< ( 19:00 ) are live on the BBC Sport website and radio 5 live sports extra .
bbc.com/sport/golf/33036057,After jarring his hand in the final round at Augusta he took four weeks away from the tour before >>>returning<<< at the Players ' Championship last month where he finished joint 69th .
bbc.com/sport/olympics/17665807,">>>CANOEING<<< - Great Britain Olympic Trials , Lee Valley White Water Centre & Nottingham ( 13-15 April ) ; it 's a double-header for British canoeing this weekend with GB 's Olympic slalom and sprint hopefuls looking to impress the selectors ."
