doc-id,token
bbc.com/sport/football/35658815,The 36-year-old was >>>sacked<<< from his first managerial post at League One club Oldham in January after just 20 games in charge .
bbc.com/sport/football/35873875,"Coleman has said wives , girlfriends and family members will be >>>banned<<< from Wales ' team hotel during the early stages of their Euro 2016 campaign ."
bbc.com/sport/football/36869192,"The 23-year-old , who netted 17 times in 41 games for Woking last term , >>>signed<<< for an undisclosed fee in May ."
bbc.com/sport/football/38857960,"It was >>>reported<<< that the Spaniard 's future was uncertain at Newcastle , who are second in the Championship ."
bbc.com/sport/football/43016880,Dale 's League One game against Fleetwood on Saturday was >>>postponed<<< .
