doc-id,token
bbc.com/sport/boxing/37295464,Klitschko >>>responds<<< to Fury 's comments .
bbc.com/sport/boxing/42201920,"Promoter Eddie Hearn >>>says<<< there is "" absolutely no question "" Joshua will face Wilder in a heavyweight unification bout in 2018 ."
bbc.com/sport/cycling/33498831,"We 've had the opening time trial in Utrecht , crosswinds along the Dutch coast , crashes on the way to the Mur de Huy and >>>cobbles<<< ."
bbc.com/sport/get-inspired/38842168,"After all , her sons Andy and Jamie finished 2016 ranked number one in the world in singles and >>>doubles<<< respectively ."
bbc.com/sport/olympics/19122539,"The 31-year-old >>>retires<<< after Tuesday 's final and said : "" I wanted to win all three but these things happen ."
