doc-id,token
bbc.com/sport/football/16882389,"Jelavic 's arrival from Rangers cost Everton £ 5.5 m , and they had to raise funds for new players by selling >>>Diniyar Bilyaletdinov to Spartak Moscow<<< , while striker Louis Saha left the club to join Spurs ."
bbc.com/sport/football/28710030,The 24-year-old left Pools at the end of last season after >>>failing to agree terms<<< over a new deal .
bbc.com/sport/football/36304435,"Sessegnon , 31 , has scored eight goals in 92 games for the Baggies since joining for a >>>then club record fee from Sunderland in September 2013<<< ."
bbc.com/sport/rugby-union/33373824,"Phillips , 24 , started his career at the Liberty Stadium before >>>heading to Parc y Scarlets in 2012<<< ."
bbc.com/sport/rugby-union/35971029,"On 23 April , the Premiership leaders will meet Wasps , a side who reached the last four in extraordinary circumstances , with a last-second Jimmy Gopperth conversion securing a >>>25-24 win over Exeter<<< ."
