doc-id,token
bbc.com/sport/american-football/37315759,">>>How to follow the 2016 NFL season on BBC TV and RadioNFL<<< 2016 : Kaepernick , Brady & Beckham Jr - all you need to know for new season"
bbc.com/sport/football/34362439,Wenger said the Football Association should look into >>>how Costa escaped a red card<<< .
bbc.com/sport/football/35553082,Leicester are not the only Premier League team who play counter-attacking football - in October I looked at how >>>West Ham and Crystal Palace have had some success<<< playing that way too .
bbc.com/sport/formula1/37594830,>>>How Japanese GP qualifying unfolded<<<
bbc.com/sport/olympics/17489545,Fri 06 Aug 10 : Haider Rashid and Hamza Hussein have revealed >>>how Iraqi rowers trained amid the gunshots and bomb blasts of the second Gulf conflict<<< .
