doc-id,token
DOC15645930353778038,"Lindsay Lohan >>>Check Into<<< Betty Ford After >>>Fleeing<<< Other Rehab Facility After >>>leaving<<< rehab in Newport Beach , Calif . , less than an hour after >>>checking in<<< on Thursday , Lindsay Lohan >>>admitted<<< herself to the Betty Ford Center , >>>according<<< to TMZ . com ."
DOC15645952737872897,"Ellen DeGeneres to >>>host<<< >>>Oscars<<< in 2014 >>>This<<< will be second time >>>hosting<<< for the daytime talkshow star who will >>>follow<<< on from Seth MacFarlane's >>>savaged<<< 2013 >>>stint<<< The comedian Ellen DeGeneres >>>announced<<< on Friday that she is to >>>return<<< as host of the >>>Academy Awards<<< , the second time she has been >>>tasked<<< with >>>saving<<< the >>>Oscars<<< a year after a poorly >>>received<<< performer ."
DOC15645953066016272,"Ellen DeGeneres >>>Returns<<< to >>>Host<<< the >>>Oscars<<< Television icon Ellen DeGeneres will >>>return<<< to >>>host<<< the >>>Oscars®<<< for a second time , producers Craig Zadan and Neil Meron >>>announced<<< today . “ We are >>>thrilled<<< to have Ellen DeGeneres >>>host<<< the >>>Oscars<<< , ” >>>said<<< Zadan and Meron ."
DOC15646006878351574,"Esther Williams >>>Dead<<< : Technicolor Star >>>Dies<<< At Age 91 As >>>news<<< of her >>>death<<< >>>spread<<< Thursday , pinup shots of her >>>circulated<<< on Twitter . Lamas' son , actor Lorenzo Lamas , >>>tweeted<<< Thursday : ""My stepmom Esther Williams >>>passed<<< peacefully this morning ."
DOC15646028527485378,"PHILADELPHIA 76ERS >>>Fired<<< Jim O'Brien , coach . >>>Named<<< Maurice Cheeks coach ."
DOC15646028865995428,"Philadelphia 76ers >>>Fire<<< Coach Jim O'Brien , >>>Hire<<< Maurice Cheeks Philadelphia 76ers President and General Manager Billy King >>>announced<<< today that Jim O'Brien has been >>>relieved<<< of his >>>duties<<< as head coach of the Philadelphia 76ers ."
DOC15646049220725717,"Gary Ross >>>back<<< in >>>talks<<< to >>>direct<<< 'The Hunger Games' >>>sequel<<< 'Catching Fire' Despite >>>reports<<< last week that >>>said<<< Gary Ross would definitely not be >>>returning<<< to >>>direct<<< The Hunger Games >>>sequel<<< , Catching Fire , it seems he will be >>>back<<< >>>at the negotiating table<<< with Lionsgate this week ."
DOC15646066756601140,"Wladimir Klitschko >>>stopped<<< Tony Thompson in the sixth >>>round<<< to >>>keep a comfortable hold on<<< his WBA , IBF and WBO heavyweight title belts on Saturday . The Ukrainian champion >>>dropped<<< Thompson again in the >>>sixth<<< , and referee Sam Williams >>>gave<<< the challenger a standing >>>count<<< before >>>stopping<<< the >>>fight<<< at 2 : 56 ."
DOC15646106661649184,Obama >>>Reverses<<< Bush on Species >>>Protection<<< Measure
DOC15646107803773221,Obama White House >>>reverses<<< Bush rule on >>>protection<<< of >>>endangered<<< species
DOC15646181878202959,The >>>fire<<< that >>>destroyed<<< the original Matanuska Maid Dairy warehouse in Palmer on Tuesday >>>took<<< a piece of Alaska ’ s >>>history<<< .
DOC15646182101945588,">>>Fire<<< >>>destroys<<< historic Mat Maid dairy building in Palmer The Matanuska Maid Block Building , one of the oldest buildings in Palmer , >>>burned<<< to the ground in a spectacular >>>fire<<< Tuesday morning ."
DOC15646277773637841,"'Several >>>die'<<< in south Iran >>>quake<<< A powerful >>>earthquake<<< has >>>hit<<< southern Iran , >>>destroying<<< several villages and >>>killing<<< at least three people and >>>injuring<<< others , according to reports . The 5 . 9 - magnitude >>>quake<<< >>>struck<<< Qeshm island , home to 120 , 000 people , and the city of Bandar Abbas , state media >>>said<<< ."
DOC15646295116426238,"Woman >>>Killed<<< In Queens >>>Hit<<< - And - >>>Run<<< , Driver >>>Charged<<< A woman has >>>died<<< after being >>>hit<<< by a car that >>>fled<<< the scene in Queens , and now , the driver is >>>facing<<< >>>manslaughter<<< >>>charges<<< . Witnesses say 59 - year - old Raj Chohan was >>>leaving<<< her car on 117th Street in South Richmond Hill Friday when she was >>>hit<<< by a silver Toyota Camry and >>>sent<<< >>>flying<<< into the air ."
DOC15646295887161295,Driver >>>Charged<<< In Fatal Queens >>>Hit<<< & >>>Run<<< A driver has been >>>charged<<< with >>>DWI<<< and criminally negligent >>>homicide<<< after police >>>say<<< he >>>struck<<< and >>>killed<<< a woman in Queens last night .
DOC15646295950408378,"GRANDMOTHER >>>KILLED<<< BY DRUNK DRIVER IN HIT - AND - RUN >>>ACCIDENT<<< IN RICHMOND HILL , QUEENS DA >>>SAYSSEPTEMBER<<< 19 , 2013 Raj Chohan , who >>>lived<<< in South Ozone Park , was >>>walking<<< towards a Sikh temple for a Friday evening >>>service<<< when Vishwanand Subryan , 23 , of Schenectady , N . Y . , allegedly >>>mowed<<< into the older woman with his gray 2013 Toyota Camry around 7 p . m . , police >>>said<<< ."
DOC15646353721053474,"Paris >>>hit<<< by 2 mn - euro jewelry >>>heist<<< Four men >>>rammed<<< their car into an upmarket jewelry store in central Paris on Monday , >>>smashing<<< the shop window and >>>making off<<< with a two - million - euro ( $2 . 6 - million ) booty , a police source >>>said<<< . The >>>heist<<< near the upscale Place Vendome is the latest to >>>hit<<< France after a >>>spate<<< of high - profile >>>robberies<<< in the southern resort of Cannes ."
DOC15646353888739936,"Paris thieves >>>nab<<< $2 . 5 million worth of jewellery Robbers >>>crash<<< 4x4 into store , >>>grabbing<<< jewelry and watches , before >>>setting<<< car >>>ablaze<<< Four men >>>rammed<<< their car into an upmarket jewellery store in central Paris on Monday , >>>smashing<<< the shop window and >>>making off<<< with a two - million - euro ( $2 . 6 - million ) booty , a police source >>>said<<< ."
DOC15646354056770722,"Ram - raiders >>>hit<<< Paris jewellery store for €2m Ram - raiders >>>ploughed<<< their vehicle into an upmarket jewellery boutique near Place Vendôme in central Paris on Monday in a dramatic dawn >>>robbery<<< , >>>making off<<< with €2 million worth of loot ."
DOC15646379210591438,"Pierre Thomas out for >>>playoffs<<< after Saints >>>place<<< him on >>>IR<<< The Saints >>>placed<<< running back Pierre Thomas on >>>IR<<< Wednesday , the second time in as many days the team has >>>placed<<< one of its primary running backs on the >>>list<<< ."
DOC15646379399709689,"The >>>injury<<< >>>woes<<< >>>continued<<< Wednesday for the defending Super Bowl champion New Orleans Saints , who have >>>placed<<< veteran running back Pierre Thomas >>>on season - ending reserve<<< ."
DOC15646399242089592,"Mob boss 'Oddfather' >>>dies<<< in prison at 77 The head of the Genovese crime family , who had >>>suffered<<< from >>>heart disease<<< , >>>died<<< at the federal prison in Springfield , Mo . , >>>said<<< prison spokesman Al Quintero ."
DOC15646399409557369,"Vincent 'The Chin' Gigante >>>died<<< while in prison >>>custody<<< on December 19 , 2005 ."
DOC15646399468537378,"NY mob don Vincent 'Chin' Gigante >>>dies<<< in prison >>>Convicted<<< mobster Vincent ""Chin"" Gigante , >>>famed<<< for >>>wandering<<< the streets of New York in a tattered bathrobe in a >>>show<<< of >>>insanity<<< , >>>died<<< on Monday in federal prison , officials >>>said<<< ."
DOC15646399720486152,"Mafia 'Oddfather , ' Vincent 'Chin' Gigante , >>>dies<<< in U . S . prison at 77 Gigante >>>died<<< at the U . S . Medical Center for federal prisoners in Springfield , Mo . , >>>said<<< prison spokesman Al Quintero ."
DOC15651942691066497,"Indianapolis Colts >>>clinch<<< >>>playoff<<< berth with >>>win<<< over Kansas City Chiefs The Colts could >>>clinch<<< a >>>playoff<<< berth with a >>>win<<< over the Kansas City Chiefs or a Pittsburgh Steelers >>>loss<<< . The young team >>>fought<<< hard to >>>defeat<<< the Chiefs in another fourth quarter >>>victory<<< , 20 - 13 ."
DOC15652008002537574,Seacom >>>operations<<< fully >>>restored<<< : 4 November 2011 The >>>break<<< in an undersea cable on that >>>affected<<< >>>Seacom<<< has been >>>repaired<<< Undersea cable operator Seacom >>>announced<<< today ( 4 November 2011 ) that >>>repairs<<< have been >>>completed<<< on a broken cable off the coast of Egypt that >>>caused<<< an >>>outage<<< on its network .
DOC15652008114776924,"Cable >>>cuts<<< partially >>>block<<< internet , mobile >>>services<<< in some areas An undersea telecommunications cable >>>cut<<< on Tuesday partially >>>blocked<<< internet and mobile >>>services<<< in Alexandria and some other governorates ."
DOC15652008484534736,"SEACOM >>>downtime<<< >>>explained<<< SEACOM >>>experienced<<< >>>downtime<<< this morning ; SEACOM >>>explained<<< that the >>>downtime<<< was most likely >>>caused<<< by a >>>problem<<< on SEA - ME - WE 4 Numerous broadband users >>>complained<<< about international >>>connectivity<<< >>>problems<<< this morning , >>>caused<<< by >>>problems<<< on the SEACOM cable ."
DOC15652033649653314,McDermott >>>sets<<< CU >>>scoring record<<<
DOC15652052501320388,"Millom >>>double murder<<< : Man >>>charged<<< with >>>killing<<< mother and sister A MAN has been >>>charged<<< with the >>>murder<<< of his mother and sister in Millom . John Jenkin , 23 , of Newton Street , Millom was >>>arrested<<< Saturday morning after police >>>found<<< two women >>>dead<<< in a house ."
DOC15652085202229925,"Gang member >>>guilty<<< in >>>slay<<< of Brooklyn mom of 12 Andrew Lopez , 20 was >>>found<<< >>>guilty<<< in >>>murder<<< of Zurana Horton . Horton was >>>struck<<< by a stray bullet as Lopez >>>targeted<<< rival gang members . A gang member was >>>convicted<<< Tuesday for >>>claiming the life<<< of a mother of 12 when he >>>sprayed<<< 13 bullets from a Brooklyn rooftop in broad daylight . Andrew Lopez , 20 , was >>>found<<< >>>guilty<<< of >>>slaying<<< Zurana Horton , 34 , and >>>wounding<<< Unique Armstead , 32 , and Cheanne McKnight , 11 , in October 2011 as he >>>targeted<<< rival gang members ."
DOC15652107932907581,"AMA >>>Celebrates<<< >>>Nomination<<< of Regina Benjamin , MD , Surgeon General The American Medical Association is >>>delighted<<< that Dr . Regina Benjamin , MD , has been >>>nominated<<< to >>>serve<<< as our nation's next U . S . Surgeon General ."
DOC15652108436494574,"Robert Wood Johnson Foundation Trustee , Regina Benjamin , M . D . , M . B . A . , >>>Nominated<<< for Surgeon General of the United States The Robert Wood Johnson Foundation >>>congratulates<<< former trustee , Regina Benjamin , M . D . , M . B . A . , on being >>>nominated<<< for Surgeon General of the United States ."
DOC15652108719255947,"Obama >>>nominates<<< new surgeon general : MacArthur ""genius grant"" fellow Regina Benjamin"
DOC15652435797181950,"Warren Jeffs >>>convicted<<< of child >>>sexual assault<<< >>>charges<<< A Texas jury >>>convicted<<< polygamist sect leader Warren Jeffs of child >>>sexual assault<<< Thursday in a case >>>stemming<<< from two young followers he >>>took<<< as brides in what his church >>>calls<<< >>>""spiritual marriages<<< . """
DOC15652586986205515,>>>6 . 1 - magnitude quake<<< >>>strikes<<< Indonesia's Aceh province in region >>>hit<<< by >>>2004 tsunami<<< The strong >>>6 . 1 - magnitude quake<<< left hundreds more >>>injured<<< as it >>>rocked<<< a region that was >>>devastated<<< by the >>>quake<<< - >>>triggered<<< >>>tsunami<<< of 2004 .
DOC15652587078520804,"Dozens >>>injured<<< , child >>>dead<<< as >>>6 . 1 - magnitude earthquake<<< >>>hits<<< Indonesia's Aceh A >>>6 . 1 - magnitude earthquake<<< >>>which<<< >>>hit<<< the Indonesian province of Aceh on Tuesday >>>killed<<< a child , >>>injured<<< dozens and >>>destroyed<<< buildings , >>>sparking<<< >>>panic<<< in a region >>>devastated<<< by the >>>quake<<< - >>>triggered<<< >>>tsunami<<< of 2004 ."
DOC15652627895571099,">>>Lake County earthquake<<< >>>shakes<<< Napa The Napa Valley was >>>shaken<<< at 2 : 09 a . m . Thursday by a magnitude 4 . 6 >>>earthquake<<< located near Clearlake in Lake County , the U . S . Geological Survey >>>reported<<< ."
DOC15652628316731345,">>>Magnitude 4 . 6 Earthquake<<< >>>Shakes Up<<< North Bay An >>>earthquake<<< with a preliminary magnitude of 4 . 6 was >>>recorded<<< in the North Bay Thursday morning , >>>according to<<< the U . S . Geological Survey . The >>>quake<<< >>>occurred<<< at 2 : 09 a . m . about 14 miles north - northeast of Healdsburg and had a depth of 1 . 2 miles ."
DOC15652654757830460,"Peter Capaldi , the bookmakers' choice by a wide margin , will >>>take over<<< for the >>>retiring<<< Matt Smith , the Doctor since 2010 ."
DOC15652686497387688,"Apple >>>launches<<< new MacBook Pros with Ivy Bridge , from $1 , 199 Apple's new MacBook Pros >>>come<<< with Ivy Bridge processors and the Nvidia GeForce GT650M graphics card . Apple today >>>launch<<< its new MacBook Pro line ."
DOC15652686631995996,Apple has >>>unveiled<<< the next generation of MacBook Pro at the >>>WWDC Keynote<<< in San Francisco .
DOC15652686703259002,Apple >>>Unveils<<< New >>>Flagship<<< Macbook Pro Apple has >>>unveiled<<< its new >>>flagship<<< laptop : The Next Generation Macbook Pro .
DOC15652686787500426,Apple >>>unveils<<< >>>new<<< MacBook Pro with Ivy Bridge at >>>WWDC<<<
DOC15652775176247955,"AMD to >>>Acquire<<< Microserver Startup SeaMicro for $334 Million Advanced Micro Devices on Wednesday >>>announced<<< a >>>deal<<< to >>>acquire<<< startup SeaMicro , a maker of microservers and data center fabric technology , for $334 million ."
DOC15652775377525835,"AMD >>>Enters<<< Server >>>Business<<< With Bold >>>Acquisition<<< AMD will >>>pay<<< $334 million for SeaMicro , including $281 million in cash ."
DOC15652846469678074,"LeFlore Jury : Simpson >>>Guilty<<< Of >>>Killing<<< >>>Pregnant<<< Girlfriend A Spiro man was >>>found<<< >>>guilty<<< of two counts of >>>first - degree murder<<< Thursday evening in the 2012 >>>shooting death<<< of a Fort Smith woman and the subsequent >>>death<<< of her 8 - to 12 - week - old fetus . A nine - woman , three - man LeFlore County jury >>>deliberated<<< almost seven hours before >>>finding<<< Christopher Kenyon Simpson , 27 , >>>guilty<<< of two counts of >>>first - degree murder<<< ."
DOC15653230945099687,"The good >>>news<<< is that Tara Reid is >>>getting<<< >>>help<<< , >>>according to<<< People Magazine , for >>>boozing it up<<< too much . `` Tara Reid has >>>checked herself into<<< Promises Treatment Center . We >>>appreciate<<< your >>>respect<<< to her and her family 's >>>privacy<<< at this time , '' the actress 's rep Jack Ketsoyan >>>tells<<< PEOPLE ."
DOC15653232059232658,"The beautiful party girl Tara Reid is >>>taking the time<<< this season and >>>checking herself into<<< rehab . Yesterday , on Friday , Reid apparently >>>felt<<< she >>>needed<<< to be >>>checked in<<< without really >>>saying<<< why she was >>>going in<<< ."
DOC15653561224189354,"Even as >>>Oscar<<< organizers on Friday >>>unveiled<<< Hugh Jackman as the host of their gala film >>>awards<<< , the >>>prospect<<< of a U.S. actors >>>strike<<< was >>>casting a long shadow<<< over whether Hollywood 's big >>>show<<< would >>>go on<<< as usual ."
DOC15653621972866126,An Atlanta judge >>>sentenced<<< Brian Nichols to life in prison Saturday morning .
DOC15653761805884602,"Bettie Page , the 1950s pin-up model who helped >>>set the stage<<< for the 1960s sexual >>>revolution<<< , has >>>died<<< ."
DOC15653803351027214,Maurice Cheeks has been >>>fired<<< as head coach of the Philadelphia 76ers following the club 's disappointing 9-14 >>>start<<< to the season .
DOC15653803654717094,Philadelphia 76ers management >>>had enough<<< of the NBA team >>>lurking<<< near the bottom of the Eastern Conference standings and >>>fired<<< head coach Maurice Cheeks on Saturday .
DOC15653865107307087,It 's official : Chris Weitz is >>>taking over<<< the director 's chair for the `` Twilight '' sequel `` New Moon . ''
DOC15653975802250660,"A bomb >>>exploded<<< Friday at a West Coast Bank branch in Woodburn , Oregon , >>>killing<<< a Woodburn police officer and an Oregon State Police bomb squad technician , and critically >>>injuring<<< the Woodburn police chief ."
DOC15654007003612091,"The US Interior and Commerce departments >>>reported<<< Dec. 11 final proposed >>>changes<<< to the Endangered Species Act , which Interior Secretary Dirk A. Kempthorne >>>said<<< were not as extensive as originally planned ."
DOC15654007247709500,"With just over a month >>>remaining<<< >>>in office<<< , the Bush administration >>>loosened<<< federal >>>protection<<< of plant and animal species threatened with >>>extinction<<< . On Thursday , the Interior Department >>>announced<<< a >>>change<<< to Section 7 of the Endangered Species Act , which required federal agencies to >>>consult<<< with scientists at the Fish and Wildlife Service or the National Marine Fisheries Service to >>>determine<<< whether a project is likely to >>>affect<<< any listed species ."
DOC15654141142319863,"Indian naval forces came to the >>>rescue<<< of a merchant vessel under >>>attack<<< by pirates in the Gulf of Aden on Saturday , >>>capturing<<< 23 of the raiders , India >>>said<<< ."
DOC15654141529494733,The Indian navy >>>said<<< it has >>>captured<<< 23 Somali and Yemeni pirates who >>>attacked<<< a merchant vessel in the Gulf of Aden on Saturday .
DOC15654284965331949,"Gov. Sarah Palin 's home church was badly >>>damaged<<< by >>>arson<<< , >>>leading<<< Ms. Palin to >>>apologize<<< if the >>>fire<<< was >>>connected<<< to `undeserved negative >>>attention<<< ' the church received during her >>>campaign<<< as the Republican vice-presidential nominee ."
DOC15654285041170553,Sarah Palin actually >>>apologized<<< after the evangelical church she >>>attends<<< was nearly >>>destroyed<<< by arsonists -- all because she still >>>harbors<<< guilt over her failed VP >>>run<<< .
DOC15654285100109435,"A church was >>>devastated<<< by >>>fire<<< , which was >>>attended<<< by Alaska Gov. Sarah Palin on Friday night in her hometown of Wasilla ."
DOC15654285344537302,"Authorities are now >>>saying<<< they >>>suspect<<< >>>arson<<< is to >>>blame<<< for Friday night 's >>>fire<<< at Wasilla Bible Church , where Gov. Sarah Palin and her family >>>attend<<< ."
DOC15654428169846511,A former employee >>>walked<<< into a staff Christmas >>>party<<< at an east Vancouver health products business Friday and allegedly >>>shot<<< and >>>killed<<< a man .
DOC15654428396722179,"Constable Tim Fanning >>>allege<<< the recently- >>>fired<<< man , Eric Allen Kirkpatrick , 61 , >>>opened fire<<< at a Vancouver office Friday , >>>killing<<< Benjamin David Banky , 40 ."
DOC15654491012477989,The >>>clashes<<< late on Saturday came after an evening candle-lit >>>vigil<<< to >>>mark<<< the >>>shooting<<< of 15-year-old Alexandros Grigoropoulos .
DOC15654491101106945,"A deadly police >>>shooting<<< Dec. 6 in Athens of Alexandros Grigoropoulos , 15 , was >>>killed<<< >>>touched off<<< the first >>>riots<<< ."
DOC15654491676645000,"The >>>clashes<<< >>>broke out<<< as candlelit >>>vigils<<< were being held to >>>mark<<< a week since the police >>>shooting<<< of a 15-year-old boy , which >>>triggered<<< the >>>riots<<< that are >>>threatening<<< the stability of the government ."
DOC15654564718077651,A woman >>>hit<<< and >>>killed<<< by a motorist Wednesday night outside a Sam 's Club store in Bloomington might be alive if the driver had >>>listened<<< to bystanders who frantically >>>pleaded<<< with him to stop .
DOC15654564928761062,Authorities have >>>released<<< the name of a 66-year-old woman who was >>>walking<<< outside the Sam 's Club in Bloomington when she was >>>struck<<< and >>>killed<<< by a motorist .
DOC15654677777973077,A Perth man has >>>survived<<< after >>>spending<<< up to two nights in an ice cave on New Zealand 's Mt Cook after >>>seeing<<< his brother >>>fall<<< to his >>>death<<< from the country 's highest peak .
DOC15654788515296635,The New Orleans Saints have >>>placed<<< running back Reggie Bush on >>>injured reserve<<< because of a >>>sprained<<< knee .
DOC15654788790072392,"After >>>spraining<<< his knee last week at Chicago , Bush has been >>>placed<<< on the injured reserve >>>list<<< >>>ending<<< his season ."
DOC15654788866163643,The Saints >>>placed<<< Bush on the injured reserve >>>list<<< Wednesday after he suffered a knee >>>sprain<<< in the team 's Week 15 loss at Chicago . Saints >>>put<<< Bush on >>>I.R<<< .
DOC15654789338483688,"The Associated Press >>>reports<<< New Orleans Saints running back Reggie Bush ( knee ) will >>>miss<<< the rest of the season . Bush >>>underwent<<< an MRI earlier this week , and head coach Sean Payton >>>decided<<< the team would >>>place<<< Bush on >>>Injured Reserve<<< ."
DOC15654840837497113,"A suspected Mafia leader has >>>hanged<<< himself in prison in Sicily hours after being >>>arrested<<< , Italian police >>>say<<< . Police >>>said<<< Lo Presti , alleged boss of a Sicilian Mafia clan in a district of Palermo , >>>hanged<<< himself in his cell ."
DOC15654841014417161,"An alleged mafia boss who was >>>arrested<<< in a massive >>>sweep<<< by Italian police >>>hanged<<< himself in a prison cell within hours of being >>>detained<<< . Police have launched an >>>investigation<<< into how Gaetano Lo Presti was able to commit >>>suicide<<< . He was >>>found<<< >>>dead<<< in a cell in Palermo 's Pagliarelli prison late on Tuesday night , just hours after being >>>picked up<<< during >>>raids<<< by 1,200 police backed up by helicopters and sniffer dogs ."
DOC15654894656889783,"Microsoft has >>>said<<< that an emergency security update has >>>fixed<<< a flaw in Internet Explorer that left millions of computers vulnerable to >>>hacking<<< and >>>hijack<<< . The software patch , which was >>>released<<< last night , has >>>closed<<< a loophole that has seen the computers of at least two million users >>>hacked<<< by cyber criminals . `` Microsoft has >>>released<<< a security update for Internet Explorer that will help >>>protect<<< its customers from malicious >>>attacks<<< , '' >>>said<<< the company in a >>>statement<<< ."
DOC15654895482482994,Microsoft >>>Releases<<< Critical Patch For IE Zero Day Flaw Microsoft ( NSDQ : MSFT ) >>>issued<<< an out-of-band >>>emergency<<< patch Wednesday for a zero-day Internet Explorer vulnerability that has >>>opened the door<<< for hackers to >>>install<<< malware on susceptible computers without any user >>>intervention<<< .
DOC15654895642381924,Microsoft on Wednesday >>>released<<< an >>>emergency<<< patch to >>>fix<<< a perilous software flaw >>>allowing<<< hackers to >>>hijack<<< Internet Explorer browsers and >>>take over<<< computers . The US software giant >>>said<<< >>>security<<< update MS08-078 >>>addresses<<< a vulnerability cyber-criminals can >>>exploit<<< to their >>>advantage<<< .
DOC15654957043212972,"We 're all >>>learning<<< this morning of the >>>death<<< , at age 95 , of W. Mark Felt , who as a senior Federal Bureau of Investigation official , >>>served<<< as the shadowy source >>>known<<< as `` Deep Throat '' to reporter Bob Woodward in his >>>investigation<<< of the >>>Watergate<<< scandal that >>>led<<< to President Nixon 's >>>resignation<<< ."
DOC15654997566586922,The Indianapolis Colts will be >>>making<<< their seventh straight >>>playoff<<< >>>appearance<<< after >>>securing<<< that spot with a 31-24 >>>win<<< over the Jacksonville Jaguars last night in Jacksonville .
DOC15654998245912931,>>>Game<<< >>>slips away<<< late as Jaguars >>>fall<<< to Indy >>>That<<< was an all-too-familiar >>>scenario<<< Thursday night in a >>>frustrating<<< 31-24 >>>defeat<<< to the Indianapolis Colts .
DOC15655038627707165,"Internet and phone >>>communications<<< between Europe , the Middle East , and Asia have been seriously >>>disrupted<<< after submarine cables were >>>severed<<< . It is >>>thought<<< the FLAG FEA , SMW4 , and SMW3 lines , near the Alexandria cable station in Egypt , have all been >>>cut<<< ."
DOC15655097664765003,"That >>>basket<<< >>>broke<<< the >>>mark<<< of 2,290 that point guard Phil Ford >>>set<<< from 1974 to 1978 ."
DOC15655141748568617,A New Bedford man has been >>>arrested<<< in the >>>slayings<<< of two women whose bodies were >>>found<<< in an apartment after the building 's landlord >>>smelled<<< natural gas .
DOC15655180073765955,>>>Testimony<<< in the >>>murder trial<<< of an Albany teen >>>accused<<< in the >>>shooting<<< >>>death<<< of young Kathina Thomas >>>continued<<< for the second day on Wednesday . While on the stand he >>>told<<< jurors that Timmons had >>>asked<<< him to >>>tell<<< police they were together until about 9 p.m. on the night of the >>>shooting<<< .
DOC15655331773571377,"Winston Blackmore and another member of the Fundamentalist Church of Jesus Christ of Latter Day Saints ( FLDS ) were >>>arrested<<< for >>>violating<<< a >>>little-used<<< law against >>>polygamy<<< , the Vancouver Sun >>>reported<<< on its website , >>>citing<<< court documents ."
DOC15655373128013819,"THOUSANDS of frightened residents >>>flooded<<< makeshift refugee camps in Indonesia 's West Papua province today after two powerful >>>earthquakes<<< >>>flattened<<< buildings and >>>killed<<< at least one person . As >>>aid<<< >>>started<<< to >>>arrive<<< , >>>hundreds of aftershocks<<< >>>continued<<< to >>>rattle<<< the coastal city which was >>>hit<<< by the >>>7.6<<< and >>>7.5 magnitude<<< >>>quakes<<< early on Sunday , >>>cutting<<< power and >>>prompting<<< a brief >>>tsunami<<< >>>warning<<< . Atururi >>>said<<< a 10-year-old girl was >>>killed<<< and at least 40 people were >>>injured<<< in the >>>earthquakes<<< , which >>>rekindled<<< bitter >>>memories<<< of similar deadly >>>quakes<<< that >>>hit<<< the town in 2002 ."
DOC15655448027414870,"With young British actor Matt Smith >>>stepping into<<< Doctor Who 's title role , Wired.com >>>takes a look<<< back at the 10 actors who have previously >>>portrayed<<< sci-fi TV 's most enduring hero ."
DOC15655521324088158,"An Israeli >>>mortar strike<<< that >>>killed<<< about 40 Palestinians >>>sheltering<<< in a UN school Tuesday >>>brought<<< new urgency to diplomatic efforts to >>>end<<< Israel 's military onslaught in the Gaza Strip , as the UN Security Council >>>met<<< to >>>discuss<<< the >>>crisis<<< . The Israeli army >>>said<<< the UN school in the Jabaliya refugee camp was >>>hit<<< when troops >>>responded<<< to a >>>mortar attack<<< from the grounds and that the dead >>>included<<< a number of Hamas militants . The >>>mortar strike<<< in Jabaliya was the second >>>attack<<< on a school >>>run<<< by the UN Relief and Works Agency , or UNRWA ."
DOC15655570852938570,T-Mobile will be >>>adding<<< the BlackBerry Curve 8900 to their lineup come February .
DOC15655570911940105,"T-Mobile USA will >>>launch<<< Research In Motion 's BlackBerry Curve 8900 in February , further >>>strengthening<<< its smartphone lineup in 2009 ."
DOC15655640690734504,"The all-cash >>>deal<<< , >>>announced<<< Tuesday , >>>represents<<< HP 's biggest >>>gamble<<< under the >>>leadership<<< of Mark Hurd , who was >>>hired<<< as chief executive in March 2005 to >>>turn around<<< the maker of personal computers and printers . Hewlett-Packard 's >>>purchase<<< of Electronic Data Systems could >>>mean<<< tougher competition for IBM and its 10,500 Triangle employees . HP >>>estimates<<< that the >>>deal<<< , when >>>completed<<< , will >>>give<<< it about 7 percent of the >>>technology services<<< >>>market<<< , >>>compared<<< with IBM 's 10 percent share . `` It appears to be a very >>>daunting<<< >>>deal<<< , '' >>>said<<< American Technology Research analyst Shaw Wu ."
DOC15663398064888270,"Okay , so it 's a bit of a >>>stretch<<< there , but regardless , today it was >>>announced<<< that one of our own , Hugh Jackman , will be the host of the >>>ceremony<<< , >>>televised<<< live on Sunday , February 22 , 2009 , from the Kodak Theatre at Hollywood and Highland Center on ABC ."
DOC15663398133716738,"Hugh Jackman , the Australian actor >>>known<<< to film audiences for >>>playing<<< a furry comic-book hero in the X-Men movies , will be host of the 81st >>>incarnation<<< of the >>>Oscars<<< , the Academy of Motion Picture Arts and Sciences >>>announced<<< on Friday ."
DOC15663439959448915,Summit Entertainment >>>announced<<< today that filmmaker Chris Weitz has been >>>hired<<< to >>>direct<<< the second film in the studio 's TWILIGHT film franchise .
DOC15663476450646678,"AMD 's ATI >>>acquisition<<< will not affect India operations The AMD statement >>>said<<< , `` We can not >>>speculate<<< on the >>>implications<<< of the >>>merger<<< for another 90-120 days , till the time >>>integration<<< is >>>complete<<< . ''"
