synset,num-occurrences
state.v.01,286
kill.v.01,141
die.v.01,128
earthquake.n.01,97
announce.v.01,90
collar.v.01,85
murder.n.01,82
death.n.01,70
shooting.n.01,65
fire.n.01,62
put.v.01,62
charge.v.01,61
hit.v.01,61
injure.v.01,60
make.v.01,57
attack.n.01,54
take.v.01,54
find.v.01,51
check.v.01,48
report.v.01,46
strike.v.01,45
dead.a.01,42
harmonize.v.01,42
get.v.01,42
playoff.n.01,37
charge.n.01,35
let_go_of.v.01,33
fall.v.01,33
travel.v.01,33
shoot.v.01,32
open_fire.v.01,32
confirm.v.01,32
intuition.n.02,31
test.n.05,31
accuse.v.01,28
leave.v.01,28
deal.n.01,28
game.n.01,27
interrupt.v.04,27
convict.v.01,27
guilty.a.01,26
academy_award.n.01,26
destroy.v.01,26
win.v.01,25
watergate.n.01,25
acquisition.n.01,24
play.v.01,24
stop.v.01,23
apprehension.n.04,23
report.n.01,22
round.n.01,22
modesty.n.02,21
buy.v.01,21
name.v.01,20
history.n.01,20
score.v.01,20
repair.v.01,20
damage.v.01,19
enter.v.01,19
security.n.01,19
get_down.v.07,19
victory.n.01,18
information_technology.n.01,18
capture.v.01,18
offer.n.01,18
keep.v.01,18
unveil.v.01,18
escape.v.01,18
return.v.01,18
election.n.01,17
couple.n.04,17
cause.v.01,17
hang.v.01,17
pull.v.01,17
offer.v.01,17
negotiation.n.01,17
party.n.01,17
record.n.01,17
have.v.01,17
direct.v.01,16
stay.v.01,16
trip.v.04,16
sequel.n.01,16
shake.v.01,16
riot.n.01,16
statement.n.01,15
suffer.v.01,15
host.v.01,15
rush.v.01,15
uncover.v.01,15
publish.v.02,15
walk.v.01,15
service.n.01,15
heist.n.01,15
pregnant.a.01,15
become.v.01,14
lead.v.01,14
arson.n.01,14
help.v.01,14
use.v.01,14
come.v.01,14
steal.v.01,14
retain.v.01,14
problem.n.01,13
injury.n.01,13
affect.v.01,13
damage.n.01,13
check.n.01,13
host.n.01,13
continue.v.01,13
probe.n.01,13
let.v.01,13
pass.v.01,13
murder.v.01,13
know.v.01,13
transport.v.02,12
necessitate.v.01,12
try.v.01,12
nominate.v.01,12
serve.v.01,12
lose.v.01,12
show.v.01,12
battle.n.01,12
open.v.01,12
clinch.v.01,12
occupation.n.01,12
operation.n.01,12
give.v.01,12
market.n.01,12
attempt.n.01,12
flee.v.01,12
strike.n.01,11
consult.v.01,11
emergency.n.01,11
sentence.v.01,11
cut.n.01,11
drive.n.06,11
cut.v.01,11
happen.v.01,11
end.v.01,11
cause.n.01,11
confront.v.02,11
interrupt.v.01,10
endanger.v.01,10
suspect.v.01,10
support.v.01,10
that,10
believe.v.01,10
attack.v.01,10
Killed,10
decide.v.01,10
run.v.01,10
reach.v.01,10
add.v.01,10
claim.v.01,10
unborn.a.01,10
steal.v.02,10
throw.v.01,10
bring.v.01,10
clang.n.01,10
expect.v.01,10
outage.n.01,10
follow.v.01,10
turn.v.01,9
see.v.01,9
thwart.v.01,9
vigil.n.01,9
reason.n.01,9
fall.n.01,9
killing.n.01,9
work.v.01,9
replace.v.01,9
attend.v.01,9
assault.n.01,9
drive.v.01,9
sign.v.01,9
piracy.n.01,9
record.v.01,9
run.n.01,9
get_the_better_of.v.01,9
receive.v.01,9
restore.v.01,9
foray.n.01,9
ask.v.01,9
complete.v.01,9
move.n.01,9
shooting,8
career.n.01,8
which,8
suspend.v.01,8
detect.v.01,8
experience.v.01,8
life.n.01,8
supply.v.01,8
sentence.n.01,8
miss.v.01,8
polygamy.n.01,8
agreement.n.01,8
amalgamation.n.01,8
rumor.v.01,8
business.n.01,8
tsunami.n.01,8
catch.v.01,8
six.n.01,8
accident.n.01,8
establish.v.01,8
look.v.01,8
award.n.01,8
contend.v.06,8
talk.v.02,7
pass.v.05,7
undisclosed.s.01,7
exploit.v.01,7
lay_waste_to.v.01,7
function.n.03,7
overturn.v.01,7
deny.v.01,7
announcement.n.01,7
downtime.n.01,7
defeated.s.02,7
disease.n.01,7
Rehab,7
explode.v.01,7
list.n.01,7
see.v.05,7
be.v.01,7
beat.v.01,7
rehab,7
gun.v.01,7
connect.v.01,7
step.v.01,7
communication.n.01,7
unwrap.v.02,6
defend.v.01,6
sleep.n.01,6
consider.v.05,6
climb.v.01,6
drop.v.01,6
file.v.01,6
science.n.01,6
bombard.v.02,6
smash.v.01,6
approach.v.01,6
plug.v.01,6
barricade.v.01,6
campaigner.n.01,6
iridium.n.01,6
ceremony.n.01,6
lawyer.n.01,6
lock.v.01,6
specialize.v.01,6
hire.v.01,6
rattle.v.01,6
send.v.01,6
detention.n.01,6
head.v.01,6
purchase.n.01,6
treat.v.01,6
design.n.01,6
bombing.n.01,6
WWDC,6
pay.v.01,6
season.n.01,6
agree.v.01,6
plead.v.01,6
conference.n.01,6
term.n.01,6
tournament.n.01,6
measure.n.01,6
tax_return.n.01,6
close.v.01,6
news.n.01,6
decision.n.01,6
escape.n.01,6
touchdown.n.01,5
suicide.n.01,5
bomb.n.01,5
shield.v.01,5
project.v.10,5
blaze.n.01,5
desire.v.01,5
deliver.v.01,5
hear.v.01,5
unknown.a.01,5
transaction.n.01,5
fill.v.01,5
industry.n.01,5
injured.a.01,5
base_on_balls.n.01,5
show.n.01,5
knife.v.01,5
join.v.01,5
stretch.n.06,5
health.n.01,5
plan.v.03,5
target.v.01,5
matter.n.01,5
choose.v.01,5
steer.v.01,5
tremor.n.01,5
rumor.n.01,5
change.n.01,5
planning.n.01,5
case.n.01,5
anger.n.01,5
protection.n.01,5
turn.v.07,5
pick.v.01,5
refresh,5
explain.v.01,5
mark.n.01,5
think.v.01,5
traffic.n.01,5
jolt.v.01,5
protest.n.01,5
escort.v.01,5
introduce.v.01,5
handiness.n.02,5
robbery.n.01,5
impound.v.01,4
chase.v.01,4
failure.n.01,4
plan.v.01,4
mean.v.01,4
feign.v.01,4
spray.v.01,4
clinch.n.01,4
one.n.01,4
catch.v.04,4
tag.v.01,4
footing.n.02,4
control.n.01,4
crime.n.01,4
change.v.01,4
erupt.v.01,4
execute.v.01,4
war.n.01,4
execution.n.01,4
admit.v.01,4
verdict.n.01,4
tension.n.01,4
transportation.n.02,4
start.n.01,4
political_campaign.n.01,4
topographic_point.n.01,4
damaging.s.01,4
aid.n.02,4
involve.v.01,4
learn.v.01,4
release.n.01,4
knock.v.01,4
reign.v.01,4
pursuit.n.01,4
fail.v.01,4
expand.v.01,4
address.v.01,4
opener.n.01,4
condemn.v.01,4
arraignment.n.01,4
commandeer.v.01,4
schedule.v.01,4
scheme.n.01,4
hit.n.01,4
marriage.n.01,4
dead.n.01,4
loss.n.01,4
grok.v.01,4
result.v.01,4
flatten.v.01,4
repair.n.01,4
mention.v.01,4
foil.v.01,4
manner.n.01,4
rehire,4
dramatic.s.02,4
sever.v.01,4
order.v.01,4
position.n.01,4
ram.v.01,4
incident.n.01,4
nab.v.01,4
deploy.v.01,4
indicate.v.02,4
treatment.n.01,4
disappear.v.01,4
traverse.v.01,4
shelter.v.01,4
construct.v.01,3
testimony.n.01,3
chop.v.05,3
rescue.v.01,3
system.n.01,3
set.n.01,3
privacy.n.01,3
widen.v.04,3
describe.v.01,3
quarterfinal.n.01,3
spend.v.01,3
work.n.01,3
feel.v.01,3
vote.n.01,3
determine.v.01,3
protect.v.01,3
attention.n.01,3
procure.v.01,3
hurl.v.01,3
panic.n.01,3
burn.v.01,3
accept.v.01,3
hijack.n.01,3
they,3
Seacom,3
value.v.01,3
avoid.v.01,3
search.v.01,3
hope.v.01,3
appearance.n.01,3
transport.v.01,3
larceny.n.01,3
disguise.v.01,3
perform.v.01,3
shed.v.01,3
tweet.v.01,3
post.n.01,3
arraign.v.01,3
snap.v.01,3
reduce.v.01,3
address.n.01,3
deserving.s.01,3
rampage.n.01,3
visit.v.01,3
range.n.02,3
exceed.v.01,3
registration.n.01,3
safe.a.01,3
allege.v.01,3
change_by_reversal.v.01,3
hearing.n.01,3
seek.v.01,3
count.n.01,3
unbeaten.s.01,3
homicide.n.01,3
seed.v.01,3
comment.v.01,3
survive.v.01,3
explosion.n.01,3
play.n.01,3
semifinal.n.01,3
intend.v.01,3
accelerate.v.01,3
new.a.01,3
win.n.01,3
shelter.n.01,3
decide.v.02,3
conviction.n.01,3
manacle.v.01,3
link.n.01,3
vote.v.01,3
stay.n.01,3
star.v.01,3
negociate.v.06,3
update.v.01,3
silence.n.01,3
reappraisal.n.01,3
fight.v.03,3
manslaughter.n.01,3
fire.n.02,3
look.v.02,3
coverage.n.03,3
populate.v.01,3
watch.v.01,3
confess.v.01,3
misdemeanor.n.01,3
Convicted,3
sweep.n.01,3
detail.n.01,3
event.n.01,3
motivate.v.01,3
nomination.n.01,3
meeting.n.01,3
blow.n.01,3
fly.v.01,3
patrol.n.01,3
swimming.n.01,3
note.v.01,3
issue.n.01,3
twist.v.10,3
guess.n.01,3
convict.n.01,3
impact.n.01,3
tumble.v.01,3
beat.n.01,3
weaken.v.01,3
intoxicated.a.01,2
dub.v.01,2
intervene.v.01,2
remember.v.01,2
unaccredited.s.01,2
consideration.n.01,2
keynote.n.01,2
opportunity.n.01,2
violate.v.01,2
violent.a.01,2
respect.n.01,2
percentage.n.01,2
refuse.v.01,2
ascent.n.01,2
unleash.v.01,2
condition.n.01,2
basket.n.01,2
thin.a.02,2
gathering',2
ceasefire,2
guilty,2
install.v.01,2
call.n.01,2
bolster.v.01,2
discourse.v.01,2
cooling.n.01,2
journalism.n.01,2
arrest.n.02,2
propose.v.01,2
talk.v.01,2
cope.v.01,2
level.v.01,2
dress.v.01,2
coerce.v.01,2
rock.v.01,2
knock.n.03,2
arrive.v.01,2
democracy.n.01,2
Unveils,2
Endangered,2
revolution.n.01,2
recover.v.01,2
consequence.n.01,2
Consulting,2
derive.v.02,2
apologize.v.01,2
coma.n.01,2
command.n.01,2
stampede.n.01,2
crossfire.n.01,2
arrival.n.01,2
insanity.n.01,2
success.n.01,2
Macworld,2
increase.v.01,2
telecommunication.n.01,2
contract.n.01,2
identify.v.01,2
habituate.v.02,2
among,2
unpatched,2
beginning.n.01,2
exhibition.n.02,2
daze.n.01,2
violence.n.01,2
policy.n.01,2
learning.n.01,2
appreciate.v.01,2
performance.n.01,2
third.s.01,2
touch.v.01,2
escalate.v.01,2
ramp.v.01,2
push.v.01,2
back.r.01,2
beget.v.01,2
relieve.v.01,2
beg.v.01,2
shout.v.02,2
scandal.n.01,2
musical.n.01,2
message.n.01,2
warn.v.01,2
7.6,2
feud.v.01,2
office.n.01,2
recognition.n.03,2
finale.n.01,2
pricing.n.01,2
services.n.01,2
bigamy.n.01,2
down.n.01,2
listen.v.01,2
rioting.n.01,2
dismiss.v.01,2
day.n.01,2
muscle.v.01,2
investigate.v.01,2
thrill.v.01,2
swim.v.01,2
Placed,2
anarchic.s.01,2
plan.n.01,2
mow.v.01,2
power.n.01,2
exit.n.01,2
launch.n.01,2
activity.n.01,2
response.n.01,2
gain.v.08,2
seize.v.01,2
level.v.02,2
landslide.n.01,2
acknowledge.v.06,2
portray.v.01,2
end.v.02,2
compete.v.01,2
salvage.v.01,2
presentation.n.02,2
%,2
aim.v.01,2
blessing.n.01,2
emotion.n.01,2
land.v.01,2
transit.v.01,2
bespeak.v.01,2
wear.v.01,2
toll.n.01,2
idea.n.01,2
operate.v.01,2
pressure.n.01,2
casualty.n.01,2
award.n.02,2
menace.n.01,2
book.v.01,2
sit.v.01,2
make.v.03,2
talk.n.01,2
use.n.01,2
mount.v.01,2
estimate.v.01,2
meet.v.01,2
inspire.v.01,2
overshadow.v.01,2
break.n.13,2
Stolen,2
patrolling,2
crown.v.01,2
repel.v.03,2
stretch.v.01,2
ferocious.s.01,2
stem.v.01,2
interception.n.01,2
sprained,2
associate.v.01,2
extinguish.v.04,2
found.n.01,2
internet.n.01,2
intercept.v.01,2
sell.v.01,2
welcome.v.01,2
Guilty,2
raise.v.01,2
tip.v.01,2
time.n.01,2
gunfight.n.01,2
practice.v.01,2
participate.v.01,2
promise.v.01,2
approve.v.01,2
choice.n.01,2
claim.n.01,2
bibulous.s.01,2
harm.v.01,2
what,2
roll.v.12,2
interruption.n.02,2
register.v.01,2
prevent.v.01,2
fix.n.01,2
assail.v.01,2
fear.n.01,2
agitation.n.02,2
rend.v.01,2
flagship.n.01,2
incorporate.v.02,2
Charged,2
introduction.n.01,2
restrict.v.03,2
bury.v.01,2
explosion.n.02,2
aftershock.n.01,2
ricochet.n.01,2
snatch.v.01,2
recommend.v.01,2
disappearance.n.01,2
ARRESTED,2
write.v.01,2
fuel.n.01,2
duty.n.01,2
bankruptcy.n.01,2
abortion.n.01,2
crash.v.01,2
undertake.v.02,2
technology.n.01,2
tickle.v.01,2
overtake.v.01,2
warning.n.01,2
undergo.v.01,2
purpose.n.01,2
coup_d'etat.n.01,2
accused.n.01,2
angstrom.n.01,1
lend.v.02,1
float.v.01,1
breadth.n.01,1
compliment.v.01,1
urge.v.01,1
gaming-,1
computer_science.n.01,1
hedge.v.01,1
startle.v.01,1
wax.v.01,1
measure.v.04,1
presentation.n.06,1
testify.v.01,1
status.n.01,1
barrage.n.01,1
instate,1
tradition.n.01,1
savage.v.01,1
"""downtime""",1
behavior.n.01,1
double-team,1
ride.v.01,1
confusion.n.01,1
pick-six,1
unapproved,1
deluge.v.01,1
haste.n.02,1
pneumonia.n.01,1
vacant.s.01,1
"musicals""",1
drag.v.05,1
stretch.n.01,1
cable-news,1
acclaim.v.01,1
cruise.n.01,1
concern.n.04,1
near.r.01,1
little-used,1
wield.v.01,1
time-travelling,1
update.n.01,1
housebreaking.n.01,1
show's,1
telecast.n.01,1
attach_to.v.01,1
DIRECT,1
answer.v.01,1
intervention.n.01,1
snowball.n.01,1
regulate.v.01,1
coveted.s.01,1
layoff.n.01,1
depend.v.01,1
advise.v.02,1
out.n.01,1
conscience.n.01,1
jail.n.01,1
confrontation.n.03,1
past.n.01,1
enroll.v.01,1
series.n.01,1
aghast.s.01,1
chaotic.s.01,1
implicate.v.01,1
"experience""",1
musical.a.01,1
isolation.n.01,1
putrefaction.n.01,1
table.n.01,1
nice.a.01,1
task.v.01,1
offense.n.05,1
celebrated.s.01,1
random-access_memory.n.01,1
girlfriend.n.01,1
experience.n.01,1
embodiment.n.01,1
sack.v.01,1
conflict.n.01,1
rekindle.v.01,1
obtain.v.01,1
loom.v.01,1
placement.n.01,1
rebellion.n.01,1
present.v.05,1
prosecute.v.03,1
switch_over.v.01,1
expostulation.n.01,1
analyze.v.01,1
fear.v.01,1
carry_through.v.01,1
consultation.n.01,1
stagger.v.01,1
enable.v.01,1
tenth.s.01,1
year.n.01,1
Pre,1
hamper.v.01,1
leaf.n.01,1
gut.v.01,1
print.v.01,1
rede.v.02,1
applaud.v.01,1
wet.a.01,1
staff.v.01,1
coverup,1
hundred.n.01,1
suppose.v.01,1
burning.n.01,1
lie.n.01,1
clean.v.01,1
top.n.01,1
laterality.n.03,1
blast.v.03,1
hire.n.01,1
challenge.v.01,1
lend.v.01,1
disappointing.s.01,1
good.a.01,1
wednesday.n.01,1
downgrade.v.01,1
wonder.v.01,1
vet.v.01,1
re-establish,1
life.n.02,1
contest.n.01,1
engineer.n.01,1
can.v.01,1
getaway.n.02,1
flop.n.03,1
connection.n.01,1
seal.v.01,1
banking.n.01,1
mortem,1
"""this",1
prosecution.n.01,1
smell.v.01,1
protest.v.01,1
manhunt.n.01,1
insist.v.01,1
Acquire,1
defeat.n.01,1
pave.v.01,1
Direct,1
value.n.01,1
bribe.v.01,1
eighth.s.01,1
throat.n.01,1
beat_up.v.02,1
oppress.v.01,1
daunting.s.01,1
interview.v.01,1
connectivity.n.01,1
"blindsided""",1
New,1
Damaged,1
harbor.v.01,1
flow.n.01,1
cheap.a.01,1
die',1
weed.n.01,1
challenge.n.01,1
departure.n.01,1
stopgap,1
timeframe,1
reversal.n.01,1
girl.n.01,1
wish.v.02,1
attract.v.01,1
Congrats,1
resume.v.01,1
devolve.v.01,1
large.a.01,1
ripple.n.01,1
respect.v.01,1
return.n.06,1
include.v.01,1
microserver,1
revamp.v.01,1
defy.v.02,1
disapprobation.n.01,1
spread.v.01,1
segment.v.01,1
fix.v.12,1
turn.n.09,1
critical.a.01,1
question.v.01,1
control.v.01,1
rape.v.01,1
helm.n.01,1
degree.n.01,1
relation.n.01,1
ink.n.01,1
crackdown.n.01,1
bloodbath.n.01,1
hook.v.01,1
dethrone.v.01,1
resoluteness.n.01,1
discussion.n.01,1
finance.v.01,1
profile.n.01,1
conveyance.n.03,1
loose.a.01,1
fun.n.01,1
pitfall.n.01,1
management.n.01,1
adultery.n.01,1
charged.a.01,1
prevail.v.03,1
stipulate.v.01,1
expression.n.01,1
swoop.n.01,1
gun.n.01,1
influence.n.01,1
apologize.v.02,1
free.a.01,1
burst.v.01,1
catastrophe.n.02,1
arest,1
rest.v.01,1
swimmer.n.01,1
batch.n.02,1
NFL,1
removable.a.01,1
complete.a.01,1
surgery-enhanced,1
spree.n.01,1
recoil.n.02,1
resignation.n.01,1
heighten.v.01,1
post.v.01,1
Nominates,1
entree.n.02,1
suffering.n.02,1
guarantee.v.02,1
hazard.n.01,1
strong.a.01,1
wait.v.01,1
fool.v.01,1
riot.v.01,1
presidency.n.01,1
action.v.01,1
finalize.v.01,1
crisis.n.01,1
lurk.v.01,1
basketball.n.01,1
probation.n.01,1
spiritual',1
attraction.n.03,1
Caught,1
Restored,1
I.R,1
yield.v.13,1
march.v.01,1
stand.v.01,1
feedback.n.01,1
shortness_of_breath.n.01,1
torch.n.01,1
word.n.01,1
adviser.n.01,1
delinquent.s.03,1
collapse.v.01,1
drink.v.02,1
illness.n.01,1
combination.n.01,1
wwdc12,1
rehearse.v.01,1
recession.n.01,1
announce.v.04,1
morning.n.01,1
predominate.v.01,1
reach.v.04,1
centered.s.01,1
motivation.n.01,1
payment.n.01,1
credit.v.01,1
comply.v.01,1
inch.n.01,1
29-of-34,1
elect.v.01,1
excite.v.01,1
defensive.n.01,1
Into,1
rescue.n.01,1
feigned.s.01,1
health-care,1
drive.n.01,1
repercussion.n.01,1
slay,1
money.n.01,1
confine.v.05,1
upset.n.05,1
crack.v.01,1
DWI,1
react.v.01,1
dwi,1
lack.n.01,1
thursday.n.01,1
extradite.v.01,1
spot.n.05,1
retire.v.01,1
keyboard.n.01,1
excel.v.01,1
celebration.n.01,1
harness.v.01,1
character_assassination.n.01,1
integration.n.01,1
authorize.v.01,1
expect.v.03,1
gamble.n.01,1
blame.v.01,1
competition.n.01,1
spending.n.01,1
go_around.v.02,1
spook.v.01,1
'cower,1
playing.n.01,1
sexual_activity.n.01,1
cruise.v.01,1
troy.n.01,1
lay-off,1
era.n.01,1
usher.n.03,1
dip.n.08,1
worry.v.01,1
convicted,1
runaway.n.01,1
consummate.v.01,1
develop.v.01,1
exist.v.01,1
dangerous.a.01,1
statement,1
eyp,1
fishing.n.01,1
accomplishment.n.01,1
interrupted.s.01,1
snafu.n.01,1
chemical_reaction.n.01,1
leadership.n.01,1
focus_on.v.01,1
landing.n.01,1
lurid.s.02,1
draft.n.01,1
arrange.v.01,1
"""murder""",1
fan.n.01,1
shoot.n.01,1
pit.v.01,1
power.v.01,1
fascinate.v.02,1
end.n.01,1
fallout.n.01,1
oscars®,1
adoption.n.01,1
handcuff.n.01,1
memory.n.01,1
sound.n.01,1
slump.v.01,1
blood.n.01,1
stake.n.04,1
last.v.01,1
up.v.01,1
leak.v.01,1
telecoms,1
lead.n.01,1
undertaking.n.01,1
direct.a.01,1
measure.v.01,1
telephone.n.01,1
tour.n.01,1
fir.n.01,1
shingle.n.01,1
antic.n.01,1
happy.a.01,1
fight.n.02,1
give.v.18,1
separate.v.09,1
force.n.01,1
manage.v.02,1
sale.n.01,1
dwell.v.02,1
committedness.n.01,1
#Oscars,1
Vying,1
rate.v.01,1
neutrality.n.01,1
Suspicious,1
great.s.01,1
worship.n.01,1
outperform,1
telecast.v.01,1
vetting,1
religious.s.01,1
hungry.a.01,1
burn.n.01,1
payoff.n.01,1
evening.n.01,1
investing.n.01,1
inside.n.01,1
MacWorld,1
court.n.01,1
wanted.a.01,1
lead,1
Keg',1
teleconference.n.01,1
campaigning.n.01,1
desire.n.01,1
play-off,1
#1,1
stardom.n.01,1
advantage.n.01,1
MIA,1
sound.v.01,1
offer.n.02,1
battlefield.n.01,1
trade.n.01,1
Pregnant,1
farm.v.01,1
underway,1
saga.n.01,1
rejoinder.n.01,1
plow.v.03,1
clasp.n.02,1
located.s.01,1
weigh.v.01,1
rise.v.01,1
septic.a.01,1
circumstance.n.01,1
scenario.n.01,1
arm.v.01,1
turnaround.n.01,1
examination.n.01,1
processing.n.01,1
screen.n.01,1
following.s.02,1
assurance.n.01,1
hush.n.01,1
determination.n.01,1
tweak.v.01,1
odyssey.n.01,1
pack.v.01,1
feat.n.01,1
spread.n.01,1
position.n.03,1
today.n.01,1
this,1
two-pointer,1
'bomb,1
pend,1
extinction.n.01,1
deduction.n.03,1
integrate.v.01,1
reason.v.01,1
gaze.v.01,1
advice.n.01,1
quiz.v.01,1
partner.v.01,1
capability.n.01,1
steep.v.01,1
delighted.s.01,1
frustrating.s.01,1
willing.a.01,1
cast.n.06,1
match.v.01,1
"""riot""",1
declare.v.01,1
judgment.n.01,1
hinge.n.01,1
speed.n.03,1
strengthen.v.01,1
twenty-nine.n.01,1
observe.v.06,1
indignation.n.01,1
armed.a.01,1
necktie.n.01,1
situation.n.01,1
judgment_of_dismissal.n.01,1
collapse.n.01,1
act.n.01,1
tip.n.01,1
board.n.01,1
expose.v.03,1
surrender.v.01,1
normal.a.01,1
hell.n.01,1
opinion.n.05,1
Picked,1
efficiency.n.01,1
'know,1
bustle.n.01,1
growth.n.01,1
clout.n.01,1
whereabouts.n.01,1
extra.s.03,1
exclaim.v.01,1
support',1
chicken,1
park.v.01,1
advocate.n.01,1
sentencing,1
boycott.n.01,1
energy.n.01,1
surface.n.01,1
straight-talking,1
lasso.v.01,1
blast.v.01,1
7.5,1
replacement.n.01,1
part.n.01,1
felony.n.01,1
dispatch.v.01,1
broadcast.n.01,1
recommendation.n.01,1
floor.n.01,1
tie.v.01,1
Fired,1
unmarked.a.01,1
wash.v.01,1
Bombed,1
contribution.n.01,1
"""spiritual",1
capable.s.02,1
lunacy.n.01,1
linger.v.01,1
debar.v.02,1
demand.v.03,1
recognition.n.01,1
sprain.n.01,1
adventure.n.01,1
sack.n.01,1
stumble.v.01,1
hacking,1
healthcare.n.01,1
read.v.01,1
loosen.v.01,1
govern.v.03,1
treachery.n.02,1
cover-up.n.01,1
Preorders,1
rare.s.01,1
aid.n.01,1
denounce.v.01,1
demolish.v.01,1
mobilize.v.01,1
brak,1
ripening,1
magnitude.n.01,1
distant.s.05,1
remit.v.04,1
emptying.n.01,1
addiction.n.01,1
prospect.n.01,1
represent.v.01,1
partnership.n.01,1
SAYSSEPTEMBER,1
drunkard.n.01,1
torch.v.01,1
flip.v.01,1
built-in.s.01,1
deserve.v.01,1
safety_blitz.n.01,1
over.n.01,1
re-arrest,1
media-oriented,1
ablaze,1
smile.v.01,1
destruction.n.01,1
mystery.n.01,1
administer.v.01,1
indignant.s.01,1
jolt.n.01,1
speculate.v.01,1
effectiveness.n.01,1
game-winning,1
leverage.v.01,1
MVC,1
preorder,1
up-to-the-minute.s.01,1
complain.v.01,1
gettingready,1
craft.v.01,1
compare.v.01,1
jumper.n.01,1
worsen.v.01,1
jump.v.01,1
fishy.s.02,1
disclosure.n.01,1
Expand,1
wheel.n.01,1
fatal.a.01,1
size.n.01,1
angered.s.01,1
minor.a.05,1
interdict.n.01,1
wound.n.01,1
trail.n.01,1
soberness.n.01,1
yield.v.01,1
resect.v.01,1
practice.n.01,1
due.a.01,1
Pending,1
Bumped,1
brand.n.02,1
sixth.s.01,1
clinic.n.01,1
at_hand.s.02,1
front.n.01,1
affect.n.01,1
regenerate.v.01,1
donate.v.01,1
–,1
available.a.01,1
infest.v.01,1
theory.n.01,1
spin.v.01,1
rectify.v.04,1
barefoot.s.01,1
path.n.03,1
plagiarist.n.01,1
saddened,1
foot.n.01,1
quote.v.01,1
underachieve.v.01,1
stun.v.01,1
loan.n.01,1
prediction.n.01,1
evacuate.v.01,1
smother.v.02,1
domination.n.02,1
upside,1
mold.n.08,1
understate.v.01,1
close.a.01,1
scoop.v.01,1
land.n.01,1
lie.v.01,1
overpower.v.01,1
alert.n.01,1
indecency.n.01,1
own.v.01,1
leg.n.01,1
richochet,1
suit.n.01,1
exit.v.01,1
brainsick.s.01,1
oust.v.01,1
doubt.n.01,1
marry.v.01,1
