doc-id,token
d2167ee22,"The victory gives France its third-ever berth at a World Cup Final , which have all come since >>>1998<<< ."
d5641e099,The England midfielder Paul Gascoigne 's tears in >>>1990<<< transformed the perception of football being a hooligan sport played in a nation of stiff upper lips .
d78503e68,"Ronaldo has scored in the 2004 , 2008 , 2012 and >>>2016<<< editions , and he also overtook Nuno Gomes as scorer of the most Euro goals in Portuguese history ."
d890d185f,I think there is a real chance that we can develop and win in >>>2022<<< – that is the aim . ”
dcfcd2da7,Jonathan Liew : Portugal >>>3-3<<< Hungary .
