doc-id,token
d44708699,"England could conceivably have to win their next two matches , starting >>>against<<< Uruguay in São Paulo on Thursday , but at least they can be lifted by the way they passed the ball , particularly in the first hour ."
d81c0cdd2,"But this was different : that day Spain were unfortunate >>>against<<< Switzerland , here they could not blame bad luck ."
d9273dfc5,"You see flashes that make you think they can do much , much more -- Kylian Mbappe being Exhibit A , as he was much better than >>>against<<< Uruguay but faded in and out as Tuesday 's semifinal game wore on ."
d9589ecc8,"Even when things went sour >>>against<<< Poland before ultimately curdling in their elimination against Greece , Dzagoev remained capable of unlocking a defence or chipping in with a goal himself ."
dce8c7780,"Ten of the 11 starters were Premier League-based and one of those - striker Lukaku of Manchester United , who was excellent >>>against<<< Brazil , was left stifled by France 's excellent centre-back pairing of Umtiti and Raphael Varane ."
