doc-id,token
d266cf118,France are through to the World Cup >>>final<<< and stand on the verge of their first title since 1998 .
d58359561,"Sixty years to the day since the old West Germany fashioned the Wonder of Berne to beat Hungary in the >>>final<<< of the 1954 World Cup , Joachim Löw ’s current crop produced a performance of cool authority to edge one step closer to glory ."
d83139acb,The United and France midfielder also became the first Premier League player to score in a World Cup >>>final<<< since Arsenal ’s Emmanuel Petit scored for France in the 1998 final .
dd1a2ba20,Wales squad regather their focus for Euro 2016 >>>semi-final<<< despite making history against Belgium
de504da83,Russia have reached the >>>quarter-final<<< of the World Cup for the first time since the breakup of the Soviet Union .
