doc-id,token
d7a3ea592,This was the highest five-minute peak figure for any programme on any channel since England >>>v<<< Portual in Euro 2004 .
dcf811c1f,"There were eight yellow cards , equalling the most shown in a single game so far at the 2018 World Cup ( also Belgium >>>v<<< Panama ) ."
de504da83,"Spain have lost three of their four World Cup penalty shootouts ( 1986 >>>v<<< Belgium , 2002 v South Korea and in this match ) ."
dff4f9506,"England have been eliminated in four of their five semi-finals at major tournaments , losing each of the past four they have reached - Euro 1968 v Yugoslavia , World Cup 1990 v West Germany , Euro 1996 >>>v<<< Germany and World Cup 2018 >>>v<<< Croatia ."
