doc-id,token
d266cf118,"The goalkeeper has made big saves at crucial times throughout this >>>tournament<<< and produced again on Tuesday night , making a marvellous reflex stop from Alderweireld to prevent Belgium from tipping the scales with the game 's first goal ."
d35e33a34,"Asked about rumours that Uruguay would now boycott the Colombia >>>game<<< in protest Valdez added : “ No , that is not a possibility ."
d47bacf2f,The latest and most successful generation will return to a heroes ’ welcome having finished the >>>tournament<<< unbeaten in open play and having conceded only two goals .
d644b4965,"After a thrilling month of football , the >>>tournament<<< got the finale it deserved , with France crowned world champions for a second time , 20 years after the "" Blanc , Beurre , Noir "" triumph of Saint Denis ."
db767d8c2,That first-half performance on Sunday highlighted an exhilarating French >>>attack<<< that now has an in-house competition going for this tournament ’s Golden Boot honor .
