doc-id,token
d7a3ea592,"England 's >>>Euro<<< 2012 exit brought a live match average audience of just over 20 million to BBC1 on Sunday night – the biggest football ratings on any channel since the national team departed from Euro 2004 , also after penalties ."
daa55fdd1,"They were runners-up to Spain at >>>Euro<<< 2008 , gained another third place at the 2010 World Cup in South Africa and featured in the semi-finals of Euro 2012 ."
dc8666b72,Every quality that has led to them dominating world football since they won >>>Euro<<< 2008 and the World Cup in South Africa two years later was brought to bear .
dcf5633f2,[ Follow LIVE updates of today ’s United States-Germany and >>>Portugal-Ghana<<< games by clicking here . ]
dff4f9506,England 's fans rose as one to give them a standing ovation in a show of appreciation for their best run at a major competition since >>>Euro<<< '96 - and a far cry from the humiliation of failing to get out of the group stage in Brazil four years ago and the Euro 2016 elimination by minnows Iceland in the last 16 .
