doc-id,token
d4ca896a9,Wales ’ fairytale march to the Euro 2016 >>>semi-finals<<< has been hailed across the continent tonight .
d58192832,The last in a competitive match was in the game before that : a 3-1 loss to Wales in the >>>quarterfinals<<< of the 2016 European Championship .
d91225ad3,"Brazil endured their first set of back-to-back >>>losses<<< on home soil since 1940 , losing the third place game at their World Cup to the Netherlands 3-0 in Brasilia on Saturday night ."
d9589ecc8,Even as Denmark deteriorated over the next two games - conceding five >>>goals<<< to Portugal and Germany - it was in spite of Agger 's efforts .
dab3c159f,Uruguay booked their place in the >>>quarter-finals<<< of the World Cup after beating Portugal 2-1 in Sochi .
