doc-id,token
d0428e8e9,>>>World Cup 2010<<< : France 's Nicolas Anelka sent home from South Africa
d28db4986,Croatia have three days to appeal against >>>Uefa 's punishment<<< .
d7cc937ce,In the >>>group stages<<< and tonight it was England 's biggest frailty .
daa55fdd1,"They were runners-up to Spain at Euro 2008 , gained another third place at the 2010 >>>World Cup<<< in South Africa and featured in the semi-finals of Euro 2012 ."
df155da69,"Overall , Shaheen is 19-of-29 on his >>>World Cup<<< picks , giving him a respectable 66 percent success rate ."
