doc-id,token
d1857d7a3,"[ With >>>World Cup run<<< , Croatia adds to sports glory that would make far bigger nations boast ]"
d5534d1f5,"Coming into this >>>World Cup<<< the team had an incredible record of 44 wins , 19 draws , and only 14 losses ."
d58359561,"For France , there would be no revenge for the >>>>>>semi-final defeats<<<<<< against Germany at the 1982 and 1986 World Cups and , if the regrets took in the lack of ruthlessness up front , they centred upon the moment when the defender Raphaël Varane did not do enough to prevent Hummels from heading the only goal ."
dd8e79224,IFAB are expected to approve at least one of two systems that have been subject to in-depth testing when they meet in Kiev the day after the July 1 >>>Euro 2012 final<<< .
