doc-id,token
d0305c0d2,"The king is a soccer fan who , as crown prince , attended the 2010 World Cup final in Johannesburg to see Spain >>>beat<<< the Netherlands 1-0 ."
d325a444d,Neymar recovered from thigh and knee injuries sustained in the second-round win over Chile to >>>play<<< against Colombia .
d87021642,He previously worked a draw between Costa Rica and England and the Netherlands ’ >>>win<<< over Australia .
d89820237,Germany now has the chance to >>>win<<< the World Cup for the fourth time .
dce8c7780,""" I expect England to >>>beat<<< Croatia , "" former Scotland winger Pat Nevin said on BBC Radio 5 live ."
