doc-id,token
d1891d519,The 16 that >>>exited<<< before the second round are simply listed .
d45e14b08,"A Golden Boot-winning six goals from star forward James Rodriguez led them to the quarter-finals in Brazil four years ago , where they >>>lost<<< to the hosts ."
d55f7ee81,"England last >>>played<<< Italy more than ten years ago at Elland Road , the Italians won 2-1 , and last beat them at the Tournoi , in Nantes , in June 1997 ."
d72531b35,It also >>>eliminated<<< a toothless Romanian side which finished bottom on one point .
db0cb76be,"The raise of world-class defending , veteran leadership and Zidane brought France into the finals , a game they >>>lost<<< in dramatic fashion , with “ Zizou ” loosing his cool ."
