doc-id,token
d06d89a4a,"Sam Vokes scored his first goal in 12 games for Wales , since >>>netting<<< against Iceland in March 2014 ."
d183f2da0,"Colombia is most likely to await the team that finishes second in the group should it beat Senegal — and the South Americans will prove tough opponents , as they showed in their 3-0 demolition of an admittedly disappointing Poland side and in they way they pushed Japan all the way despite >>>playing<<< 87 minutes with 10 men ."
d45e14b08,The world 's sixth-ranked team drew with Brazil in their opening game before beating Serbia and >>>drawing<<< with Costa Rica .
d8c35f2f6,France takes total control in >>>beating<<< Uruguay — and hints at more to come in World Cup
dc9a74608,"He has high-profile previous for >>>biting<<< opponents – first , PSV Eindhoven ’s Otman Bakkal in 2010 when he was at Ajax and then Chelsea ’s Branislav Ivanovic at Anfield in April 2013 ."
