doc-id,token
d08a7b3ae,"Since recording this story , Germany has >>>played<<< England in one of the first of the round of 16 matches and sent England home with an embarrassing four - one loss ."
d4ff3f455,"Yet , they were heavily >>>defeated<<< 6-1 by Uruguay , while Argentina beat USA by the same scoreline to reach the final ."
d55a1deb8,"Argentina , a two-time World Cup winner appearing in its first final since dropping the ’90 duel with Germany in Rome , has not >>>won<<< since 1986 in Mexico City — a drought that has further elevated Diego Maradona ’s legacy and blunted Messi ’s effort to escape the shadow of his famed compatriot ."
d8c35f2f6,">>>Defeated<<< Spain in the round of 16 in a penalty shootout , 4-3 , after drawing 1-1 ."
d9791a5b1,"Thus far he has >>>started<<< two of Les Bleus ’ four games , with Olivier Giroud preferred as the foil to Karim Benzema against Switzerland and Nigeria , but there is a groundswell of feeling back home that Griezmann might be a better bet for the quarter-final ."
