doc-id,token
d435f6a6f,Dragons midfielder will miss Euro 2016 semi-final after picking up a second booking in the historic >>>win<<< over Belgium
d4618f7bc,"Their pioneering use of a back four gave them defensive cover , and they did not let in a goal until the semi-final , where they >>>beat<<< France 5-2 ."
d5c1372c3,"When they >>>beat<<< Germany 3-2 in Berlin in March without Rooney , England were a different team in their approach and mentality ."
d72531b35,A first-half header by striker Armando Sadiku gave Albania a 1-0 >>>win<<< over Romania and kept alive its hopes of reaching the knockout stages in its first major tournament .
db12a8fdf,Belgium secured their place in the quarter-finals of the 2018 FIFA World Cup with a dramatic 3-2 >>>win<<< over Japan on Monday at the Rostov Arena in Russia .
