doc-id,token
d1b5c4bcd,"Their run of 10 successive >>>defeats<<< to France , stretching back to 1975 , is over and they can reflect on the greatest achievement in the history of their national team ."
d3c463a39,"They have restored pride in Les Bleus with their performances in Brazil and , with a place in the World Cup >>>semi-finals<<< only 90 minutes away , their supporters could be forgiven for starting to dream ."
d58192832,Belgium >>>beats<<< Japan 3-2 to reach World Cup quarterfinals
d9b3b4cbe,"The question is trickiest for Algeria , who >>>faces<<< a formidable Germany on Monday ."
df0554a76,Ronaldo breaks Welsh hearts and >>>sends<<< Portugal to Paris
