doc-id,token
d08a7b3ae,He considers himself a ' seasonal ' football fan and keeps a bit of an eye on the >>>World Cup matches<<< .
d22b79299,- >>>World Cup<<< faces : Check out some of the best fan pictures so far
d78c2aad9,Ghana keep alive their chances of >>>qualification for the last 16<<< but will have to beat Portugal in their final game to have a chance .
d9589ecc8,"As they struggled to a 1-1 draw with Italy , he was the spark ; as they pounded the Irish , he was the puppeteer ; as they >>>laboured to qualification<<< against Croatia , he was the luminary ."
dd921f223,England will >>>take on<<< Colombia .
