{"0": {"annotator": 8, "corrector": 0, "mt": "microsoft", "doc": "hole"}, "1": {"annotator": 4, "corrector": 0, "mt": "google", "doc": "audit_r"}, "2": {"annotator": 12, "corrector": 0, "mt": "m02", "doc": "audit_i"}, "3": {"annotator": 6, "corrector": 0, "mt": "m05", "doc": "china"}, "4": {"annotator": 5, "corrector": 0, "mt": "m01", "doc": "lease"}, "5": {"annotator": 0, "corrector": 0, "mt": "m07", "doc": "whistle"}, "6": {"annotator": "rm", "corrector": 0, "mt": "m11", "doc": "turner"}, "7": {"annotator": 14, "corrector": 0, "mt": "src", "doc": "leap"}, "8": {"annotator": 14, "corrector": 1, "mt": "m09", "doc": "audit_r"}, "9": {"annotator": 0, "corrector": 1, "mt": "src", "doc": "lease"}, "10": {"annotator": 12, "corrector": 1, "mt": "ref", "doc": "turner"}, "11": {"annotator": 4, "corrector": 1, "mt": "m06", "doc": "whistle"}, "12": {"annotator": 3, "corrector": 1, "mt": "m10", "doc": "china"}, "13": {"annotator": 6, "corrector": 1, "mt": "m01", "doc": "audit_i"}, "14": {"annotator": 5, "corrector": 1, "mt": "m11", "doc": "hole"}, "15": {"annotator": 1, "corrector": 1, "mt": "google", "doc": "leap"}, "16": {"annotator": 1, "corrector": 2, "mt": "m07", "doc": "china"}, "17": {"annotator": 7, "corrector": 2, "mt": "m01", "doc": "audit_r"}, "18": {"annotator": 6, "corrector": 2, "mt": "m04", "doc": "leap"}, "19": {"annotator": 13, "corrector": 2, "mt": "google", "doc": "whistle"}, "20": {"annotator": "rm", "corrector": 2, "mt": "m11", "doc": "audit_i"}, "21": {"annotator": 9, "corrector": 2, "mt": "ref", "doc": "hole"}, "22": {"annotator": 3, "corrector": 2, "mt": "m08", "doc": "lease"}, "23": {"annotator": 11, "corrector": 2, "mt": "microsoft", "doc": "turner"}, "24": {"annotator": 5, "corrector": 3, "mt": "m10", "doc": "leap"}, "25": {"annotator": "rr", "corrector": 3, "mt": "ref", "doc": "lease"}, "26": {"annotator": 10, "corrector": 3, "mt": "src", "doc": "hole"}, "27": {"annotator": 4, "corrector": 3, "mt": "m04", "doc": "china"}, "28": {"annotator": 11, "corrector": 3, "mt": "m11", "doc": "audit_i"}, "29": {"annotator": 7, "corrector": 3, "mt": "m02", "doc": "whistle"}, "30": {"annotator": 0, "corrector": 3, "mt": "microsoft", "doc": "audit_r"}, "31": {"annotator": 6, "corrector": 3, "mt": "m06", "doc": "turner"}, "32": {"annotator": "rm", "corrector": 4, "mt": "m11", "doc": "lease"}, "33": {"annotator": 10, "corrector": 4, "mt": "m06", "doc": "audit_r"}, "34": {"annotator": 3, "corrector": 4, "mt": "m07", "doc": "leap"}, "35": {"annotator": 13, "corrector": 4, "mt": "m08", "doc": "hole"}, "36": {"annotator": "rr", "corrector": 4, "mt": "ref", "doc": "turner"}, "37": {"annotator": 8, "corrector": 4, "mt": "m02", "doc": "china"}, "38": {"annotator": 14, "corrector": 4, "mt": "microsoft", "doc": "audit_i"}, "39": {"annotator": 12, "corrector": 4, "mt": "m03", "doc": "whistle"}, "40": {"annotator": 5, "corrector": 5, "mt": "m08", "doc": "audit_r"}, "41": {"annotator": 0, "corrector": 5, "mt": "ref", "doc": "audit_i"}, "42": {"annotator": 2, "corrector": 5, "mt": "google", "doc": "lease"}, "43": {"annotator": 7, "corrector": 5, "mt": "m09", "doc": "hole"}, "44": {"annotator": 8, "corrector": 5, "mt": "m05", "doc": "leap"}, "45": {"annotator": "rm", "corrector": 5, "mt": "m11", "doc": "whistle"}, "46": {"annotator": 10, "corrector": 5, "mt": "microsoft", "doc": "china"}, "47": {"annotator": 13, "corrector": 5, "mt": "src", "doc": "turner"}, "48": {"annotator": 1, "corrector": 6, "mt": "m10", "doc": "hole"}, "49": {"annotator": 0, "corrector": 6, "mt": "m03", "doc": "leap"}, "50": {"annotator": 3, "corrector": 6, "mt": "m01", "doc": "turner"}, "51": {"annotator": "rr", "corrector": 6, "mt": "ref", "doc": "whistle"}, "52": {"annotator": 12, "corrector": 6, "mt": "src", "doc": "china"}, "53": {"annotator": 10, "corrector": 6, "mt": "m05", "doc": "audit_i"}, "54": {"annotator": "rm", "corrector": 6, "mt": "m11", "doc": "audit_r"}, "55": {"annotator": 7, "corrector": 6, "mt": "m04", "doc": "lease"}, "56": {"annotator": 12, "corrector": 7, "mt": "microsoft", "doc": "leap"}, "57": {"annotator": "rr", "corrector": 7, "mt": "ref", "doc": "china"}, "58": {"annotator": 9, "corrector": 7, "mt": "m05", "doc": "lease"}, "59": {"annotator": 11, "corrector": 7, "mt": "m03", "doc": "hole"}, "60": {"annotator": 2, "corrector": 7, "mt": "m07", "doc": "turner"}, "61": {"annotator": 8, "corrector": 7, "mt": "m10", "doc": "audit_r"}, "62": {"annotator": 6, "corrector": 7, "mt": "m11", "doc": "whistle"}, "63": {"annotator": 3, "corrector": 7, "mt": "google", "doc": "audit_i"}, "64": {"annotator": 5, "corrector": 8, "mt": "m07", "doc": "audit_i"}, "65": {"annotator": 7, "corrector": 8, "mt": "m06", "doc": "leap"}, "66": {"annotator": 14, "corrector": 8, "mt": "ref", "doc": "lease"}, "67": {"annotator": 13, "corrector": 8, "mt": "m03", "doc": "china"}, "68": {"annotator": 4, "corrector": 8, "mt": "m05", "doc": "hole"}, "69": {"annotator": 10, "corrector": 8, "mt": "m09", "doc": "turner"}, "70": {"annotator": 12, "corrector": 8, "mt": "m11", "doc": "audit_r"}, "71": {"annotator": 11, "corrector": 8, "mt": "src", "doc": "whistle"}, "72": {"annotator": 13, "corrector": 9, "mt": "microsoft", "doc": "lease"}, "73": {"annotator": 14, "corrector": 9, "mt": "m03", "doc": "turner"}, "74": {"annotator": 9, "corrector": 9, "mt": "m09", "doc": "china"}, "75": {"annotator": "rm", "corrector": 9, "mt": "m11", "doc": "leap"}, "76": {"annotator": "rr", "corrector": 9, "mt": "ref", "doc": "hole"}, "77": {"annotator": 4, "corrector": 9, "mt": "m08", "doc": "audit_i"}, "78": {"annotator": 3, "corrector": 9, "mt": "m04", "doc": "whistle"}, "79": {"annotator": 6, "corrector": 9, "mt": "m07", "doc": "audit_r"}, "80": {"annotator": 2, "corrector": 10, "mt": "m03", "doc": "audit_i"}, "81": {"annotator": 11, "corrector": 10, "mt": "ref", "doc": "china"}, "82": {"annotator": 10, "corrector": 10, "mt": "m11", "doc": "lease"}, "83": {"annotator": 4, "corrector": 10, "mt": "m10", "doc": "turner"}, "84": {"annotator": 9, "corrector": 10, "mt": "microsoft", "doc": "whistle"}, "85": {"annotator": 14, "corrector": 10, "mt": "m07", "doc": "hole"}, "86": {"annotator": 2, "corrector": 10, "mt": "m08", "doc": "leap"}, "87": {"annotator": 13, "corrector": 10, "mt": "m02", "doc": "audit_r"}, "88": {"annotator": 2, "corrector": 11, "mt": "m10", "doc": "whistle"}, "89": {"annotator": 4, "corrector": 11, "mt": "m07", "doc": "lease"}, "90": {"annotator": 10, "corrector": 11, "mt": "m02", "doc": "leap"}, "91": {"annotator": "rm", "corrector": 11, "mt": "m11", "doc": "hole"}, "92": {"annotator": 0, "corrector": 11, "mt": "m08", "doc": "china"}, "93": {"annotator": 13, "corrector": 11, "mt": "m09", "doc": "audit_i"}, "94": {"annotator": 1, "corrector": 11, "mt": "ref", "doc": "audit_r"}, "95": {"annotator": 7, "corrector": 11, "mt": "m05", "doc": "turner"}, "96": {"annotator": 11, "corrector": 12, "mt": "m09", "doc": "leap"}, "97": {"annotator": "rr", "corrector": 12, "mt": "ref", "doc": "audit_i"}, "98": {"annotator": 8, "corrector": 12, "mt": "m11", "doc": "turner"}, "99": {"annotator": 9, "corrector": 12, "mt": "m04", "doc": "audit_r"}, "100": {"annotator": 3, "corrector": 12, "mt": "m06", "doc": "hole"}, "101": {"annotator": 1, "corrector": 12, "mt": "m03", "doc": "lease"}, "102": {"annotator": 2, "corrector": 12, "mt": "m01", "doc": "china"}, "103": {"annotator": 14, "corrector": 12, "mt": "m08", "doc": "whistle"}, "104": {"annotator": 7, "corrector": 13, "mt": "m10", "doc": "audit_i"}, "105": {"annotator": 10, "corrector": 13, "mt": "ref", "doc": "whistle"}, "106": {"annotator": 4, "corrector": 13, "mt": "m01", "doc": "leap"}, "107": {"annotator": 12, "corrector": 13, "mt": "google", "doc": "hole"}, "108": {"annotator": 1, "corrector": 13, "mt": "m08", "doc": "turner"}, "109": {"annotator": 8, "corrector": 13, "mt": "m06", "doc": "lease"}, "110": {"annotator": 11, "corrector": 13, "mt": "m05", "doc": "audit_r"}, "111": {"annotator": "rm", "corrector": 13, "mt": "m11", "doc": "china"}, "112": {"annotator": 5, "corrector": 14, "mt": "m05", "doc": "whistle"}, "113": {"annotator": 8, "corrector": 14, "mt": "m04", "doc": "audit_i"}, "114": {"annotator": 9, "corrector": 14, "mt": "m11", "doc": "leap"}, "115": {"annotator": 0, "corrector": 14, "mt": "m01", "doc": "hole"}, "116": {"annotator": "rr", "corrector": 14, "mt": "ref", "doc": "audit_r"}, "117": {"annotator": 14, "corrector": 14, "mt": "google", "doc": "china"}, "118": {"annotator": 6, "corrector": 14, "mt": "m10", "doc": "lease"}, "119": {"annotator": 9, "corrector": 14, "mt": "m02", "doc": "turner"}, "120": {"annotator": 9, "corrector": 15, "mt": "m06", "doc": "audit_i"}, "121": {"annotator": 12, "corrector": 15, "mt": "m09", "doc": "lease"}, "122": {"annotator": 2, "corrector": 15, "mt": "src", "doc": "audit_r"}, "123": {"annotator": 1, "corrector": 15, "mt": "m01", "doc": "whistle"}, "124": {"annotator": 5, "corrector": 15, "mt": "m04", "doc": "turner"}, "125": {"annotator": 13, "corrector": 15, "mt": "ref", "doc": "leap"}, "126": {"annotator": 7, "corrector": 15, "mt": "m11", "doc": "china"}, "127": {"annotator": 6, "corrector": 15, "mt": "m02", "doc": "hole"}, "128": {"annotator": 2, "corrector": 16, "mt": "m04", "doc": "hole"}, "129": {"annotator": "rr", "corrector": 16, "mt": "ref", "doc": "leap"}, "130": {"annotator": 5, "corrector": 16, "mt": "m06", "doc": "china"}, "131": {"annotator": 3, "corrector": 16, "mt": "m03", "doc": "audit_r"}, "132": {"annotator": 11, "corrector": 16, "mt": "m02", "doc": "lease"}, "133": {"annotator": 1, "corrector": 16, "mt": "src", "doc": "audit_i"}, "134": {"annotator": 0, "corrector": 16, "mt": "google", "doc": "turner"}, "135": {"annotator": 8, "corrector": 16, "mt": "m09", "doc": "whistle"}}