,0
count_cant,23
count_not,961
count_type,0
count_imply,0
count_same,0
count_rephrase,0
count_form,0
count_synonym,0
count_canbe,0
count_much,16
count_little,4
count_more,113
count_less,24
count_fore_synonym,0
count_then,1
count_so,10
count_must_be,0
count_has_to,0
count_is_are,1697
count_to,513
count_To,40
count_should,259
count_would,469
count_could,89
count_may,62
count_will,337
count_can,380
count_might,13
count_must,39
count_encourage,20
count_nt,16
count_was_were,65
count_raise,32
count_better,21
count_benefit,50
count_lack,20
count_nothing,9
count_positive,17
count_negative,1
count_have,237
count_has,202
count_reduce,30
count_increase,42
count_without,22
count_against,16
count_need,73
count_needed,8
count_good,22
count_bad,10
count_support,26
count_hurt_harm_damage,49
count_help,46
count_protect,29
count_cause,48
count_allow,60
count_everyone,37
count_deserve,12
