{"0": {"annotator": 0, "doc_name": "hole", "mt_name": "m01"}, "1": {"annotator": 1, "doc_name": "hole", "mt_name": "m10"}, "2": {"annotator": 2, "doc_name": "hole", "mt_name": "m04"}, "3": {"annotator": 3, "doc_name": "hole", "mt_name": "m06"}, "4": {"annotator": 4, "doc_name": "hole", "mt_name": "m05"}, "5": {"annotator": 5, "doc_name": "hole", "mt_name": "m11"}, "6": {"annotator": 6, "doc_name": "hole", "mt_name": "m02"}, "7": {"annotator": 7, "doc_name": "hole", "mt_name": "m09"}, "8": {"annotator": 8, "doc_name": "hole", "mt_name": "microsoft"}, "9": {"annotator": 9, "doc_name": "hole", "mt_name": "ref"}, "10": {"annotator": 10, "doc_name": "hole", "mt_name": "src"}, "11": {"annotator": 11, "doc_name": "hole", "mt_name": "m03"}, "12": {"annotator": 12, "doc_name": "hole", "mt_name": "google"}, "13": {"annotator": 13, "doc_name": "hole", "mt_name": "m08"}, "14": {"annotator": 14, "doc_name": "hole", "mt_name": "m07"}, "15": {"annotator": 1, "doc_name": "whistle", "mt_name": "m01"}, "16": {"annotator": 2, "doc_name": "whistle", "mt_name": "m10"}, "17": {"annotator": 3, "doc_name": "whistle", "mt_name": "m04"}, "18": {"annotator": 4, "doc_name": "whistle", "mt_name": "m06"}, "19": {"annotator": 5, "doc_name": "whistle", "mt_name": "m05"}, "20": {"annotator": 6, "doc_name": "whistle", "mt_name": "m11"}, "21": {"annotator": 7, "doc_name": "whistle", "mt_name": "m02"}, "22": {"annotator": 8, "doc_name": "whistle", "mt_name": "m09"}, "23": {"annotator": 9, "doc_name": "whistle", "mt_name": "microsoft"}, "24": {"annotator": 10, "doc_name": "whistle", "mt_name": "ref"}, "25": {"annotator": 11, "doc_name": "whistle", "mt_name": "src"}, "26": {"annotator": 12, "doc_name": "whistle", "mt_name": "m03"}, "27": {"annotator": 13, "doc_name": "whistle", "mt_name": "google"}, "28": {"annotator": 14, "doc_name": "whistle", "mt_name": "m08"}, "29": {"annotator": 0, "doc_name": "whistle", "mt_name": "m07"}, "30": {"annotator": 2, "doc_name": "china", "mt_name": "m01"}, "31": {"annotator": 3, "doc_name": "china", "mt_name": "m10"}, "32": {"annotator": 4, "doc_name": "china", "mt_name": "m04"}, "33": {"annotator": 5, "doc_name": "china", "mt_name": "m06"}, "34": {"annotator": 6, "doc_name": "china", "mt_name": "m05"}, "35": {"annotator": 7, "doc_name": "china", "mt_name": "m11"}, "36": {"annotator": 8, "doc_name": "china", "mt_name": "m02"}, "37": {"annotator": 9, "doc_name": "china", "mt_name": "m09"}, "38": {"annotator": 10, "doc_name": "china", "mt_name": "microsoft"}, "39": {"annotator": 11, "doc_name": "china", "mt_name": "ref"}, "40": {"annotator": 12, "doc_name": "china", "mt_name": "src"}, "41": {"annotator": 13, "doc_name": "china", "mt_name": "m03"}, "42": {"annotator": 14, "doc_name": "china", "mt_name": "google"}, "43": {"annotator": 0, "doc_name": "china", "mt_name": "m08"}, "44": {"annotator": 1, "doc_name": "china", "mt_name": "m07"}, "45": {"annotator": 3, "doc_name": "turner", "mt_name": "m01"}, "46": {"annotator": 4, "doc_name": "turner", "mt_name": "m10"}, "47": {"annotator": 5, "doc_name": "turner", "mt_name": "m04"}, "48": {"annotator": 6, "doc_name": "turner", "mt_name": "m06"}, "49": {"annotator": 7, "doc_name": "turner", "mt_name": "m05"}, "50": {"annotator": 8, "doc_name": "turner", "mt_name": "m11"}, "51": {"annotator": 9, "doc_name": "turner", "mt_name": "m02"}, "52": {"annotator": 10, "doc_name": "turner", "mt_name": "m09"}, "53": {"annotator": 11, "doc_name": "turner", "mt_name": "microsoft"}, "54": {"annotator": 12, "doc_name": "turner", "mt_name": "ref"}, "55": {"annotator": 13, "doc_name": "turner", "mt_name": "src"}, "56": {"annotator": 14, "doc_name": "turner", "mt_name": "m03"}, "57": {"annotator": 0, "doc_name": "turner", "mt_name": "google"}, "58": {"annotator": 1, "doc_name": "turner", "mt_name": "m08"}, "59": {"annotator": 2, "doc_name": "turner", "mt_name": "m07"}, "60": {"annotator": 4, "doc_name": "leap", "mt_name": "m01"}, "61": {"annotator": 5, "doc_name": "leap", "mt_name": "m10"}, "62": {"annotator": 6, "doc_name": "leap", "mt_name": "m04"}, "63": {"annotator": 7, "doc_name": "leap", "mt_name": "m06"}, "64": {"annotator": 8, "doc_name": "leap", "mt_name": "m05"}, "65": {"annotator": 9, "doc_name": "leap", "mt_name": "m11"}, "66": {"annotator": 10, "doc_name": "leap", "mt_name": "m02"}, "67": {"annotator": 11, "doc_name": "leap", "mt_name": "m09"}, "68": {"annotator": 12, "doc_name": "leap", "mt_name": "microsoft"}, "69": {"annotator": 13, "doc_name": "leap", "mt_name": "ref"}, "70": {"annotator": 14, "doc_name": "leap", "mt_name": "src"}, "71": {"annotator": 0, "doc_name": "leap", "mt_name": "m03"}, "72": {"annotator": 1, "doc_name": "leap", "mt_name": "google"}, "73": {"annotator": 2, "doc_name": "leap", "mt_name": "m08"}, "74": {"annotator": 3, "doc_name": "leap", "mt_name": "m07"}, "75": {"annotator": 5, "doc_name": "lease", "mt_name": "m01"}, "76": {"annotator": 6, "doc_name": "lease", "mt_name": "m10"}, "77": {"annotator": 7, "doc_name": "lease", "mt_name": "m04"}, "78": {"annotator": 8, "doc_name": "lease", "mt_name": "m06"}, "79": {"annotator": 9, "doc_name": "lease", "mt_name": "m05"}, "80": {"annotator": 10, "doc_name": "lease", "mt_name": "m11"}, "81": {"annotator": 11, "doc_name": "lease", "mt_name": "m02"}, "82": {"annotator": 12, "doc_name": "lease", "mt_name": "m09"}, "83": {"annotator": 13, "doc_name": "lease", "mt_name": "microsoft"}, "84": {"annotator": 14, "doc_name": "lease", "mt_name": "ref"}, "85": {"annotator": 0, "doc_name": "lease", "mt_name": "src"}, "86": {"annotator": 1, "doc_name": "lease", "mt_name": "m03"}, "87": {"annotator": 2, "doc_name": "lease", "mt_name": "google"}, "88": {"annotator": 3, "doc_name": "lease", "mt_name": "m08"}, "89": {"annotator": 4, "doc_name": "lease", "mt_name": "m07"}, "90": {"annotator": 6, "doc_name": "audit_i", "mt_name": "m01"}, "91": {"annotator": 7, "doc_name": "audit_i", "mt_name": "m10"}, "92": {"annotator": 8, "doc_name": "audit_i", "mt_name": "m04"}, "93": {"annotator": 9, "doc_name": "audit_i", "mt_name": "m06"}, "94": {"annotator": 10, "doc_name": "audit_i", "mt_name": "m05"}, "95": {"annotator": 11, "doc_name": "audit_i", "mt_name": "m11"}, "96": {"annotator": 12, "doc_name": "audit_i", "mt_name": "m02"}, "97": {"annotator": 13, "doc_name": "audit_i", "mt_name": "m09"}, "98": {"annotator": 14, "doc_name": "audit_i", "mt_name": "microsoft"}, "99": {"annotator": 0, "doc_name": "audit_i", "mt_name": "ref"}, "100": {"annotator": 1, "doc_name": "audit_i", "mt_name": "src"}, "101": {"annotator": 2, "doc_name": "audit_i", "mt_name": "m03"}, "102": {"annotator": 3, "doc_name": "audit_i", "mt_name": "google"}, "103": {"annotator": 4, "doc_name": "audit_i", "mt_name": "m08"}, "104": {"annotator": 5, "doc_name": "audit_i", "mt_name": "m07"}, "105": {"annotator": 7, "doc_name": "audit_r", "mt_name": "m01"}, "106": {"annotator": 8, "doc_name": "audit_r", "mt_name": "m10"}, "107": {"annotator": 9, "doc_name": "audit_r", "mt_name": "m04"}, "108": {"annotator": 10, "doc_name": "audit_r", "mt_name": "m06"}, "109": {"annotator": 11, "doc_name": "audit_r", "mt_name": "m05"}, "110": {"annotator": 12, "doc_name": "audit_r", "mt_name": "m11"}, "111": {"annotator": 13, "doc_name": "audit_r", "mt_name": "m02"}, "112": {"annotator": 14, "doc_name": "audit_r", "mt_name": "m09"}, "113": {"annotator": 0, "doc_name": "audit_r", "mt_name": "microsoft"}, "114": {"annotator": 1, "doc_name": "audit_r", "mt_name": "ref"}, "115": {"annotator": 2, "doc_name": "audit_r", "mt_name": "src"}, "116": {"annotator": 3, "doc_name": "audit_r", "mt_name": "m03"}, "117": {"annotator": 4, "doc_name": "audit_r", "mt_name": "google"}, "118": {"annotator": 5, "doc_name": "audit_r", "mt_name": "m08"}, "119": {"annotator": 6, "doc_name": "audit_r", "mt_name": "m07"}}