doc-id,token
5a0c56265670498621b7cd2f71e53902,"EMS arrived at the home a short time later , but were >>>unable to save<<< him ."
ba36803d6afda32f9eaf33e7cbd70858,Officers and MFD attempted life - saving measures but were >>>unable to revive<<< the victim .
e158e69a50b790c6023c9592ac204800,""" EMS arrived on scene , attempted life saving measures , but were >>>unable to resusitate<<< her . """
e9f889ea233cf99591ffe2211e261aca,Officers and MFD attempted life - saving measures but were >>>unable to revive<<< the victim .
f29ca88374473dbf2e3cc1a36210078a,Lily 's father says doctors tell him she 's >>>brain dead<<< and bitterly described their medical options .
