doc-id,token
11a3e78be47ec77d135345a13e951468,Deputies said the boy grabbed a .38 caliber revolver from the cabinet and pulled >>>the<<< trigger .
25f5f30be9489f9c98a13f3d2e850a48,">>>THIS<<< IS TYPICALLY THE KIND OF CASE THEY WOULD INVESTIGATE. THEY SAY IT 'S A GOOD REMINDER TO PARENTS , ALWAYS LOCK"
790c31e69e87d98d4f12e850c5dadfa3,"She planned >>>this<<< out . """
b4ce20bac7217209a07c56209c44173f,"For all emergency personnel , with the sheriff 's department , Sunman Police was on science , Sunman EMS , Dearborn County Coroner 's office , Indiana State Police , anybody involved in something like >>>this<<< , it 's about as bad as it gets , "" said Deputy Brian Jansen of the Dearborn Co."
cd1ef59378ca444e31caaeda85aef8d4,"He did not deserve >>>this<<< . """
