doc-id,token
11a3e78be47ec77d135345a13e951468,"The bullet went >>>into<<< the boy 's forehead just below the hairline , traveled under the skin on the crown of his head and then exited without piercing his skull ."
293f7cee0a46b0d342df6747794e340b,"Joseph Shuemaker , 24 , is shot and killed >>>on<<< the west levee of the San Lorenzo River by an associate during an argument ."
6bb6fc4a33e8039736c0c6ceea18c934,"The bullet went >>>into<<< the boy 's forehead just below the hairline , traveled under the skin on the crown of his head and then exited without piercing his skull ."
de80e78feda3e0b8780fd01c9244d7f4,""" He did n't deserve >>>that<<< , "" said a student ."
f29ca88374473dbf2e3cc1a36210078a,"She didn't deserve that , she didn't deserve >>>that<<< , "" said McGee ."
