doc-id,token
07c507c0a7a8c5abeb0305e74ecec3f8,"Justin Burns , of Palisade , died Sept. 13 of a >>>gunshot<<< wound to his chest at Big Creek Reservoir Mesa County prosecutors Friday filed felony charges against a man who authorities say fatally shot a 14-year - old boy this month while hunting on national forest land in western Colorado ."
331238ab1cea6df30dc32cda622d3acf,"They found the >>>injured<<< girl , who had been shot in the back inside a friend 's home ."
80a7284b5cc6de240f1a55de99628391,Man turns himself in following >>>fatal<<< shooting in Beverly
b8bd65e6b28c12bcf19cd1542dfd44c6,"The teen was transported to the San Antonio Military Medical Center from the scene in very >>>critical<<< condition , said police ."
e1f1adf88d62e717668e95ef6812bf33,"According to police , he was pronounced >>>dead<<< ."
