doc-id,token
059ad6e444f832093563efa30c6e82b6,"An autopsy Monday did not rule on Devon 's cause or manner of >>>death<<< , with final results pending further investigation , according to the Cook County medical examiner 's office ."
385b34075ce3dd62cf4f535b724f3056,"Other departments involved in the >>>incident<<< are Washington County EMS , Brown and Jefferson Township Fire Departments ."
4e0fe55187262f0c2a0c313b63d31bee,The first Officer on arrival on the scene found one male victim with a single gunshot >>>wound<<< to his chest .
882bee6639aa65b68f74d9c823083299,"Details confirmed 4 victims , 1 >>>fatality<<< , 3 wounded ."
ee195afd2dd19210881ca100b8a506e1,The >>>incident<<< is under investigation by the Michigan State Police .
