doc-id,token
07636323c62c80082b221fb2da3b9a05,UPDATE : Suspect in >>>Fatal<<< Shooting of 14-Year - Old Turns Himself
1ddb2825d2518ee2df29ddae2a66c2e9,17-Year - Old Man Charged With Negligent >>>Homicide<<<
2cc9b0377fbf945c7974c61e329b1599,UNDER HIS >>>BODY.<<< CLASS
89b916c6f2481fc374e55b151394c78c,"16-Year - Old Girl , Man >>>Shot<<< to Death in Car in Miami Gardens"
9fd23584f2fbf09714acd59014eaf6a9,">>>Manslaughter<<< , a Class C felony punishable by a prison term of three to 10 years , is applicable when a person recklessly or negligently causes the death of another , according to Arkansas Code 5 - 10 - 104 ."
