doc-id,token
2234f0e17887d5296178b85cb1012bea,First responders took three men with gunshot >>>wounds<<< from the parking lot to ProMedica Toledo Hospital .
74f716a8d52ea0426c3979401a383dac,"The >>>bodies<<< of three people found shot to death last week inside a car in Collier County have been identified as a man and his two daughters , Collier County Sheriff 's Office spokeswoman Michelle Batten said ."
89cd74707f3695461502759237df180d,"The boy , Devon Quinn , was in his dad 's car in the 6100 block of South Kimbark Avenue at 6:15 p.m. Sunday when >>>shots<<< rang out , according to Officer Michelle Tannehill , a Chicago Police spokeswoman ."
ba36803d6afda32f9eaf33e7cbd70858,One person died and another sustained a serious gunshot wound as a result of the >>>shootings<<< .
d1f844f36f140bb5da494dbe47b127fd,"Around 8:30 p.m. Tuesday , Little Rock Police officers received a call from UAMS saying they were treating a two - year - old for gunshot >>>wounds<<< ."
