doc-id,token
5d047f14c15d8a27e27526e7f8695483,Both women were listed in >>>critical condition<<< .
78250909785d59195ea8e014389e8eec,"Officers responded to the scene , the Spring Haven Village Apartments in the 9200 block of South Hosmer Street in Tacoma , at around 8:30 p.m. after receiving reports of >>>shots fired<<< in the vicinity ."
8b9a4c355f2fa01f8362d613871b55e3,A man and two children are dead in Wisconsin Rapids after an apparent double >>>murder - suicide<<< .
a11a696e95ec883a2bdda0a9861ebb09,Child in >>>critical condition<<< after parents ' murder - suicide
d811dcfd1fb745fcd74479902f61ce31,Girl in >>>stable condition<<< after accidentally being shot at gun range
