doc-id,token
059ad6e444f832093563efa30c6e82b6,7-year - old Englewood boy >>>fatally<<< shoots himself : police
12a5cf76f14a6703d773b6ed160620f5,"A man was >>>fatally<<< shot early Sunday morning after the passenger in the car he was driving accidentally discharged the gun , according to the San Antonio Police Department ."
38915cfc9c043f00dfb85cf2446e5a7a,$ 250K bond for teen charged with fatal Bridgeport shooting A 17-year - old boy has been charged with >>>fatally<<< shooting a 16-year - old boy Friday morning in the South Side Bridgeport neighborhood .
9fd23584f2fbf09714acd59014eaf6a9,"Little Rock boy , 6 , >>>fatally<<< shot ; aunt charged with manslaughter"
f31dd0affef6590e8f29cc194664a399,Buy Photo An 18-year - old is being held by Detroit Police after allegedly >>>fatally<<< shooting his 16-year - old brother .
