doc-id,token
18c9c2ab4f33be988e704f7b482b5ed9,Police responded around 11 p.m. Thursday to a call of >>>shots fired<<< at the Los Angeles Marriott Burbank Airport at 2500 N. Hollywood Way .
30a91b897e071a1916f5108a8f7c1698,The Sheriff 's Office has not released any information about the vehicle from which the >>>shot was fired<<< .
72cae750af330201fc0465cb6a19da7a,"pic.twitter.com/32uNurEW5u — Kaitlyn Pratt Fox 5 ( @Fox5Kaitlyn ) October 4 , 2016 Monday night , officers responded to a >>>shots fired<<< called at a house on Montego Circle ."
7da17d4e07ebecf5e7da0098ff454398,""" One >>>shot was fired<<< , and it went through the vehicle and hit the child , "" said Lt ."
b0289dddc630b8d63f7f317e3a88888e,"As they ran , >>>shots were fired<<< , hitting the victim ."
