doc-id,token
63e454389553671dde285f2be333879c,""" [ The child ] probably barely got the trigger pulled , but it was enough to fire the gun and >>>kill<<< him , "" the sheriff said ."
95569e1202906a0daf698e1d859cacd9,"Santa Cruz County sheriff 's deputies >>>shoot<<< and kill Luke Smith , 15 , after two others were stabbed at a house on the 800 block of Amesti Road outside Watsonville ."
acef7e016c45850a12f618c9dcd2bd34,"He said the suspect fired at him multiple times but only managed to >>>hit<<< his wallet inside his right pocket , according to authorities ."
c22d0dfcbf660d12fa8dc457a082887d,""" I killed Chris and now I 'm going to >>>kill<<< myself , "" the defendant said , according to Sedelmaier ."
fcb0c203ad84c3ccc2ffee197750ad82,"All was fun and games until suspect Melton approached one of the victims asking , "" Are we gonna fight or >>>shoot<<< it out ? """
