doc-id,token
03785297635b443ce41eb2d3b6a5870e,"Justin Burns , 14 , of Palisade , >>>died<<< in the "" hunting incident "" at Big Creek Reservoir on the Grand Mesa , according to the Mesa County Coroner 's Office ."
74f716a8d52ea0426c3979401a383dac,"The woman was identified Thursday as Neina Flores , 47 , who >>>died<<< just days before her birthday ."
80a7284b5cc6de240f1a55de99628391,He was taken to Beverly Hospital where he >>>died<<< .
c229ce94825fb0d786f448454aaacc73,The dad was carrying the rifle and it >>>discharged<<< while they were trying to load the boat .
f123522b3d905fc67cb6f0cc5ba40a64,The woman >>>died<<< at the scene .
