doc-id,token
2500ae9282f44f560e3716e4ba117385,"As Dabill was handling his Taurus .40 caliber handgun , it discharged , >>>hitting<<< Schriefer in the chest , "" the press release stated ."
385b34075ce3dd62cf4f535b724f3056,ACCIDENTAL >>>SHOOTING<<< The Washington ... - Washington County Indiana Sheriffs Department
8593406845648ee4facc8ba4532255da,"17-year - old hunter charged in death of Glen Flora man Posted : Monday , May 4 , 2015 5:29 PM EDT Rusk County ( WQOW ) - A hunter who shot and killed a Rusk County man while >>>shooting<<< a coyote is now charged with reckless homicide ."
8aaf0296fc3a08a43aa6ecc1eedecc59,A Browns Mills teenager has been charged with >>>shooting<<< his former high school wrestling teammate dead .
f4dd2ebc0ef2818ff81e983efe973661,"INDIANAPOLIS , Ind.– Four people are >>>recovering<<< from gunshot wounds after a shooter sprayed bullets into a large crowd on College Avenue early Friday morning ."
