doc-id,token
16d910bec017be537ce3d2ab1042fb12,"Friends of the victim said he was looking for a lost cell phone right before he was >>>shot<<< by Zweck , who they said is the victim 's uncle ."
7da17d4e07ebecf5e7da0098ff454398,There she noticed Acen was >>>hurt<<< and called 911 .
b365a8e3325f3b6c11277afceb0ede32,SAN ANTONIO - A Northwest Side family said they are hoping to find out why a 14-year - old girl was >>>killed<<< at a party .
c7903fc30c417b3fc97b403619a81fa0,"Yuma High School student shot , >>>killed<<< in off - campus accident"
eee9e97c613d588579bc55f8fc9ad399,"So far this year , a toddler has >>>shot<<< himself in the hand and a 15-year - old was killed last weekend by an older brother ."
