doc-id,token
13cfb256b828219e85ff3b48d8efb16b,""" He told me the other day that , ' ' I am numb , I do n't care what I do , if I kill somebody , I >>>kill<<< somebody ' , """
810c1a1ffe404eb28d6bc39dd4f387c6,I do know that I >>>grieve<<< for my family .
8e1b9f90ecbb9f7ec9489c0935594123,Counseling is available for our students as we all >>>grieve<<< this tragedy .
a9063d1c576ba6cced5a0b0211ba94be,Two Benbrook teens >>>die<<< early Thursday
de80e78feda3e0b8780fd01c9244d7f4,"They >>>die<<< fast , "" said Deandra Bradley ."
