doc-id,token
12a5cf76f14a6703d773b6ed160620f5,"Photo : Pro 21 Video Man playing with gun while riding in a car fatally shoots , >>>kills<<< driver 1 / 6"
586335b77ec3b8515619fb86f5198876,Father charged after 2-year - old Toledo girl >>>dies<<< from gunshot wound
be7dcfcc71880be1e3e8c5be239b3ea4,"Boy accidentally shoots , >>>kills<<< brother in Perris"
c13244c36b5100379053e10aa9fa3257,"After teen accidentally >>>shoots<<< himself with rifle , family has me - | WBTV Charlotte"
c8d02ec56d873583e4fb7d9970f8d2dc,"Salt Lake man >>>shoots<<< 8-year - old boy , then himself in murder - suicide , police say"
