doc-id,token
6168b892e98d4d671bc7cce4ce9ca903,DETROIT - Detroit police say a 16-year - old boy was shot and killed overnight on Detroit 's east side and his own brother >>>pulled the trigger<<< .
790c31e69e87d98d4f12e850c5dadfa3,""" He would rather you >>>take his life<<< than mess with that baby , "" Fred Poore Jr. said ."
810c1a1ffe404eb28d6bc39dd4f387c6,"I grieve for the young man who >>>pulled the trigger<<< , "" he said ."
d05260c62663cb43d70acca05517725d,"Bettancourt told deputies that about 45 minutes earlier he had been walking north on South Seventh Street when "" an unknown number of subjects in a small black passenger car traveling east on Colorado Avenue >>>fired at least one shot<<< from an unknown type of firearm at him , striking him in the leg , "" according to the police report ."
e0ff4a5f6b04c10aee0b89f1780455a4,"Deputies have not ruled out a >>>murder - suicide<<< , but are keeping all possibilities open as they continue to gather evidence , officials said ."
